{"(0, 1, 2, 3, 4)": 0.7310833333333333, "(0, 1, 2, 4, 3)": 0.7618333333333333, "(0, 1, 3, 2, 4)": 0.7327083333333334, "(0, 1, 3, 4, 2)": 0.6918333333333333, "(0, 1, 4, 2, 3)": 0.7600416666666666, "(0, 1, 4, 3, 2)": 0.687125, "(0, 2, 1, 3, 4)": 0.7125416666666666, "(0, 2, 1, 4, 3)": 0.7385833333333335, "(0, 2, 3, 1, 4)": 0.7166250000000001, "(0, 2, 3, 4, 1)": 0.7779583333333333, "(0, 2, 4, 1, 3)": 0.6910416666666667, "(0, 2, 4, 3, 1)": 0.7590416666666666, "(0, 3, 1, 2, 4)": 0.72375, "(0, 3, 1, 4, 2)": 0.6840833333333333, "(0, 3, 2, 1, 4)": 0.7277916666666666, "(0, 3, 2, 4, 1)": 0.7378333333333335, "(0, 3, 4, 1, 2)": 0.6981666666666667, "(0, 3, 4, 2, 1)": 0.7774166666666665, "(0, 4, 1, 2, 3)": 0.7604166666666666, "(0, 4, 1, 3, 2)": 0.6995, "(0, 4, 2, 1, 3)": 0.771875, "(0, 4, 2, 3, 1)": 0.7708333333333334, "(0, 4, 3, 1, 2)": 0.7182083333333334, "(0, 4, 3, 2, 1)": 0.7825000000000001, "(1, 0, 2, 3, 4)": 0.7254166666666665, "(1, 0, 2, 4, 3)": 0.7449166666666667, "(1, 0, 3, 2, 4)": 0.7263333333333334, "(1, 0, 3, 4, 2)": 0.6717916666666666, "(1, 0, 4, 2, 3)": 0.7483749999999999, "(1, 0, 4, 3, 2)": 0.6872083333333334, "(1, 2, 0, 3, 4)": 0.7257916666666667, "(1, 2, 0, 4, 3)": 0.75825, "(1, 2, 3, 0, 4)": 0.7030416666666667, "(1, 2, 3, 4, 0)": 0.7027916666666666, "(1, 2, 4, 0, 3)": 0.750375, "(1, 2, 4, 3, 0)": 0.703, "(1, 3, 0, 2, 4)": 0.726375, "(1, 3, 0, 4, 2)": 0.6665, "(1, 3, 2, 0, 4)": 0.7016249999999999, "(1, 3, 2, 4, 0)": 0.6983333333333333, "(1, 3, 4, 0, 2)": 0.6807500000000001, "(1, 3, 4, 2, 0)": 0.7275833333333331, "(1, 4, 0, 2, 3)": 0.7314166666666667, "(1, 4, 0, 3, 2)": 0.660125, "(1, 4, 2, 0, 3)": 0.7339583333333333, "(1, 4, 2, 3, 0)": 0.6959583333333333, "(1, 4, 3, 0, 2)": 0.6633333333333334, "(1, 4, 3, 2, 0)": 0.6900000000000001, "(2, 0, 1, 3, 4)": 0.7309166666666668, "(2, 0, 1, 4, 3)": 0.7083749999999999, "(2, 0, 3, 1, 4)": 0.7163333333333334, "(2, 0, 3, 4, 1)": 0.7467916666666667, "(2, 0, 4, 1, 3)": 0.7379583333333333, "(2, 0, 4, 3, 1)": 0.7474166666666666, "(2, 1, 0, 3, 4)": 0.7134166666666667, "(2, 1, 0, 4, 3)": 0.7456666666666667, "(2, 1, 3, 0, 4)": 0.6997916666666667, "(2, 1, 3, 4, 0)": 0.7296666666666667, "(2, 1, 4, 0, 3)": 0.771875, "(2, 1, 4, 3, 0)": 0.7105416666666665, "(2, 3, 0, 1, 4)": 0.7079166666666666, "(2, 3, 0, 4, 1)": 0.7629999999999999, "(2, 3, 1, 0, 4)": 0.7159166666666668, "(2, 3, 1, 4, 0)": 0.7115, "(2, 3, 4, 0, 1)": 0.7722083333333334, "(2, 3, 4, 1, 0)": 0.73875, "(2, 4, 0, 1, 3)": 0.7613333333333333, "(2, 4, 0, 3, 1)": 0.7797499999999999, "(2, 4, 1, 0, 3)": 0.7548749999999999, "(2, 4, 1, 3, 0)": 0.71875, "(2, 4, 3, 0, 1)": 0.7801666666666667, "(2, 4, 3, 1, 0)": 0.679875, "(3, 0, 1, 2, 4)": 0.7587083333333333, "(3, 0, 1, 4, 2)": 0.6809583333333333, "(3, 0, 2, 1, 4)": 0.7207916666666666, "(3, 0, 2, 4, 1)": 0.7567499999999999, "(3, 0, 4, 1, 2)": 0.6914583333333333, "(3, 0, 4, 2, 1)": 0.764875, "(3, 1, 0, 2, 4)": 0.7057500000000001, "(3, 1, 0, 4, 2)": 0.6922916666666666, "(3, 1, 2, 0, 4)": 0.7236666666666668, "(3, 1, 2, 4, 0)": 0.7003333333333334, "(3, 1, 4, 0, 2)": 0.6479583333333333, "(3, 1, 4, 2, 0)": 0.6873333333333332, "(3, 2, 0, 1, 4)": 0.7370000000000001, "(3, 2, 0, 4, 1)": 0.7579166666666666, "(3, 2, 1, 0, 4)": 0.7288333333333333, "(3, 2, 1, 4, 0)": 0.69875, "(3, 2, 4, 0, 1)": 0.7698333333333333, "(3, 2, 4, 1, 0)": 0.7050416666666667, "(3, 4, 0, 1, 2)": 0.68, "(3, 4, 0, 2, 1)": 0.7402916666666667, "(3, 4, 1, 0, 2)": 0.6672916666666667, "(3, 4, 1, 2, 0)": 0.6680000000000001, "(3, 4, 2, 0, 1)": 0.7797916666666667, "(3, 4, 2, 1, 0)": 0.6953333333333332, "(4, 0, 1, 2, 3)": 0.7188333333333334, "(4, 0, 1, 3, 2)": 0.6022083333333333, "(4, 0, 2, 1, 3)": 0.7545833333333333, "(4, 0, 2, 3, 1)": 0.7739166666666666, "(4, 0, 3, 1, 2)": 0.674, "(4, 0, 3, 2, 1)": 0.7877916666666666, "(4, 1, 0, 2, 3)": 0.7123333333333334, "(4, 1, 0, 3, 2)": 0.6710416666666666, "(4, 1, 2, 0, 3)": 0.7294166666666667, "(4, 1, 2, 3, 0)": 0.7010416666666667, "(4, 1, 3, 0, 2)": 0.6871666666666666, "(4, 1, 3, 2, 0)": 0.6684999999999999, "(4, 2, 0, 1, 3)": 0.7515416666666667, "(4, 2, 0, 3, 1)": 0.7667083333333334, "(4, 2, 1, 0, 3)": 0.74675, "(4, 2, 1, 3, 0)": 0.7096666666666667, "(4, 2, 3, 0, 1)": 0.7579166666666667, "(4, 2, 3, 1, 0)": 0.6854166666666668, "(4, 3, 0, 1, 2)": 0.664, "(4, 3, 0, 2, 1)": 0.7525833333333333, "(4, 3, 1, 0, 2)": 0.6672916666666667, "(4, 3, 1, 2, 0)": 0.681, "(4, 3, 2, 0, 1)": 0.7445416666666667, "(4, 3, 2, 1, 0)": 0.6811666666666666}