{"(0, 1, 2, 3, 4)": 0.3065666666666667, "(0, 1, 2, 4, 3)": 0.3151, "(0, 1, 3, 2, 4)": 0.30573333333333336, "(0, 1, 3, 4, 2)": 0.2812, "(0, 1, 4, 2, 3)": 0.34906666666666664, "(0, 1, 4, 3, 2)": 0.33303333333333335, "(0, 2, 1, 3, 4)": 0.29973333333333335, "(0, 2, 1, 4, 3)": 0.31170000000000003, "(0, 2, 3, 1, 4)": 0.3128, "(0, 2, 3, 4, 1)": 0.2958, "(0, 2, 4, 1, 3)": 0.32033333333333336, "(0, 2, 4, 3, 1)": 0.3172333333333333, "(0, 3, 1, 2, 4)": 0.31243333333333334, "(0, 3, 1, 4, 2)": 0.32580000000000003, "(0, 3, 2, 1, 4)": 0.3012666666666666, "(0, 3, 2, 4, 1)": 0.29833333333333334, "(0, 3, 4, 1, 2)": 0.3279, "(0, 3, 4, 2, 1)": 0.3139, "(0, 4, 1, 2, 3)": 0.3209666666666667, "(0, 4, 1, 3, 2)": 0.31506666666666666, "(0, 4, 2, 1, 3)": 0.3152333333333333, "(0, 4, 2, 3, 1)": 0.2934333333333334, "(0, 4, 3, 1, 2)": 0.32630000000000003, "(0, 4, 3, 2, 1)": 0.29596666666666666, "(1, 0, 2, 3, 4)": 0.28073333333333333, "(1, 0, 2, 4, 3)": 0.31493333333333334, "(1, 0, 3, 2, 4)": 0.2934333333333334, "(1, 0, 3, 4, 2)": 0.29363333333333336, "(1, 0, 4, 2, 3)": 0.3233, "(1, 0, 4, 3, 2)": 0.3147, "(1, 2, 0, 3, 4)": 0.27653333333333335, "(1, 2, 0, 4, 3)": 0.30873333333333336, "(1, 2, 3, 0, 4)": 0.2705666666666667, "(1, 2, 3, 4, 0)": 0.27663333333333334, "(1, 2, 4, 0, 3)": 0.2853666666666667, "(1, 2, 4, 3, 0)": 0.2798, "(1, 3, 0, 2, 4)": 0.2893333333333333, "(1, 3, 0, 4, 2)": 0.2869333333333333, "(1, 3, 2, 0, 4)": 0.28850000000000003, "(1, 3, 2, 4, 0)": 0.30043333333333333, "(1, 3, 4, 0, 2)": 0.2855666666666667, "(1, 3, 4, 2, 0)": 0.2878, "(1, 4, 0, 2, 3)": 0.3090333333333333, "(1, 4, 0, 3, 2)": 0.31253333333333333, "(1, 4, 2, 0, 3)": 0.29783333333333334, "(1, 4, 2, 3, 0)": 0.28576666666666667, "(1, 4, 3, 0, 2)": 0.3072, "(1, 4, 3, 2, 0)": 0.2939333333333333, "(2, 0, 1, 3, 4)": 0.29410000000000003, "(2, 0, 1, 4, 3)": 0.3067, "(2, 0, 3, 1, 4)": 0.30083333333333334, "(2, 0, 3, 4, 1)": 0.2958, "(2, 0, 4, 1, 3)": 0.30929999999999996, "(2, 0, 4, 3, 1)": 0.27453333333333335, "(2, 1, 0, 3, 4)": 0.28553333333333336, "(2, 1, 0, 4, 3)": 0.29309999999999997, "(2, 1, 3, 0, 4)": 0.2784333333333333, "(2, 1, 3, 4, 0)": 0.29473333333333335, "(2, 1, 4, 0, 3)": 0.2928, "(2, 1, 4, 3, 0)": 0.2672333333333334, "(2, 3, 0, 1, 4)": 0.289, "(2, 3, 0, 4, 1)": 0.28753333333333336, "(2, 3, 1, 0, 4)": 0.2838, "(2, 3, 1, 4, 0)": 0.3001, "(2, 3, 4, 0, 1)": 0.2835, "(2, 3, 4, 1, 0)": 0.28073333333333333, "(2, 4, 0, 1, 3)": 0.3024333333333334, "(2, 4, 0, 3, 1)": 0.27246666666666663, "(2, 4, 1, 0, 3)": 0.32153333333333334, "(2, 4, 1, 3, 0)": 0.2931333333333333, "(2, 4, 3, 0, 1)": 0.2940666666666667, "(2, 4, 3, 1, 0)": 0.2919, "(3, 0, 1, 2, 4)": 0.2961333333333333, "(3, 0, 1, 4, 2)": 0.30329999999999996, "(3, 0, 2, 1, 4)": 0.3148666666666667, "(3, 0, 2, 4, 1)": 0.2949, "(3, 0, 4, 1, 2)": 0.31073333333333336, "(3, 0, 4, 2, 1)": 0.31539999999999996, "(3, 1, 0, 2, 4)": 0.31006666666666666, "(3, 1, 0, 4, 2)": 0.2960333333333333, "(3, 1, 2, 0, 4)": 0.288, "(3, 1, 2, 4, 0)": 0.28773333333333334, "(3, 1, 4, 0, 2)": 0.29333333333333333, "(3, 1, 4, 2, 0)": 0.31453333333333333, "(3, 2, 0, 1, 4)": 0.28696666666666665, "(3, 2, 0, 4, 1)": 0.27973333333333333, "(3, 2, 1, 0, 4)": 0.30623333333333336, "(3, 2, 1, 4, 0)": 0.2974666666666667, "(3, 2, 4, 0, 1)": 0.2576, "(3, 2, 4, 1, 0)": 0.28886666666666666, "(3, 4, 0, 1, 2)": 0.3253, "(3, 4, 0, 2, 1)": 0.3182, "(3, 4, 1, 0, 2)": 0.29813333333333336, "(3, 4, 1, 2, 0)": 0.3072, "(3, 4, 2, 0, 1)": 0.30749999999999994, "(3, 4, 2, 1, 0)": 0.29303333333333337, "(4, 0, 1, 2, 3)": 0.311, "(4, 0, 1, 3, 2)": 0.3169666666666667, "(4, 0, 2, 1, 3)": 0.3121333333333333, "(4, 0, 2, 3, 1)": 0.30433333333333334, "(4, 0, 3, 1, 2)": 0.31749999999999995, "(4, 0, 3, 2, 1)": 0.2856666666666667, "(4, 1, 0, 2, 3)": 0.32816666666666666, "(4, 1, 0, 3, 2)": 0.3039, "(4, 1, 2, 0, 3)": 0.31573333333333337, "(4, 1, 2, 3, 0)": 0.29246666666666665, "(4, 1, 3, 0, 2)": 0.3050333333333333, "(4, 1, 3, 2, 0)": 0.2723, "(4, 2, 0, 1, 3)": 0.31843333333333335, "(4, 2, 0, 3, 1)": 0.31633333333333336, "(4, 2, 1, 0, 3)": 0.32066666666666666, "(4, 2, 1, 3, 0)": 0.28576666666666667, "(4, 2, 3, 0, 1)": 0.28653333333333336, "(4, 2, 3, 1, 0)": 0.28540000000000004, "(4, 3, 0, 1, 2)": 0.32326666666666665, "(4, 3, 0, 2, 1)": 0.32839999999999997, "(4, 3, 1, 0, 2)": 0.3117666666666667, "(4, 3, 1, 2, 0)": 0.2929, "(4, 3, 2, 0, 1)": 0.3123, "(4, 3, 2, 1, 0)": 0.28476666666666667}