{"(0, 1, 2, 3, 4)": 0.8315, "(0, 1, 2, 4, 3)": 0.8242500000000001, "(0, 1, 3, 2, 4)": 0.8300416666666667, "(0, 1, 3, 4, 2)": 0.8447083333333333, "(0, 1, 4, 2, 3)": 0.8260416666666667, "(0, 1, 4, 3, 2)": 0.8462500000000001, "(0, 2, 1, 3, 4)": 0.8335833333333333, "(0, 2, 1, 4, 3)": 0.8209166666666667, "(0, 2, 3, 1, 4)": 0.8247916666666667, "(0, 2, 3, 4, 1)": 0.8568749999999999, "(0, 2, 4, 1, 3)": 0.8228333333333334, "(0, 2, 4, 3, 1)": 0.863375, "(0, 3, 1, 2, 4)": 0.8266249999999999, "(0, 3, 1, 4, 2)": 0.8470833333333333, "(0, 3, 2, 1, 4)": 0.8236250000000002, "(0, 3, 2, 4, 1)": 0.8558333333333333, "(0, 3, 4, 1, 2)": 0.8417500000000001, "(0, 3, 4, 2, 1)": 0.8530416666666666, "(0, 4, 1, 2, 3)": 0.8274583333333334, "(0, 4, 1, 3, 2)": 0.8458749999999999, "(0, 4, 2, 1, 3)": 0.8272916666666666, "(0, 4, 2, 3, 1)": 0.8555416666666668, "(0, 4, 3, 1, 2)": 0.84875, "(0, 4, 3, 2, 1)": 0.863125, "(1, 0, 2, 3, 4)": 0.8238333333333333, "(1, 0, 2, 4, 3)": 0.81475, "(1, 0, 3, 2, 4)": 0.8239166666666667, "(1, 0, 3, 4, 2)": 0.8449583333333334, "(1, 0, 4, 2, 3)": 0.8192499999999999, "(1, 0, 4, 3, 2)": 0.8424583333333334, "(1, 2, 0, 3, 4)": 0.8204166666666667, "(1, 2, 0, 4, 3)": 0.8198333333333334, "(1, 2, 3, 0, 4)": 0.8261249999999999, "(1, 2, 3, 4, 0)": 0.8235416666666667, "(1, 2, 4, 0, 3)": 0.8172083333333333, "(1, 2, 4, 3, 0)": 0.8135, "(1, 3, 0, 2, 4)": 0.8315416666666667, "(1, 3, 0, 4, 2)": 0.8444583333333333, "(1, 3, 2, 0, 4)": 0.8265416666666666, "(1, 3, 2, 4, 0)": 0.8172916666666666, "(1, 3, 4, 0, 2)": 0.8415833333333333, "(1, 3, 4, 2, 0)": 0.8191666666666667, "(1, 4, 0, 2, 3)": 0.8134583333333333, "(1, 4, 0, 3, 2)": 0.8325416666666666, "(1, 4, 2, 0, 3)": 0.8142083333333333, "(1, 4, 2, 3, 0)": 0.8224166666666667, "(1, 4, 3, 0, 2)": 0.8452916666666667, "(1, 4, 3, 2, 0)": 0.8277083333333334, "(2, 0, 1, 3, 4)": 0.82825, "(2, 0, 1, 4, 3)": 0.8248333333333333, "(2, 0, 3, 1, 4)": 0.8282916666666665, "(2, 0, 3, 4, 1)": 0.858375, "(2, 0, 4, 1, 3)": 0.8215, "(2, 0, 4, 3, 1)": 0.8565416666666668, "(2, 1, 0, 3, 4)": 0.8252083333333333, "(2, 1, 0, 4, 3)": 0.8239166666666667, "(2, 1, 3, 0, 4)": 0.8252083333333333, "(2, 1, 3, 4, 0)": 0.8224999999999999, "(2, 1, 4, 0, 3)": 0.8229583333333332, "(2, 1, 4, 3, 0)": 0.824, "(2, 3, 0, 1, 4)": 0.8262916666666666, "(2, 3, 0, 4, 1)": 0.851875, "(2, 3, 1, 0, 4)": 0.820625, "(2, 3, 1, 4, 0)": 0.8156666666666667, "(2, 3, 4, 0, 1)": 0.8555833333333333, "(2, 3, 4, 1, 0)": 0.8234166666666667, "(2, 4, 0, 1, 3)": 0.8198333333333333, "(2, 4, 0, 3, 1)": 0.8539583333333333, "(2, 4, 1, 0, 3)": 0.8202916666666668, "(2, 4, 1, 3, 0)": 0.8212083333333333, "(2, 4, 3, 0, 1)": 0.8492083333333333, "(2, 4, 3, 1, 0)": 0.820625, "(3, 0, 1, 2, 4)": 0.8272916666666666, "(3, 0, 1, 4, 2)": 0.8450416666666666, "(3, 0, 2, 1, 4)": 0.8317083333333333, "(3, 0, 2, 4, 1)": 0.8554166666666667, "(3, 0, 4, 1, 2)": 0.8470833333333333, "(3, 0, 4, 2, 1)": 0.861125, "(3, 1, 0, 2, 4)": 0.82925, "(3, 1, 0, 4, 2)": 0.8533333333333332, "(3, 1, 2, 0, 4)": 0.8294166666666666, "(3, 1, 2, 4, 0)": 0.8246666666666668, "(3, 1, 4, 0, 2)": 0.8392500000000002, "(3, 1, 4, 2, 0)": 0.8239166666666667, "(3, 2, 0, 1, 4)": 0.831125, "(3, 2, 0, 4, 1)": 0.8588749999999999, "(3, 2, 1, 0, 4)": 0.8304583333333332, "(3, 2, 1, 4, 0)": 0.8245833333333333, "(3, 2, 4, 0, 1)": 0.851375, "(3, 2, 4, 1, 0)": 0.8234166666666667, "(3, 4, 0, 1, 2)": 0.846375, "(3, 4, 0, 2, 1)": 0.8584583333333334, "(3, 4, 1, 0, 2)": 0.8447916666666666, "(3, 4, 1, 2, 0)": 0.8240416666666666, "(3, 4, 2, 0, 1)": 0.8533333333333335, "(3, 4, 2, 1, 0)": 0.8214583333333335, "(4, 0, 1, 2, 3)": 0.8288333333333333, "(4, 0, 1, 3, 2)": 0.8491666666666667, "(4, 0, 2, 1, 3)": 0.8169999999999998, "(4, 0, 2, 3, 1)": 0.8565833333333334, "(4, 0, 3, 1, 2)": 0.8413749999999999, "(4, 0, 3, 2, 1)": 0.8556666666666666, "(4, 1, 0, 2, 3)": 0.8171666666666667, "(4, 1, 0, 3, 2)": 0.8434166666666666, "(4, 1, 2, 0, 3)": 0.8137083333333334, "(4, 1, 2, 3, 0)": 0.8210000000000001, "(4, 1, 3, 0, 2)": 0.8453750000000001, "(4, 1, 3, 2, 0)": 0.8265833333333333, "(4, 2, 0, 1, 3)": 0.8242083333333333, "(4, 2, 0, 3, 1)": 0.8577083333333334, "(4, 2, 1, 0, 3)": 0.8176666666666668, "(4, 2, 1, 3, 0)": 0.8257083333333334, "(4, 2, 3, 0, 1)": 0.8567083333333333, "(4, 2, 3, 1, 0)": 0.8302916666666667, "(4, 3, 0, 1, 2)": 0.8490416666666668, "(4, 3, 0, 2, 1)": 0.862, "(4, 3, 1, 0, 2)": 0.8441666666666666, "(4, 3, 1, 2, 0)": 0.829875, "(4, 3, 2, 0, 1)": 0.8630833333333333, "(4, 3, 2, 1, 0)": 0.8299166666666666}