{"(0, 1, 2, 3, 4)": 0.006216856565464201, "(0, 1, 2, 4, 3)": 0.004247548312458222, "(0, 1, 3, 2, 4)": 0.003052207761968692, "(0, 1, 3, 4, 2)": 0.003900231474612149, "(0, 1, 4, 2, 3)": 0.004900396809329724, "(0, 1, 4, 3, 2)": 0.009143151656962837, "(0, 2, 1, 3, 4)": 0.002980841603753265, "(0, 2, 1, 4, 3)": 0.002903541898364081, "(0, 2, 3, 1, 4)": 0.012802316413663431, "(0, 2, 3, 4, 1)": 0.004588633299312116, "(0, 2, 4, 1, 3)": 0.0043592972165501865, "(0, 2, 4, 3, 1)": 0.0025522321385189175, "(0, 3, 1, 2, 4)": 0.002590715259451659, "(0, 3, 1, 4, 2)": 0.005673708859487165, "(0, 3, 2, 1, 4)": 0.004809928966904438, "(0, 3, 2, 4, 1)": 0.006250833277785204, "(0, 3, 4, 1, 2)": 0.0023325891670463966, "(0, 3, 4, 2, 1)": 0.0034540636293438074, "(0, 4, 1, 2, 3)": 0.005564333343317558, "(0, 4, 1, 3, 2)": 0.0033265556093687084, "(0, 4, 2, 1, 3)": 0.0017360555546666746, "(0, 4, 2, 3, 1)": 0.0010358169078880735, "(0, 4, 3, 1, 2)": 0.005745771391979408, "(0, 4, 3, 2, 1)": 0.003831521310857494, "(1, 0, 2, 3, 4)": 0.00719977816016262, "(1, 0, 2, 4, 3)": 0.005287892354762503, "(1, 0, 3, 2, 4)": 0.004082908141127954, "(1, 0, 3, 4, 2)": 0.0024839764267981456, "(1, 0, 4, 2, 3)": 0.003831521310857546, "(1, 0, 4, 3, 2)": 0.00380560624459343, "(1, 2, 0, 3, 4)": 0.0039532862560434584, "(1, 2, 0, 4, 3)": 0.0014801933056943421, "(1, 2, 3, 0, 4)": 0.004065009908420393, "(1, 2, 3, 4, 0)": 0.0012596847048192915, "(1, 2, 4, 0, 3)": 0.005056280473057477, "(1, 2, 4, 3, 0)": 0.0029971050847257433, "(1, 3, 0, 2, 4)": 0.006024544703866782, "(1, 3, 0, 4, 2)": 0.002920830361386963, "(1, 3, 2, 0, 4)": 0.0012032940898494577, "(1, 3, 2, 4, 0)": 0.0012416387021459646, "(1, 3, 4, 0, 2)": 0.008426973886804775, "(1, 3, 4, 2, 0)": 0.0057936147802750936, "(1, 4, 0, 2, 3)": 0.0050010415581823444, "(1, 4, 0, 3, 2)": 0.008957267378441294, "(1, 4, 2, 0, 3)": 0.0029160713678204673, "(1, 4, 2, 3, 0)": 0.001230401921686119, "(1, 4, 3, 0, 2)": 0.0059383405837732765, "(1, 4, 3, 2, 0)": 0.0024501984046648552, "(2, 0, 1, 3, 4)": 0.006892780039045689, "(2, 0, 1, 4, 3)": 0.005712133771387192, "(2, 0, 3, 1, 4)": 0.0030482235263619875, "(2, 0, 3, 4, 1)": 0.0002700308624336825, "(2, 0, 4, 1, 3)": 0.0035973562823581745, "(2, 0, 4, 3, 1)": 0.0021961139921840354, "(2, 1, 0, 3, 4)": 0.004031559527307305, "(2, 1, 0, 4, 3)": 0.0011960583412005817, "(2, 1, 3, 0, 4)": 0.005623919649339061, "(2, 1, 3, 4, 0)": 0.0017390530628924117, "(2, 1, 4, 0, 3)": 0.0021384379033926957, "(2, 1, 4, 3, 0)": 0.0004602233757161086, "(2, 3, 0, 1, 4)": 0.005158259288644657, "(2, 3, 0, 4, 1)": 0.004958508400270706, "(2, 3, 1, 0, 4)": 0.006384388511570019, "(2, 3, 1, 4, 0)": 0.004220897087376383, "(2, 3, 4, 0, 1)": 0.004250408477102192, "(2, 3, 4, 1, 0)": 0.00367470709339156, "(2, 4, 0, 1, 3)": 0.0021024126352571612, "(2, 4, 0, 3, 1)": 0.0013501543121683098, "(2, 4, 1, 0, 3)": 0.001571225636247038, "(2, 4, 1, 3, 0)": 0.002917261844035696, "(2, 4, 3, 0, 1)": 0.0035886588333557613, "(2, 4, 3, 1, 0)": 0.0012923385349392386, "(3, 0, 1, 2, 4)": 0.0006123724356958178, "(3, 0, 1, 4, 2)": 0.0028945590721597553, "(3, 0, 2, 1, 4)": 0.00262466929133724, "(3, 0, 2, 4, 1)": 0.003318717958623264, "(3, 0, 4, 1, 2)": 0.0075270346086622935, "(3, 0, 4, 2, 1)": 0.0037836453615821683, "(3, 1, 0, 2, 4)": 0.0030069364254447684, "(3, 1, 0, 4, 2)": 0.0021416828793161292, "(3, 1, 2, 0, 4)": 0.002604083331999901, "(3, 1, 2, 4, 0)": 0.00424427719274896, "(3, 1, 4, 0, 2)": 0.004359297216550171, "(3, 1, 4, 2, 0)": 0.005768388471276431, "(3, 2, 0, 1, 4)": 0.003643392039783134, "(3, 2, 0, 4, 1)": 0.004109186861979748, "(3, 2, 1, 0, 4)": 0.003497518961905551, "(3, 2, 1, 4, 0)": 0.0011740835669671438, "(3, 2, 4, 0, 1)": 0.0015953491432563673, "(3, 2, 4, 1, 0)": 0.001890216037035621, "(3, 4, 0, 1, 2)": 0.00491172067609713, "(3, 4, 0, 2, 1)": 0.006718289712915552, "(3, 4, 1, 0, 2)": 0.008218373723959397, "(3, 4, 1, 2, 0)": 0.0014872140247978614, "(3, 4, 2, 0, 1)": 0.0033296855040011787, "(3, 4, 2, 1, 0)": 0.0037416573867739447, "(4, 0, 1, 2, 3)": 0.002632594833155256, "(4, 0, 1, 3, 2)": 0.005307554887976992, "(4, 0, 2, 1, 3)": 0.0011226827987756809, "(4, 0, 2, 3, 1)": 0.0019293061504650297, "(4, 0, 3, 1, 2)": 0.00138944433337774, "(4, 0, 3, 2, 1)": 0.011877119693857748, "(4, 1, 0, 2, 3)": 0.005456583689045314, "(4, 1, 0, 3, 2)": 0.001177037240985477, "(4, 1, 2, 0, 3)": 0.0036204473327047146, "(4, 1, 2, 3, 0)": 0.001284252917285176, "(4, 1, 3, 0, 2)": 0.0031857974756025523, "(4, 1, 3, 2, 0)": 0.006694991909380216, "(4, 2, 0, 1, 3)": 0.0029808416037533135, "(4, 2, 0, 3, 1)": 0.004199454329632196, "(4, 2, 1, 0, 3)": 0.003841928769077704, "(4, 2, 1, 3, 0)": 0.003048223526361936, "(4, 2, 3, 0, 1)": 0.0033762857633137956, "(4, 2, 3, 1, 0)": 0.004958508400270799, "(4, 3, 0, 1, 2)": 0.002248456260538687, "(4, 3, 0, 2, 1)": 0.005655319521378862, "(4, 3, 1, 0, 2)": 0.0033834770084435924, "(4, 3, 1, 2, 0)": 0.007175140339316671, "(4, 3, 2, 0, 1)": 0.0027563059014235522, "(4, 3, 2, 1, 0)": 0.003666193151243173}