{"(0, 1, 2, 3, 4)": 0.30856666666666666, "(0, 1, 2, 4, 3)": 0.27763333333333334, "(0, 1, 3, 2, 4)": 0.3146333333333333, "(0, 1, 3, 4, 2)": 0.3385, "(0, 1, 4, 2, 3)": 0.28883333333333333, "(0, 1, 4, 3, 2)": 0.32703333333333334, "(0, 2, 1, 3, 4)": 0.2906666666666667, "(0, 2, 1, 4, 3)": 0.2630666666666666, "(0, 2, 3, 1, 4)": 0.2785666666666667, "(0, 2, 3, 4, 1)": 0.25079999999999997, "(0, 2, 4, 1, 3)": 0.2612666666666666, "(0, 2, 4, 3, 1)": 0.25656666666666667, "(0, 3, 1, 2, 4)": 0.30783333333333335, "(0, 3, 1, 4, 2)": 0.32749999999999996, "(0, 3, 2, 1, 4)": 0.2868, "(0, 3, 2, 4, 1)": 0.2637, "(0, 3, 4, 1, 2)": 0.33116666666666666, "(0, 3, 4, 2, 1)": 0.2665333333333333, "(0, 4, 1, 2, 3)": 0.2798333333333333, "(0, 4, 1, 3, 2)": 0.32443333333333335, "(0, 4, 2, 1, 3)": 0.2782, "(0, 4, 2, 3, 1)": 0.2608, "(0, 4, 3, 1, 2)": 0.32499999999999996, "(0, 4, 3, 2, 1)": 0.2767, "(1, 0, 2, 3, 4)": 0.31323333333333336, "(1, 0, 2, 4, 3)": 0.28486666666666666, "(1, 0, 3, 2, 4)": 0.31626666666666664, "(1, 0, 3, 4, 2)": 0.3328, "(1, 0, 4, 2, 3)": 0.28140000000000004, "(1, 0, 4, 3, 2)": 0.33373333333333327, "(1, 2, 0, 3, 4)": 0.2953, "(1, 2, 0, 4, 3)": 0.26953333333333335, "(1, 2, 3, 0, 4)": 0.3133333333333333, "(1, 2, 3, 4, 0)": 0.3107, "(1, 2, 4, 0, 3)": 0.2726, "(1, 2, 4, 3, 0)": 0.31583333333333335, "(1, 3, 0, 2, 4)": 0.31950000000000006, "(1, 3, 0, 4, 2)": 0.33099999999999996, "(1, 3, 2, 0, 4)": 0.32316666666666666, "(1, 3, 2, 4, 0)": 0.3249, "(1, 3, 4, 0, 2)": 0.3248666666666667, "(1, 3, 4, 2, 0)": 0.31096666666666667, "(1, 4, 0, 2, 3)": 0.27366666666666667, "(1, 4, 0, 3, 2)": 0.3261, "(1, 4, 2, 0, 3)": 0.2705666666666667, "(1, 4, 2, 3, 0)": 0.3075666666666666, "(1, 4, 3, 0, 2)": 0.33709999999999996, "(1, 4, 3, 2, 0)": 0.31216666666666665, "(2, 0, 1, 3, 4)": 0.29186666666666666, "(2, 0, 1, 4, 3)": 0.26766666666666666, "(2, 0, 3, 1, 4)": 0.2804333333333333, "(2, 0, 3, 4, 1)": 0.2588, "(2, 0, 4, 1, 3)": 0.2707333333333333, "(2, 0, 4, 3, 1)": 0.2531333333333333, "(2, 1, 0, 3, 4)": 0.29223333333333334, "(2, 1, 0, 4, 3)": 0.26896666666666663, "(2, 1, 3, 0, 4)": 0.3172333333333333, "(2, 1, 3, 4, 0)": 0.3121333333333334, "(2, 1, 4, 0, 3)": 0.2786333333333333, "(2, 1, 4, 3, 0)": 0.3162, "(2, 3, 0, 1, 4)": 0.289, "(2, 3, 0, 4, 1)": 0.25843333333333335, "(2, 3, 1, 0, 4)": 0.30056666666666665, "(2, 3, 1, 4, 0)": 0.3224666666666667, "(2, 3, 4, 0, 1)": 0.2662333333333333, "(2, 3, 4, 1, 0)": 0.31196666666666667, "(2, 4, 0, 1, 3)": 0.26716666666666666, "(2, 4, 0, 3, 1)": 0.2591666666666666, "(2, 4, 1, 0, 3)": 0.27899999999999997, "(2, 4, 1, 3, 0)": 0.31853333333333333, "(2, 4, 3, 0, 1)": 0.2666, "(2, 4, 3, 1, 0)": 0.30243333333333333, "(3, 0, 1, 2, 4)": 0.3136333333333333, "(3, 0, 1, 4, 2)": 0.33276666666666666, "(3, 0, 2, 1, 4)": 0.30123333333333335, "(3, 0, 2, 4, 1)": 0.2548333333333333, "(3, 0, 4, 1, 2)": 0.3364666666666667, "(3, 0, 4, 2, 1)": 0.25803333333333334, "(3, 1, 0, 2, 4)": 0.3316666666666666, "(3, 1, 0, 4, 2)": 0.3386, "(3, 1, 2, 0, 4)": 0.31379999999999997, "(3, 1, 2, 4, 0)": 0.3201333333333333, "(3, 1, 4, 0, 2)": 0.3187, "(3, 1, 4, 2, 0)": 0.31639999999999996, "(3, 2, 0, 1, 4)": 0.29763333333333336, "(3, 2, 0, 4, 1)": 0.25586666666666663, "(3, 2, 1, 0, 4)": 0.31083333333333335, "(3, 2, 1, 4, 0)": 0.32193333333333335, "(3, 2, 4, 0, 1)": 0.25806666666666667, "(3, 2, 4, 1, 0)": 0.31746666666666673, "(3, 4, 0, 1, 2)": 0.32216666666666666, "(3, 4, 0, 2, 1)": 0.2697333333333333, "(3, 4, 1, 0, 2)": 0.32559999999999995, "(3, 4, 1, 2, 0)": 0.3154, "(3, 4, 2, 0, 1)": 0.2639, "(3, 4, 2, 1, 0)": 0.2991, "(4, 0, 1, 2, 3)": 0.29073333333333334, "(4, 0, 1, 3, 2)": 0.3189666666666667, "(4, 0, 2, 1, 3)": 0.27036666666666664, "(4, 0, 2, 3, 1)": 0.2549333333333333, "(4, 0, 3, 1, 2)": 0.3280666666666667, "(4, 0, 3, 2, 1)": 0.2734666666666667, "(4, 1, 0, 2, 3)": 0.2771666666666666, "(4, 1, 0, 3, 2)": 0.32663333333333333, "(4, 1, 2, 0, 3)": 0.2781, "(4, 1, 2, 3, 0)": 0.3101333333333333, "(4, 1, 3, 0, 2)": 0.3257666666666667, "(4, 1, 3, 2, 0)": 0.31420000000000003, "(4, 2, 0, 1, 3)": 0.2645, "(4, 2, 0, 3, 1)": 0.2630666666666666, "(4, 2, 1, 0, 3)": 0.27686666666666665, "(4, 2, 1, 3, 0)": 0.3172333333333333, "(4, 2, 3, 0, 1)": 0.26476666666666665, "(4, 2, 3, 1, 0)": 0.30683333333333335, "(4, 3, 0, 1, 2)": 0.3086333333333333, "(4, 3, 0, 2, 1)": 0.26099999999999995, "(4, 3, 1, 0, 2)": 0.3201333333333333, "(4, 3, 1, 2, 0)": 0.31803333333333333, "(4, 3, 2, 0, 1)": 0.25899999999999995, "(4, 3, 2, 1, 0)": 0.3113333333333333}