{"(0, 1, 2, 3, 4)": 0.8617499999999999, "(0, 1, 2, 4, 3)": 0.8562916666666668, "(0, 1, 3, 2, 4)": 0.8607916666666667, "(0, 1, 3, 4, 2)": 0.8741666666666666, "(0, 1, 4, 2, 3)": 0.8484583333333333, "(0, 1, 4, 3, 2)": 0.8730000000000001, "(0, 2, 1, 3, 4)": 0.859125, "(0, 2, 1, 4, 3)": 0.8489999999999999, "(0, 2, 3, 1, 4)": 0.8624583333333332, "(0, 2, 3, 4, 1)": 0.8569166666666668, "(0, 2, 4, 1, 3)": 0.8467083333333333, "(0, 2, 4, 3, 1)": 0.8598333333333333, "(0, 3, 1, 2, 4)": 0.8574583333333333, "(0, 3, 1, 4, 2)": 0.8702083333333333, "(0, 3, 2, 1, 4)": 0.8665833333333334, "(0, 3, 2, 4, 1)": 0.85525, "(0, 3, 4, 1, 2)": 0.8799583333333333, "(0, 3, 4, 2, 1)": 0.8616250000000001, "(0, 4, 1, 2, 3)": 0.8573333333333334, "(0, 4, 1, 3, 2)": 0.8739166666666667, "(0, 4, 2, 1, 3)": 0.8582916666666668, "(0, 4, 2, 3, 1)": 0.8566666666666666, "(0, 4, 3, 1, 2)": 0.8806666666666666, "(0, 4, 3, 2, 1)": 0.8644583333333333, "(1, 0, 2, 3, 4)": 0.8692083333333334, "(1, 0, 2, 4, 3)": 0.8527916666666667, "(1, 0, 3, 2, 4)": 0.8700416666666667, "(1, 0, 3, 4, 2)": 0.874875, "(1, 0, 4, 2, 3)": 0.8587916666666665, "(1, 0, 4, 3, 2)": 0.87575, "(1, 2, 0, 3, 4)": 0.8637499999999999, "(1, 2, 0, 4, 3)": 0.8567083333333333, "(1, 2, 3, 0, 4)": 0.8697499999999999, "(1, 2, 3, 4, 0)": 0.891625, "(1, 2, 4, 0, 3)": 0.8550833333333333, "(1, 2, 4, 3, 0)": 0.8871666666666665, "(1, 3, 0, 2, 4)": 0.8652916666666667, "(1, 3, 0, 4, 2)": 0.8788333333333332, "(1, 3, 2, 0, 4)": 0.8719166666666666, "(1, 3, 2, 4, 0)": 0.8900416666666667, "(1, 3, 4, 0, 2)": 0.8730416666666668, "(1, 3, 4, 2, 0)": 0.8920416666666666, "(1, 4, 0, 2, 3)": 0.8539166666666667, "(1, 4, 0, 3, 2)": 0.8800416666666667, "(1, 4, 2, 0, 3)": 0.8595, "(1, 4, 2, 3, 0)": 0.8920416666666666, "(1, 4, 3, 0, 2)": 0.8781249999999999, "(1, 4, 3, 2, 0)": 0.8882500000000001, "(2, 0, 1, 3, 4)": 0.8632916666666667, "(2, 0, 1, 4, 3)": 0.8568333333333333, "(2, 0, 3, 1, 4)": 0.8617499999999999, "(2, 0, 3, 4, 1)": 0.8584999999999999, "(2, 0, 4, 1, 3)": 0.8544583333333334, "(2, 0, 4, 3, 1)": 0.8630416666666667, "(2, 1, 0, 3, 4)": 0.863625, "(2, 1, 0, 4, 3)": 0.8515833333333332, "(2, 1, 3, 0, 4)": 0.86625, "(2, 1, 3, 4, 0)": 0.8862083333333333, "(2, 1, 4, 0, 3)": 0.8566666666666666, "(2, 1, 4, 3, 0)": 0.8817916666666666, "(2, 3, 0, 1, 4)": 0.8661666666666666, "(2, 3, 0, 4, 1)": 0.858, "(2, 3, 1, 0, 4)": 0.8672083333333335, "(2, 3, 1, 4, 0)": 0.8858333333333334, "(2, 3, 4, 0, 1)": 0.8621666666666666, "(2, 3, 4, 1, 0)": 0.8883749999999999, "(2, 4, 0, 1, 3)": 0.8501666666666666, "(2, 4, 0, 3, 1)": 0.8635833333333333, "(2, 4, 1, 0, 3)": 0.8559583333333333, "(2, 4, 1, 3, 0)": 0.889875, "(2, 4, 3, 0, 1)": 0.862625, "(2, 4, 3, 1, 0)": 0.8899166666666667, "(3, 0, 1, 2, 4)": 0.8655833333333334, "(3, 0, 1, 4, 2)": 0.8720416666666667, "(3, 0, 2, 1, 4)": 0.8605833333333334, "(3, 0, 2, 4, 1)": 0.8616666666666667, "(3, 0, 4, 1, 2)": 0.87475, "(3, 0, 4, 2, 1)": 0.8658333333333333, "(3, 1, 0, 2, 4)": 0.8656250000000001, "(3, 1, 0, 4, 2)": 0.8780833333333332, "(3, 1, 2, 0, 4)": 0.8695833333333333, "(3, 1, 2, 4, 0)": 0.8886666666666668, "(3, 1, 4, 0, 2)": 0.8801666666666667, "(3, 1, 4, 2, 0)": 0.8909166666666667, "(3, 2, 0, 1, 4)": 0.871375, "(3, 2, 0, 4, 1)": 0.8645, "(3, 2, 1, 0, 4)": 0.8656666666666667, "(3, 2, 1, 4, 0)": 0.887375, "(3, 2, 4, 0, 1)": 0.864375, "(3, 2, 4, 1, 0)": 0.8908333333333333, "(3, 4, 0, 1, 2)": 0.878, "(3, 4, 0, 2, 1)": 0.8669583333333334, "(3, 4, 1, 0, 2)": 0.8755000000000001, "(3, 4, 1, 2, 0)": 0.8910833333333333, "(3, 4, 2, 0, 1)": 0.8599583333333333, "(3, 4, 2, 1, 0)": 0.8938333333333334, "(4, 0, 1, 2, 3)": 0.8595, "(4, 0, 1, 3, 2)": 0.8777083333333332, "(4, 0, 2, 1, 3)": 0.8626250000000001, "(4, 0, 2, 3, 1)": 0.8574166666666666, "(4, 0, 3, 1, 2)": 0.8765833333333334, "(4, 0, 3, 2, 1)": 0.8659166666666667, "(4, 1, 0, 2, 3)": 0.8553333333333333, "(4, 1, 0, 3, 2)": 0.875125, "(4, 1, 2, 0, 3)": 0.8548333333333332, "(4, 1, 2, 3, 0)": 0.8842500000000001, "(4, 1, 3, 0, 2)": 0.8787083333333334, "(4, 1, 3, 2, 0)": 0.887125, "(4, 2, 0, 1, 3)": 0.8570833333333333, "(4, 2, 0, 3, 1)": 0.8637500000000001, "(4, 2, 1, 0, 3)": 0.8597083333333333, "(4, 2, 1, 3, 0)": 0.89075, "(4, 2, 3, 0, 1)": 0.8689583333333334, "(4, 2, 3, 1, 0)": 0.8882083333333334, "(4, 3, 0, 1, 2)": 0.874, "(4, 3, 0, 2, 1)": 0.8622916666666667, "(4, 3, 1, 0, 2)": 0.8800416666666667, "(4, 3, 1, 2, 0)": 0.888, "(4, 3, 2, 0, 1)": 0.8600833333333332, "(4, 3, 2, 1, 0)": 0.8862083333333333}