{"(0, 1, 2, 3, 4)": 0.022507483323453883, "(0, 1, 2, 4, 3)": 0.016679057893724734, "(0, 1, 3, 2, 4)": 0.015297172033491072, "(0, 1, 3, 4, 2)": 0.006462498656780459, "(0, 1, 4, 2, 3)": 0.027899621662110245, "(0, 1, 4, 3, 2)": 0.014800056306199232, "(0, 2, 1, 3, 4)": 0.018430142128830394, "(0, 2, 1, 4, 3)": 0.0317779295353797, "(0, 2, 3, 1, 4)": 0.023522816937320026, "(0, 2, 3, 4, 1)": 0.009072815010911577, "(0, 2, 4, 1, 3)": 0.09455362969706076, "(0, 2, 4, 3, 1)": 0.011673212449402722, "(0, 3, 1, 2, 4)": 0.022831128239021937, "(0, 3, 1, 4, 2)": 0.032507424365656665, "(0, 3, 2, 1, 4)": 0.014755060337238715, "(0, 3, 2, 4, 1)": 0.0019157606554287714, "(0, 3, 4, 1, 2)": 0.005004511853206931, "(0, 3, 4, 2, 1)": 0.007026981729179472, "(0, 4, 1, 2, 3)": 0.014482868231887727, "(0, 4, 1, 3, 2)": 0.03650613532910137, "(0, 4, 2, 1, 3)": 0.008352270150484009, "(0, 4, 2, 3, 1)": 0.008884287003218383, "(0, 4, 3, 1, 2)": 0.013809844515980406, "(0, 4, 3, 2, 1)": 0.006984357522349485, "(1, 0, 2, 3, 4)": 0.012781958857007123, "(1, 0, 2, 4, 3)": 0.012198161291313077, "(1, 0, 3, 2, 4)": 0.035238079150575446, "(1, 0, 3, 4, 2)": 0.018859218936342206, "(1, 0, 4, 2, 3)": 0.014834854790885782, "(1, 0, 4, 3, 2)": 0.010631288988431997, "(1, 2, 0, 3, 4)": 0.007395334490219019, "(1, 2, 0, 4, 3)": 0.018373724445522707, "(1, 2, 3, 0, 4)": 0.01858436095813419, "(1, 2, 3, 4, 0)": 0.013837725206437999, "(1, 2, 4, 0, 3)": 0.01720949350407116, "(1, 2, 4, 3, 0)": 0.011427762248139411, "(1, 3, 0, 2, 4)": 0.02001483824566167, "(1, 3, 0, 4, 2)": 0.031929773200990164, "(1, 3, 2, 0, 4)": 0.03018191373433217, "(1, 3, 2, 4, 0)": 0.018366730943626126, "(1, 3, 4, 0, 2)": 0.02255202319083591, "(1, 3, 4, 2, 0)": 0.00987121938882036, "(1, 4, 0, 2, 3)": 0.02056400914759135, "(1, 4, 0, 3, 2)": 0.028652552242339598, "(1, 4, 2, 0, 3)": 0.026200416133251678, "(1, 4, 2, 3, 0)": 0.013722067587972562, "(1, 4, 3, 0, 2)": 0.01347541485652874, "(1, 4, 3, 2, 0)": 0.011230538722608032, "(2, 0, 1, 3, 4)": 0.006213504557726548, "(2, 0, 1, 4, 3)": 0.017004594967243467, "(2, 0, 3, 1, 4)": 0.013814746549329848, "(2, 0, 3, 4, 1)": 0.01359930043135392, "(2, 0, 4, 1, 3)": 0.00853322753840668, "(2, 0, 4, 3, 1)": 0.02293658225533081, "(2, 1, 0, 3, 4)": 0.028246005125602328, "(2, 1, 0, 4, 3)": 0.024769002245189874, "(2, 1, 3, 0, 4)": 0.014014253656743709, "(2, 1, 3, 4, 0)": 0.010104832452291743, "(2, 1, 4, 0, 3)": 0.023240813597347837, "(2, 1, 4, 3, 0)": 0.01939967067303521, "(2, 3, 0, 1, 4)": 0.01950810016947375, "(2, 3, 0, 4, 1)": 0.009521357571271016, "(2, 3, 1, 0, 4)": 0.033780130583261854, "(2, 3, 1, 4, 0)": 0.03988472974293127, "(2, 3, 4, 0, 1)": 0.012583195363482015, "(2, 3, 4, 1, 0)": 0.008080325901018289, "(2, 4, 0, 1, 3)": 0.015602595047690725, "(2, 4, 0, 3, 1)": 0.02031419864692342, "(2, 4, 1, 0, 3)": 0.023930454794396778, "(2, 4, 1, 3, 0)": 0.012852934165655182, "(2, 4, 3, 0, 1)": 0.009570099558288596, "(2, 4, 3, 1, 0)": 0.041833499335659996, "(3, 0, 1, 2, 4)": 0.017729839881460333, "(3, 0, 1, 4, 2)": 0.01951103676270319, "(3, 0, 2, 1, 4)": 0.008428827847861687, "(3, 0, 2, 4, 1)": 0.0153961575292885, "(3, 0, 4, 1, 2)": 0.012659948876498461, "(3, 0, 4, 2, 1)": 0.020172950123040205, "(3, 1, 0, 2, 4)": 0.02845445922873951, "(3, 1, 0, 4, 2)": 0.006391998035738835, "(3, 1, 2, 0, 4)": 0.0047217728544359855, "(3, 1, 2, 4, 0)": 0.022251482472460622, "(3, 1, 4, 0, 2)": 0.04567483959711544, "(3, 1, 4, 2, 0)": 0.012305712314025349, "(3, 2, 0, 1, 4)": 0.018576138367988777, "(3, 2, 0, 4, 1)": 0.029644127674053, "(3, 2, 1, 0, 4)": 0.015235762935351239, "(3, 2, 1, 4, 0)": 0.008141969458716168, "(3, 2, 4, 0, 1)": 0.005982903884309767, "(3, 2, 4, 1, 0)": 0.02656151141951236, "(3, 4, 0, 1, 2)": 0.023217943850967177, "(3, 4, 0, 2, 1)": 0.02522427182078584, "(3, 4, 1, 0, 2)": 0.015829275795886028, "(3, 4, 1, 2, 0)": 0.0271563758627693, "(3, 4, 2, 0, 1)": 0.026771084629170733, "(3, 4, 2, 1, 0)": 0.0051582592886446265, "(4, 0, 1, 2, 3)": 0.03600120561252852, "(4, 0, 1, 3, 2)": 0.10716854586221757, "(4, 0, 2, 1, 3)": 0.011612822175891973, "(4, 0, 2, 3, 1)": 0.016511464872088794, "(4, 0, 3, 1, 2)": 0.0053160527336235585, "(4, 0, 3, 2, 1)": 0.01613882912591726, "(4, 1, 0, 2, 3)": 0.004960608721607544, "(4, 1, 0, 3, 2)": 0.01982326425076241, "(4, 1, 2, 0, 3)": 0.01770397005068514, "(4, 1, 2, 3, 0)": 0.02730791501052807, "(4, 1, 3, 0, 2)": 0.00722721515446225, "(4, 1, 3, 2, 0)": 0.007758731640330575, "(4, 2, 0, 1, 3)": 0.017795813334102552, "(4, 2, 0, 3, 1)": 0.016679994670929104, "(4, 2, 1, 0, 3)": 0.014319276052463935, "(4, 2, 1, 3, 0)": 0.023840034023092815, "(4, 2, 3, 0, 1)": 0.010916984728190948, "(4, 2, 3, 1, 0)": 0.003929500250950821, "(4, 3, 0, 1, 2)": 0.01564548656961491, "(4, 3, 0, 2, 1)": 0.02008065334815805, "(4, 3, 1, 0, 2)": 0.013634489559772901, "(4, 3, 1, 2, 0)": 0.013702569710337814, "(4, 3, 2, 0, 1)": 0.011354759158853, "(4, 3, 2, 1, 0)": 0.01610005607305628}