{"(0, 1, 2, 3, 4)": [0.926, 0.7726666666666667, 0.12266666666666666, 0.04, 0.318], "(0, 1, 2, 4, 3)": [0.922, 0.7713333333333333, 0.11733333333333333, 0.3173333333333333, 0.12466666666666666], "(0, 1, 3, 2, 4)": [0.9273333333333333, 0.7846666666666667, 0.12466666666666666, 0.08466666666666667, 0.29000000000000004], "(0, 1, 3, 4, 2)": [0.9373333333333335, 0.7766666666666667, 0.118, 0.2866666666666667, 0.21666666666666667], "(0, 1, 4, 2, 3)": [0.9293333333333335, 0.7833333333333333, 0.11933333333333333, 0.3153333333333333, 0.14933333333333332], "(0, 1, 4, 3, 2)": [0.9359999999999999, 0.7766666666666667, 0.12533333333333332, 0.2806666666666667, 0.28800000000000003], "(0, 2, 1, 3, 4)": [0.914, 0.7693333333333333, 0.11666666666666665, 0.024000000000000004, 0.322], "(0, 2, 1, 4, 3)": [0.9226666666666667, 0.7533333333333333, 0.1386666666666667, 0.3473333333333333, 0.10666666666666667], "(0, 2, 3, 1, 4)": [0.914, 0.774, 0.104, 0.07533333333333334, 0.32066666666666666], "(0, 2, 3, 4, 1)": [0.9086666666666666, 0.7833333333333333, 0.11066666666666665, 0.2373333333333333, 0.248], "(0, 2, 4, 1, 3)": [0.922, 0.758, 0.136, 0.314, 0.164], "(0, 2, 4, 3, 1)": [0.91, 0.7766666666666667, 0.11199999999999999, 0.248, 0.24533333333333332], "(0, 3, 1, 2, 4)": [0.924, 0.7833333333333333, 0.11266666666666668, 0.06666666666666667, 0.30666666666666664], "(0, 3, 1, 4, 2)": [0.9306666666666668, 0.7760000000000001, 0.1366666666666667, 0.30066666666666664, 0.242], "(0, 3, 2, 1, 4)": [0.9153333333333333, 0.7653333333333334, 0.10666666666666667, 0.104, 0.3113333333333333], "(0, 3, 2, 4, 1)": [0.9173333333333334, 0.7826666666666666, 0.11933333333333333, 0.25666666666666665, 0.23199999999999998], "(0, 3, 4, 1, 2)": [0.9213333333333334, 0.7706666666666667, 0.11266666666666665, 0.26866666666666666, 0.2973333333333334], "(0, 3, 4, 2, 1)": [0.9133333333333334, 0.7626666666666667, 0.09733333333333333, 0.27066666666666667, 0.27], "(0, 4, 1, 2, 3)": [0.9193333333333333, 0.7559999999999999, 0.13799999999999998, 0.3293333333333333, 0.168], "(0, 4, 1, 3, 2)": [0.9246666666666666, 0.7806666666666667, 0.14866666666666667, 0.2773333333333334, 0.2826666666666667], "(0, 4, 2, 1, 3)": [0.924, 0.7520000000000001, 0.11399999999999999, 0.322, 0.16533333333333333], "(0, 4, 2, 3, 1)": [0.9066666666666667, 0.7786666666666667, 0.10333333333333333, 0.244, 0.25666666666666665], "(0, 4, 3, 1, 2)": [0.9393333333333334, 0.7813333333333334, 0.13466666666666668, 0.262, 0.24666666666666667], "(0, 4, 3, 2, 1)": [0.9106666666666667, 0.7746666666666666, 0.10133333333333334, 0.26533333333333337, 0.2693333333333333], "(1, 0, 2, 3, 4)": [0.9, 0.8119999999999999, 0.13266666666666668, 0.03266666666666667, 0.31866666666666665], "(1, 0, 2, 4, 3)": [0.908, 0.7973333333333334, 0.13, 0.3033333333333333, 0.07333333333333335], "(1, 0, 3, 2, 4)": [0.906, 0.8180000000000001, 0.112, 0.016, 0.314], "(1, 0, 3, 4, 2)": [0.9113333333333333, 0.81, 0.14133333333333334, 0.27066666666666667, 0.24066666666666667], "(1, 0, 4, 2, 3)": [0.9033333333333333, 0.8066666666666666, 0.132, 0.324, 0.14466666666666667], "(1, 0, 4, 3, 2)": [0.9006666666666666, 0.8126666666666668, 0.15666666666666668, 0.24533333333333332, 0.24066666666666667], "(1, 2, 0, 3, 4)": [0.9, 0.8140000000000001, 0.114, 0.03933333333333333, 0.3253333333333333], "(1, 2, 0, 4, 3)": [0.9026666666666667, 0.7966666666666667, 0.11399999999999999, 0.3173333333333333, 0.07733333333333332], "(1, 2, 3, 0, 4)": [0.9046666666666666, 0.8039999999999999, 0.11666666666666665, 0.047999999999999994, 0.3133333333333333], "(1, 2, 3, 4, 0)": [0.9013333333333334, 0.8106666666666666, 0.13066666666666668, 0.24333333333333332, 0.22199999999999998], "(1, 2, 4, 0, 3)": [0.884, 0.8206666666666665, 0.13933333333333334, 0.33266666666666667, 0.16333333333333333], "(1, 2, 4, 3, 0)": [0.9046666666666666, 0.7893333333333334, 0.1466666666666667, 0.26, 0.27466666666666667], "(1, 3, 0, 2, 4)": [0.9053333333333334, 0.8140000000000001, 0.11866666666666666, 0.08266666666666668, 0.3133333333333333], "(1, 3, 0, 4, 2)": [0.9013333333333334, 0.802, 0.128, 0.2773333333333334, 0.25066666666666665], "(1, 3, 2, 0, 4)": [0.8846666666666666, 0.8113333333333334, 0.12866666666666668, 0.068, 0.3013333333333334], "(1, 3, 2, 4, 0)": [0.918, 0.8033333333333333, 0.12733333333333333, 0.27666666666666667, 0.23666666666666666], "(1, 3, 4, 0, 2)": [0.902, 0.8153333333333332, 0.14933333333333332, 0.2873333333333334, 0.2853333333333334], "(1, 3, 4, 2, 0)": [0.9046666666666666, 0.8073333333333333, 0.12466666666666666, 0.2966666666666667, 0.2333333333333333], "(1, 4, 0, 2, 3)": [0.9046666666666666, 0.8033333333333333, 0.11199999999999999, 0.3273333333333333, 0.19399999999999998], "(1, 4, 0, 3, 2)": [0.8966666666666666, 0.7966666666666667, 0.138, 0.25866666666666666, 0.26533333333333337], "(1, 4, 2, 0, 3)": [0.9026666666666667, 0.8079999999999999, 0.14533333333333334, 0.30866666666666664, 0.16733333333333333], "(1, 4, 2, 3, 0)": [0.898, 0.7986666666666666, 0.122, 0.2953333333333333, 0.2886666666666667], "(1, 4, 3, 0, 2)": [0.898, 0.8119999999999999, 0.1446666666666667, 0.2953333333333333, 0.276], "(1, 4, 3, 2, 0)": [0.902, 0.8066666666666666, 0.11533333333333333, 0.29466666666666663, 0.27466666666666667], "(2, 0, 1, 3, 4)": [0.8986666666666667, 0.7760000000000001, 0.16733333333333333, 0.018666666666666668, 0.29266666666666663], "(2, 0, 1, 4, 3)": [0.9073333333333333, 0.7746666666666666, 0.20333333333333337, 0.31200000000000006, 0.06266666666666666], "(2, 0, 3, 1, 4)": [0.908, 0.7793333333333333, 0.18733333333333335, 0.030666666666666665, 0.30866666666666664], "(2, 0, 3, 4, 1)": [0.8793333333333333, 0.7733333333333334, 0.18333333333333335, 0.21933333333333335, 0.21733333333333335], "(2, 0, 4, 1, 3)": [0.9086666666666666, 0.7746666666666666, 0.21333333333333335, 0.31666666666666665, 0.072], "(2, 0, 4, 3, 1)": [0.8806666666666666, 0.782, 0.17333333333333334, 0.20933333333333334, 0.23066666666666666], "(2, 1, 0, 3, 4)": [0.8993333333333333, 0.7666666666666666, 0.19266666666666665, 0.004666666666666667, 0.2913333333333333], "(2, 1, 0, 4, 3)": [0.8826666666666667, 0.7680000000000001, 0.21466666666666667, 0.29066666666666663, 0.03933333333333333], "(2, 1, 3, 0, 4)": [0.8886666666666666, 0.774, 0.20199999999999999, 0.027999999999999997, 0.30600000000000005], "(2, 1, 3, 4, 0)": [0.898, 0.7639999999999999, 0.25, 0.258, 0.23666666666666666], "(2, 1, 4, 0, 3)": [0.8886666666666666, 0.7680000000000001, 0.17466666666666666, 0.30266666666666664, 0.11933333333333333], "(2, 1, 4, 3, 0)": [0.878, 0.7559999999999999, 0.19333333333333333, 0.24533333333333332, 0.24466666666666667], "(2, 3, 0, 1, 4)": [0.8933333333333334, 0.778, 0.18400000000000002, 0.17066666666666666, 0.30266666666666664], "(2, 3, 0, 4, 1)": [0.886, 0.7873333333333333, 0.17066666666666666, 0.31, 0.29400000000000004], "(2, 3, 1, 0, 4)": [0.8893333333333334, 0.754, 0.18533333333333335, 0.20600000000000004, 0.324], "(2, 3, 1, 4, 0)": [0.8953333333333333, 0.75, 0.19933333333333333, 0.2793333333333333, 0.25266666666666665], "(2, 3, 4, 0, 1)": [0.8613333333333334, 0.7846666666666667, 0.19466666666666668, 0.304, 0.28800000000000003], "(2, 3, 4, 1, 0)": [0.9026666666666667, 0.7413333333333334, 0.18933333333333335, 0.294, 0.2753333333333333], "(2, 4, 0, 1, 3)": [0.892, 0.7673333333333333, 0.18799999999999997, 0.3213333333333333, 0.19799999999999998], "(2, 4, 0, 3, 1)": [0.8726666666666666, 0.766, 0.16466666666666666, 0.29000000000000004, 0.2993333333333333], "(2, 4, 1, 0, 3)": [0.886, 0.7546666666666667, 0.19266666666666665, 0.306, 0.18933333333333335], "(2, 4, 1, 3, 0)": [0.8793333333333333, 0.7733333333333334, 0.1506666666666667, 0.2893333333333334, 0.30266666666666664], "(2, 4, 3, 0, 1)": [0.8666666666666667, 0.7873333333333333, 0.19600000000000004, 0.31066666666666665, 0.318], "(2, 4, 3, 1, 0)": [0.8946666666666667, 0.7546666666666667, 0.1426666666666667, 0.30866666666666664, 0.3153333333333333], "(3, 0, 1, 2, 4)": [0.9033333333333333, 0.774, 0.128, 0.12466666666666666, 0.32666666666666666],