{"(0, 1, 2, 3, 4)": 0.6047083333333334, "(0, 1, 2, 4, 3)": 0.592375, "(0, 1, 3, 2, 4)": 0.616, "(0, 1, 3, 4, 2)": 0.6284166666666665, "(0, 1, 4, 2, 3)": 0.6137916666666666, "(0, 1, 4, 3, 2)": 0.6298333333333334, "(0, 2, 1, 3, 4)": 0.6078333333333333, "(0, 2, 1, 4, 3)": 0.602125, "(0, 2, 3, 1, 4)": 0.6203333333333334, "(0, 2, 3, 4, 1)": 0.6447083333333333, "(0, 2, 4, 1, 3)": 0.6057916666666666, "(0, 2, 4, 3, 1)": 0.6426666666666666, "(0, 3, 1, 2, 4)": 0.60375, "(0, 3, 1, 4, 2)": 0.6293749999999999, "(0, 3, 2, 1, 4)": 0.6218333333333333, "(0, 3, 2, 4, 1)": 0.6415833333333333, "(0, 3, 4, 1, 2)": 0.6535000000000001, "(0, 3, 4, 2, 1)": 0.6676666666666667, "(0, 4, 1, 2, 3)": 0.6264583333333333, "(0, 4, 1, 3, 2)": 0.6387083333333333, "(0, 4, 2, 1, 3)": 0.6104166666666667, "(0, 4, 2, 3, 1)": 0.6630416666666666, "(0, 4, 3, 1, 2)": 0.65625, "(0, 4, 3, 2, 1)": 0.67075, "(1, 0, 2, 3, 4)": 0.6073333333333334, "(1, 0, 2, 4, 3)": 0.6075833333333334, "(1, 0, 3, 2, 4)": 0.612, "(1, 0, 3, 4, 2)": 0.6283333333333333, "(1, 0, 4, 2, 3)": 0.6076666666666667, "(1, 0, 4, 3, 2)": 0.6244583333333334, "(1, 2, 0, 3, 4)": 0.6063333333333333, "(1, 2, 0, 4, 3)": 0.59875, "(1, 2, 3, 0, 4)": 0.631, "(1, 2, 3, 4, 0)": 0.650875, "(1, 2, 4, 0, 3)": 0.62075, "(1, 2, 4, 3, 0)": 0.629625, "(1, 3, 0, 2, 4)": 0.6300416666666667, "(1, 3, 0, 4, 2)": 0.6196666666666667, "(1, 3, 2, 0, 4)": 0.6279166666666666, "(1, 3, 2, 4, 0)": 0.6500416666666666, "(1, 3, 4, 0, 2)": 0.63125, "(1, 3, 4, 2, 0)": 0.6300833333333333, "(1, 4, 0, 2, 3)": 0.6162916666666667, "(1, 4, 0, 3, 2)": 0.640125, "(1, 4, 2, 0, 3)": 0.6180833333333333, "(1, 4, 2, 3, 0)": 0.623625, "(1, 4, 3, 0, 2)": 0.6152500000000001, "(1, 4, 3, 2, 0)": 0.6224166666666666, "(2, 0, 1, 3, 4)": 0.6170000000000001, "(2, 0, 1, 4, 3)": 0.6027083333333333, "(2, 0, 3, 1, 4)": 0.6342916666666667, "(2, 0, 3, 4, 1)": 0.6525416666666667, "(2, 0, 4, 1, 3)": 0.6152916666666667, "(2, 0, 4, 3, 1)": 0.6539583333333333, "(2, 1, 0, 3, 4)": 0.6268333333333335, "(2, 1, 0, 4, 3)": 0.6058333333333333, "(2, 1, 3, 0, 4)": 0.6282916666666666, "(2, 1, 3, 4, 0)": 0.655625, "(2, 1, 4, 0, 3)": 0.609125, "(2, 1, 4, 3, 0)": 0.6394583333333334, "(2, 3, 0, 1, 4)": 0.6325833333333333, "(2, 3, 0, 4, 1)": 0.6512083333333334, "(2, 3, 1, 0, 4)": 0.6509166666666667, "(2, 3, 1, 4, 0)": 0.6541666666666667, "(2, 3, 4, 0, 1)": 0.6534583333333334, "(2, 3, 4, 1, 0)": 0.6455416666666668, "(2, 4, 0, 1, 3)": 0.621125, "(2, 4, 0, 3, 1)": 0.6555833333333333, "(2, 4, 1, 0, 3)": 0.6130833333333333, "(2, 4, 1, 3, 0)": 0.6284166666666667, "(2, 4, 3, 0, 1)": 0.6468333333333333, "(2, 4, 3, 1, 0)": 0.6475833333333333, "(3, 0, 1, 2, 4)": 0.6072083333333332, "(3, 0, 1, 4, 2)": 0.6304166666666666, "(3, 0, 2, 1, 4)": 0.624, "(3, 0, 2, 4, 1)": 0.6591666666666667, "(3, 0, 4, 1, 2)": 0.6519166666666667, "(3, 0, 4, 2, 1)": 0.6630833333333332, "(3, 1, 0, 2, 4)": 0.6175, "(3, 1, 0, 4, 2)": 0.6284166666666667, "(3, 1, 2, 0, 4)": 0.6295000000000001, "(3, 1, 2, 4, 0)": 0.6504166666666668, "(3, 1, 4, 0, 2)": 0.6225416666666667, "(3, 1, 4, 2, 0)": 0.6320416666666667, "(3, 2, 0, 1, 4)": 0.6313333333333334, "(3, 2, 0, 4, 1)": 0.652125, "(3, 2, 1, 0, 4)": 0.6300833333333333, "(3, 2, 1, 4, 0)": 0.6404583333333334, "(3, 2, 4, 0, 1)": 0.6720416666666665, "(3, 2, 4, 1, 0)": 0.6441666666666667, "(3, 4, 0, 1, 2)": 0.6549166666666667, "(3, 4, 0, 2, 1)": 0.6615416666666667, "(3, 4, 1, 0, 2)": 0.6204583333333334, "(3, 4, 1, 2, 0)": 0.6326666666666667, "(3, 4, 2, 0, 1)": 0.6682916666666667, "(3, 4, 2, 1, 0)": 0.644625, "(4, 0, 1, 2, 3)": 0.63425, "(4, 0, 1, 3, 2)": 0.654125, "(4, 0, 2, 1, 3)": 0.6407916666666666, "(4, 0, 2, 3, 1)": 0.6733333333333333, "(4, 0, 3, 1, 2)": 0.6540833333333333, "(4, 0, 3, 2, 1)": 0.6974583333333332, "(4, 1, 0, 2, 3)": 0.6091666666666666, "(4, 1, 0, 3, 2)": 0.6310833333333333, "(4, 1, 2, 0, 3)": 0.6130833333333333, "(4, 1, 2, 3, 0)": 0.6206666666666667, "(4, 1, 3, 0, 2)": 0.6261249999999999, "(4, 1, 3, 2, 0)": 0.6112083333333332, "(4, 2, 0, 1, 3)": 0.6146250000000001, "(4, 2, 0, 3, 1)": 0.6705833333333334, "(4, 2, 1, 0, 3)": 0.60925, "(4, 2, 1, 3, 0)": 0.63725, "(4, 2, 3, 0, 1)": 0.6765, "(4, 2, 3, 1, 0)": 0.6239166666666667, "(4, 3, 0, 1, 2)": 0.660125, "(4, 3, 0, 2, 1)": 0.6651250000000001, "(4, 3, 1, 0, 2)": 0.632375, "(4, 3, 1, 2, 0)": 0.6235833333333334, "(4, 3, 2, 0, 1)": 0.6622083333333334, "(4, 3, 2, 1, 0)": 0.6473333333333333}