{"(0, 1, 2, 3, 4)": 0.004549496309116696, "(0, 1, 2, 4, 3)": 0.00021245914639961793, "(0, 1, 3, 2, 4)": 0.0007660323462853683, "(0, 1, 3, 4, 2)": 0.006497061301508193, "(0, 1, 4, 2, 3)": 0.010414499774619772, "(0, 1, 4, 3, 2)": 0.00399348427650179, "(0, 2, 1, 3, 4)": 0.005345364034999584, "(0, 2, 1, 4, 3)": 0.0007971302695712131, "(0, 2, 3, 1, 4)": 0.00453726851261373, "(0, 2, 3, 4, 1)": 0.004189935029992132, "(0, 2, 4, 1, 3)": 0.005738515100228941, "(0, 2, 4, 3, 1)": 0.004138655847279694, "(0, 3, 1, 2, 4)": 0.004798364883536383, "(0, 3, 1, 4, 2)": 0.0036888533298152417, "(0, 3, 2, 1, 4)": 0.002471363771056156, "(0, 3, 2, 4, 1)": 0.008423058628946309, "(0, 3, 4, 1, 2)": 0.00246714522384787, "(0, 3, 4, 2, 1)": 0.005591101561111781, "(0, 4, 1, 2, 3)": 0.005334960689223066, "(0, 4, 1, 3, 2)": 0.0030624291375021396, "(0, 4, 2, 1, 3)": 0.006584651766713953, "(0, 4, 2, 3, 1)": 0.0047415861153087165, "(0, 4, 3, 1, 2)": 0.0030522077619687094, "(0, 4, 3, 2, 1)": 0.0008680277773333373, "(1, 0, 2, 3, 4)": 0.0038895336767050138, "(1, 0, 2, 4, 3)": 0.006291804634248932, "(1, 0, 3, 2, 4)": 0.002876509265682203, "(1, 0, 3, 4, 2)": 0.0037513886317824745, "(1, 0, 4, 2, 3)": 0.0014300835251441577, "(1, 0, 4, 3, 2)": 0.008376554582086027, "(1, 2, 0, 3, 4)": 0.007233458140244323, "(1, 2, 0, 4, 3)": 0.0052661787748698, "(1, 2, 3, 0, 4)": 0.0029172618440357215, "(1, 2, 3, 4, 0)": 0.0008838834764831394, "(1, 2, 4, 0, 3)": 0.0007660323462854528, "(1, 2, 4, 3, 0)": 0.0020522683926708237, "(1, 3, 0, 2, 4)": 0.009233844751179712, "(1, 3, 0, 4, 2)": 0.006345383273600523, "(1, 3, 2, 0, 4)": 0.0045715758284814185, "(1, 3, 2, 4, 0)": 0.0067956276792916345, "(1, 3, 4, 0, 2)": 0.006712343521867472, "(1, 3, 4, 2, 0)": 0.0018266925180652558, "(1, 4, 0, 2, 3)": 0.004331730472788999, "(1, 4, 0, 3, 2)": 0.006309989874969918, "(1, 4, 2, 0, 3)": 0.0031074507236640327, "(1, 4, 2, 3, 0)": 0.0012963624321753514, "(1, 4, 3, 0, 2)": 0.005863907968809429, "(1, 4, 3, 2, 0)": 0.00845761491201868, "(2, 0, 1, 3, 4)": 0.003434405172499179, "(2, 0, 1, 4, 3)": 0.005774705379690118, "(2, 0, 3, 1, 4)": 0.005412177627043209, "(2, 0, 3, 4, 1)": 0.0021090084558072655, "(2, 0, 4, 1, 3)": 0.005538062737897521, "(2, 0, 4, 3, 1)": 0.0039347984559427035, "(2, 1, 0, 3, 4)": 0.0024748737341528794, "(2, 1, 0, 4, 3)": 0.008014526741417076, "(2, 1, 3, 0, 4)": 0.0027782638463615342, "(2, 1, 3, 4, 0)": 0.004398547740132226, "(2, 1, 4, 0, 3)": 0.0014517709491820453, "(2, 1, 4, 3, 0)": 0.005164313980471017, "(2, 3, 0, 1, 4)": 0.005974192181560849, "(2, 3, 0, 4, 1)": 0.005483877885827386, "(2, 3, 1, 0, 4)": 0.006770288439612835, "(2, 3, 1, 4, 0)": 0.0047885859661861655, "(2, 3, 4, 0, 1)": 0.0010622957319985104, "(2, 3, 4, 1, 0)": 0.0014288690166234992, "(2, 4, 0, 1, 3)": 0.004171247481935787, "(2, 4, 0, 3, 1)": 0.003722584974032001, "(2, 4, 1, 0, 3)": 0.004467863645586717, "(2, 4, 1, 3, 0)": 0.003012128261987931, "(2, 4, 3, 0, 1)": 0.004490731195102452, "(2, 4, 3, 1, 0)": 0.003582848804450881, "(3, 0, 1, 2, 4)": 0.0017450326326143065, "(3, 0, 1, 4, 2)": 0.003164472924341223, "(3, 0, 2, 1, 4)": 0.0038083424507550164, "(3, 0, 2, 4, 1)": 0.0027182510717166726, "(3, 0, 4, 1, 2)": 0.0033742283068380037, "(3, 0, 4, 2, 1)": 0.006804053122138972, "(3, 1, 0, 2, 4)": 0.002973844313342554, "(3, 1, 0, 4, 2)": 0.006157933004579411, "(3, 1, 2, 0, 4)": 0.004659592852981434, "(3, 1, 2, 4, 0)": 0.0031710495984067556, "(3, 1, 4, 0, 2)": 0.0031163769918859012, "(3, 1, 4, 2, 0)": 0.00449807057402264, "(3, 2, 0, 1, 4)": 0.0033680483963268613, "(3, 2, 0, 4, 1)": 0.0020488818088573724, "(3, 2, 1, 0, 4)": 0.005870417834835583, "(3, 2, 1, 4, 0)": 0.004286607049870543, "(3, 2, 4, 0, 1)": 0.0035414215601459885, "(3, 2, 4, 1, 0)": 0.003776756397874889, "(3, 4, 0, 1, 2)": 0.0008354140689901835, "(3, 4, 0, 2, 1)": 0.004870546398734199, "(3, 4, 1, 0, 2)": 0.004143267631551968, "(3, 4, 1, 2, 0)": 0.006991314055470688, "(3, 4, 2, 0, 1)": 0.004392623235481125, "(3, 4, 2, 1, 0)": 0.0007728015412913073, "(4, 0, 1, 2, 3)": 0.004286607049870601, "(4, 0, 1, 3, 2)": 0.006387107239501221, "(4, 0, 2, 1, 3)": 0.003628590176179569, "(4, 0, 2, 3, 1)": 0.01132490495422462, "(4, 0, 3, 1, 2)": 0.007043269048452481, "(4, 0, 3, 2, 1)": 0.0027105759945483692, "(4, 1, 0, 2, 3)": 0.004529226080567063, "(4, 1, 0, 3, 2)": 0.005512296859446756, "(4, 1, 2, 0, 3)": 0.0018266925180652543, "(4, 1, 2, 3, 0)": 0.003922424845254071, "(4, 1, 3, 0, 2)": 0.002354811858490814, "(4, 1, 3, 2, 0)": 0.005488624600025007, "(4, 2, 0, 1, 3)": 0.002602749614456865, "(4, 2, 0, 3, 1)": 0.003285067224071127, "(4, 2, 1, 0, 3)": 0.004186204194202146, "(4, 2, 1, 3, 0)": 0.0019445436482629747, "(4, 2, 3, 0, 1)": 0.00011785113019777111, "(4, 2, 3, 1, 0)": 0.0011606990230986869, "(4, 3, 0, 1, 2)": 0.005016638981097501, "(4, 3, 0, 2, 1)": 0.004648401756398497, "(4, 3, 1, 0, 2)": 0.0017450326326143586, "(4, 3, 1, 2, 0)": 0.00817197956434061, "(4, 3, 2, 0, 1)": 0.006316589709293787, "(4, 3, 2, 1, 0)": 0.004498070574022711}