{"(0, 1, 2, 3, 4)": 0.017715780786882886, "(0, 1, 2, 4, 3)": 0.013485547819795832, "(0, 1, 3, 2, 4)": 0.014449067636202542, "(0, 1, 3, 4, 2)": 0.008730406634286852, "(0, 1, 4, 2, 3)": 0.017696390090134836, "(0, 1, 4, 3, 2)": 0.02241462816010016, "(0, 2, 1, 3, 4)": 0.010832153781938074, "(0, 2, 1, 4, 3)": 0.008345457846437596, "(0, 2, 3, 1, 4)": 0.010276510432372784, "(0, 2, 3, 4, 1)": 0.007768311699891194, "(0, 2, 4, 1, 3)": 0.004558021013066474, "(0, 2, 4, 3, 1)": 0.017007122690867554, "(0, 3, 1, 2, 4)": 0.012775323435783888, "(0, 3, 1, 4, 2)": 0.0023151673805580472, "(0, 3, 2, 1, 4)": 0.006782493805542489, "(0, 3, 2, 4, 1)": 0.005640527950073092, "(0, 3, 4, 1, 2)": 0.010813263460522303, "(0, 3, 4, 2, 1)": 0.0035953673896650107, "(0, 4, 1, 2, 3)": 0.009103967389123387, "(0, 4, 1, 3, 2)": 0.00784191019813129, "(0, 4, 2, 1, 3)": 0.01787667630057545, "(0, 4, 2, 3, 1)": 0.021671691724972048, "(0, 4, 3, 1, 2)": 0.017338012189021743, "(0, 4, 3, 2, 1)": 0.0010143416036468554, "(1, 0, 2, 3, 4)": 0.01826350337573696, "(1, 0, 2, 4, 3)": 0.009151441902175253, "(1, 0, 3, 2, 4)": 0.008101165896887258, "(1, 0, 3, 4, 2)": 0.010099944994349668, "(1, 0, 4, 2, 3)": 0.021263270366212884, "(1, 0, 4, 3, 2)": 0.009475582655787797, "(1, 2, 0, 3, 4)": 0.013855524369563053, "(1, 2, 0, 4, 3)": 0.00986047102773945, "(1, 2, 3, 0, 4)": 0.009967391278006945, "(1, 2, 3, 4, 0)": 0.013440320763368043, "(1, 2, 4, 0, 3)": 0.007047615830115081, "(1, 2, 4, 3, 0)": 0.006375473838599508, "(1, 3, 0, 2, 4)": 0.01954010121661491, "(1, 3, 0, 4, 2)": 0.0065576079649687985, "(1, 3, 2, 0, 4)": 0.0036851051545376563, "(1, 3, 2, 4, 0)": 0.012243184044829, "(1, 3, 4, 0, 2)": 0.011717318616285718, "(1, 3, 4, 2, 0)": 0.004454959782833819, "(1, 4, 0, 2, 3)": 0.0070225035105406335, "(1, 4, 0, 3, 2)": 0.009800793618659426, "(1, 4, 2, 0, 3)": 0.003780946383586458, "(1, 4, 2, 3, 0)": 0.008725569067720203, "(1, 4, 3, 0, 2)": 0.009651252077666749, "(1, 4, 3, 2, 0)": 0.01030673997386608, "(2, 0, 1, 3, 4)": 0.024454174831031756, "(2, 0, 1, 4, 3)": 0.008846468221838584, "(2, 0, 3, 1, 4)": 0.005713337222869154, "(2, 0, 3, 4, 1)": 0.005426478293208816, "(2, 0, 4, 1, 3)": 0.0036778616975991314, "(2, 0, 4, 3, 1)": 0.017432217937549482, "(2, 1, 0, 3, 4)": 0.0066178210579884615, "(2, 1, 0, 4, 3)": 0.006518179704999462, "(2, 1, 3, 0, 4)": 0.0212167124901312, "(2, 1, 3, 4, 0)": 0.01424226885795316, "(2, 1, 4, 0, 3)": 0.017678423760807034, "(2, 1, 4, 3, 0)": 0.008931716271554724, "(2, 3, 0, 1, 4)": 0.009932102832062641, "(2, 3, 0, 4, 1)": 0.013434367205872511, "(2, 3, 1, 0, 4)": 0.015477295198666542, "(2, 3, 1, 4, 0)": 0.01395516630738117, "(2, 3, 4, 0, 1)": 0.023312800489573682, "(2, 3, 4, 1, 0)": 0.0027182510717166843, "(2, 4, 0, 1, 3)": 0.006439634220115994, "(2, 4, 0, 3, 1)": 0.0077154966715622985, "(2, 4, 1, 0, 3)": 0.011432215688813585, "(2, 4, 1, 3, 0)": 0.01188397613969706, "(2, 4, 3, 0, 1)": 0.011373165297703575, "(2, 4, 3, 1, 0)": 0.005242772803266095, "(3, 0, 1, 2, 4)": 0.014601445894918165, "(3, 0, 1, 4, 2)": 0.020165482058871455, "(3, 0, 2, 1, 4)": 0.014027195807509872, "(3, 0, 2, 4, 1)": 0.02271974178257021, "(3, 0, 4, 1, 2)": 0.023254008017735122, "(3, 0, 4, 2, 1)": 0.02012477743148148, "(3, 1, 0, 2, 4)": 0.013326748373936603, "(3, 1, 0, 4, 2)": 0.00751945624511656, "(3, 1, 2, 0, 4)": 0.011437074217939946, "(3, 1, 2, 4, 0)": 0.017217110352463004, "(3, 1, 4, 0, 2)": 0.012559812454367656, "(3, 1, 4, 2, 0)": 0.008806563209081918, "(3, 2, 0, 1, 4)": 0.004351500379817927, "(3, 2, 0, 4, 1)": 0.005169354139756946, "(3, 2, 1, 0, 4)": 0.009671378162162582, "(3, 2, 1, 4, 0)": 0.01972719499123539, "(3, 2, 4, 0, 1)": 0.01418050304702434, "(3, 2, 4, 1, 0)": 0.010716135290092016, "(3, 4, 0, 1, 2)": 0.007637189710008951, "(3, 4, 0, 2, 1)": 0.010704516180877428, "(3, 4, 1, 0, 2)": 0.010696209089620892, "(3, 4, 1, 2, 0)": 0.020098424482199263, "(3, 4, 2, 0, 1)": 0.023533380547639125, "(3, 4, 2, 1, 0)": 0.0033109246778237366, "(4, 0, 1, 2, 3)": 0.01408640006057852, "(4, 0, 1, 3, 2)": 0.025901908981557482, "(4, 0, 2, 1, 3)": 0.023703914350915862, "(4, 0, 2, 3, 1)": 0.03148516405476644, "(4, 0, 3, 1, 2)": 0.02218693309134907, "(4, 0, 3, 2, 1)": 0.019840418902387677, "(4, 1, 0, 2, 3)": 0.011052702032635392, "(4, 1, 0, 3, 2)": 0.013398756161176553, "(4, 1, 2, 0, 3)": 0.023064306237609265, "(4, 1, 2, 3, 0)": 0.012340808545454197, "(4, 1, 3, 0, 2)": 0.0023795424396766203, "(4, 1, 3, 2, 0)": 0.008819674975114827, "(4, 2, 0, 1, 3)": 0.0160019443263068, "(4, 2, 0, 3, 1)": 0.01207485909740656, "(4, 2, 1, 0, 3)": 0.005661762583821015, "(4, 2, 1, 3, 0)": 0.007827444595069906, "(4, 2, 3, 0, 1)": 0.009431978701323618, "(4, 2, 3, 1, 0)": 0.007699350621968066, "(4, 3, 0, 1, 2)": 0.00854881408279664, "(4, 3, 0, 2, 1)": 0.01131046712857903, "(4, 3, 1, 0, 2)": 0.010527846672304633, "(4, 3, 1, 2, 0)": 0.01225180258846292, "(4, 3, 2, 0, 1)": 0.017692936443677167, "(4, 3, 2, 1, 0)": 0.01117178986952802}