{"(0, 1, 2, 3, 4)": 0.3258666666666667, "(0, 1, 2, 4, 3)": 0.33569999999999994, "(0, 1, 3, 2, 4)": 0.3157333333333333, "(0, 1, 3, 4, 2)": 0.31083333333333335, "(0, 1, 4, 2, 3)": 0.31360000000000005, "(0, 1, 4, 3, 2)": 0.31316666666666665, "(0, 2, 1, 3, 4)": 0.3269, "(0, 2, 1, 4, 3)": 0.332, "(0, 2, 3, 1, 4)": 0.31706666666666666, "(0, 2, 3, 4, 1)": 0.3003, "(0, 2, 4, 1, 3)": 0.3342333333333334, "(0, 2, 4, 3, 1)": 0.30106666666666665, "(0, 3, 1, 2, 4)": 0.3290666666666667, "(0, 3, 1, 4, 2)": 0.3136666666666667, "(0, 3, 2, 1, 4)": 0.3162, "(0, 3, 2, 4, 1)": 0.3055, "(0, 3, 4, 1, 2)": 0.2895, "(0, 3, 4, 2, 1)": 0.27730000000000005, "(0, 4, 1, 2, 3)": 0.30796666666666667, "(0, 4, 1, 3, 2)": 0.2974666666666667, "(0, 4, 2, 1, 3)": 0.31973333333333337, "(0, 4, 2, 3, 1)": 0.27376666666666666, "(0, 4, 3, 1, 2)": 0.28933333333333333, "(0, 4, 3, 2, 1)": 0.2707, "(1, 0, 2, 3, 4)": 0.3191333333333333, "(1, 0, 2, 4, 3)": 0.32003333333333334, "(1, 0, 3, 2, 4)": 0.31943333333333335, "(1, 0, 3, 4, 2)": 0.30716666666666664, "(1, 0, 4, 2, 3)": 0.3219666666666667, "(1, 0, 4, 3, 2)": 0.3034666666666667, "(1, 2, 0, 3, 4)": 0.31406666666666666, "(1, 2, 0, 4, 3)": 0.32289999999999996, "(1, 2, 3, 0, 4)": 0.28753333333333336, "(1, 2, 3, 4, 0)": 0.2758666666666667, "(1, 2, 4, 0, 3)": 0.30893333333333334, "(1, 2, 4, 3, 0)": 0.2929333333333333, "(1, 3, 0, 2, 4)": 0.3006666666666667, "(1, 3, 0, 4, 2)": 0.30696666666666667, "(1, 3, 2, 0, 4)": 0.2994666666666667, "(1, 3, 2, 4, 0)": 0.2806666666666667, "(1, 3, 4, 0, 2)": 0.3031333333333333, "(1, 3, 4, 2, 0)": 0.30089999999999995, "(1, 4, 0, 2, 3)": 0.319, "(1, 4, 0, 3, 2)": 0.2952666666666667, "(1, 4, 2, 0, 3)": 0.3153666666666667, "(1, 4, 2, 3, 0)": 0.31573333333333337, "(1, 4, 3, 0, 2)": 0.3116, "(1, 4, 3, 2, 0)": 0.3055333333333334, "(2, 0, 1, 3, 4)": 0.3155333333333333, "(2, 0, 1, 4, 3)": 0.3273, "(2, 0, 3, 1, 4)": 0.3086, "(2, 0, 3, 4, 1)": 0.29223333333333334, "(2, 0, 4, 1, 3)": 0.3161, "(2, 0, 4, 3, 1)": 0.2909333333333333, "(2, 1, 0, 3, 4)": 0.304, "(2, 1, 0, 4, 3)": 0.3156333333333333, "(2, 1, 3, 0, 4)": 0.2942, "(2, 1, 3, 4, 0)": 0.2773, "(2, 1, 4, 0, 3)": 0.3167, "(2, 1, 4, 3, 0)": 0.29279999999999995, "(2, 3, 0, 1, 4)": 0.29973333333333335, "(2, 3, 0, 4, 1)": 0.2824, "(2, 3, 1, 0, 4)": 0.2879333333333333, "(2, 3, 1, 4, 0)": 0.2828333333333333, "(2, 3, 4, 0, 1)": 0.2902, "(2, 3, 4, 1, 0)": 0.29336666666666666, "(2, 4, 0, 1, 3)": 0.3145, "(2, 4, 0, 3, 1)": 0.2871333333333333, "(2, 4, 1, 0, 3)": 0.32436666666666664, "(2, 4, 1, 3, 0)": 0.3112, "(2, 4, 3, 0, 1)": 0.29329999999999995, "(2, 4, 3, 1, 0)": 0.295, "(3, 0, 1, 2, 4)": 0.32589999999999997, "(3, 0, 1, 4, 2)": 0.31486666666666663, "(3, 0, 2, 1, 4)": 0.31930000000000003, "(3, 0, 2, 4, 1)": 0.28929999999999995, "(3, 0, 4, 1, 2)": 0.2962666666666667, "(3, 0, 4, 2, 1)": 0.2844333333333333, "(3, 1, 0, 2, 4)": 0.31289999999999996, "(3, 1, 0, 4, 2)": 0.31296666666666667, "(3, 1, 2, 0, 4)": 0.3050333333333333, "(3, 1, 2, 4, 0)": 0.29036666666666666, "(3, 1, 4, 0, 2)": 0.3112, "(3, 1, 4, 2, 0)": 0.3062666666666667, "(3, 2, 0, 1, 4)": 0.3100666666666667, "(3, 2, 0, 4, 1)": 0.2902, "(3, 2, 1, 0, 4)": 0.3016666666666667, "(3, 2, 1, 4, 0)": 0.2973666666666666, "(3, 2, 4, 0, 1)": 0.27723333333333333, "(3, 2, 4, 1, 0)": 0.29550000000000004, "(3, 4, 0, 1, 2)": 0.2945, "(3, 4, 0, 2, 1)": 0.28626666666666667, "(3, 4, 1, 0, 2)": 0.31916666666666665, "(3, 4, 1, 2, 0)": 0.3071333333333333, "(3, 4, 2, 0, 1)": 0.28246666666666664, "(3, 4, 2, 1, 0)": 0.3025, "(4, 0, 1, 2, 3)": 0.30246666666666666, "(4, 0, 1, 3, 2)": 0.28826666666666667, "(4, 0, 2, 1, 3)": 0.2946666666666667, "(4, 0, 2, 3, 1)": 0.27519999999999994, "(4, 0, 3, 1, 2)": 0.2862, "(4, 0, 3, 2, 1)": 0.2519, "(4, 1, 0, 2, 3)": 0.3274333333333333, "(4, 1, 0, 3, 2)": 0.30616666666666664, "(4, 1, 2, 0, 3)": 0.3226333333333333, "(4, 1, 2, 3, 0)": 0.31529999999999997, "(4, 1, 3, 0, 2)": 0.3102333333333333, "(4, 1, 3, 2, 0)": 0.32276666666666665, "(4, 2, 0, 1, 3)": 0.32086666666666663, "(4, 2, 0, 3, 1)": 0.28186666666666665, "(4, 2, 1, 0, 3)": 0.3303, "(4, 2, 1, 3, 0)": 0.3097666666666667, "(4, 2, 3, 0, 1)": 0.2773666666666667, "(4, 2, 3, 1, 0)": 0.31806666666666666, "(4, 3, 0, 1, 2)": 0.28596666666666665, "(4, 3, 0, 2, 1)": 0.28296666666666664, "(4, 3, 1, 0, 2)": 0.3082, "(4, 3, 1, 2, 0)": 0.31073333333333336, "(4, 3, 2, 0, 1)": 0.2836, "(4, 3, 2, 1, 0)": 0.3002666666666666}