{"(0, 1, 2, 3, 4)": 0.48146666666666665, "(0, 1, 2, 4, 3)": 0.4704, "(0, 1, 3, 2, 4)": 0.4530666666666667, "(0, 1, 3, 4, 2)": 0.43946666666666667, "(0, 1, 4, 2, 3)": 0.45386666666666664, "(0, 1, 4, 3, 2)": 0.4412, "(0, 2, 1, 3, 4)": 0.454, "(0, 2, 1, 4, 3)": 0.4684, "(0, 2, 3, 1, 4)": 0.46293333333333336, "(0, 2, 3, 4, 1)": 0.47373333333333334, "(0, 2, 4, 1, 3)": 0.4456, "(0, 2, 4, 3, 1)": 0.4674666666666667, "(0, 3, 1, 2, 4)": 0.46773333333333333, "(0, 3, 1, 4, 2)": 0.44013333333333327, "(0, 3, 2, 1, 4)": 0.46186666666666665, "(0, 3, 2, 4, 1)": 0.47746666666666665, "(0, 3, 4, 1, 2)": 0.4461333333333333, "(0, 3, 4, 2, 1)": 0.47866666666666663, "(0, 4, 1, 2, 3)": 0.4467999999999999, "(0, 4, 1, 3, 2)": 0.44626666666666664, "(0, 4, 2, 1, 3)": 0.4816, "(0, 4, 2, 3, 1)": 0.49146666666666666, "(0, 4, 3, 1, 2)": 0.444, "(0, 4, 3, 2, 1)": 0.4874666666666667, "(1, 0, 2, 3, 4)": 0.46293333333333336, "(1, 0, 2, 4, 3)": 0.4673333333333334, "(1, 0, 3, 2, 4)": 0.47280000000000005, "(1, 0, 3, 4, 2)": 0.4366666666666667, "(1, 0, 4, 2, 3)": 0.4532, "(1, 0, 4, 3, 2)": 0.438, "(1, 2, 0, 3, 4)": 0.478, "(1, 2, 0, 4, 3)": 0.48666666666666664, "(1, 2, 3, 0, 4)": 0.4872, "(1, 2, 3, 4, 0)": 0.4882666666666667, "(1, 2, 4, 0, 3)": 0.47226666666666667, "(1, 2, 4, 3, 0)": 0.48679999999999995, "(1, 3, 0, 2, 4)": 0.46226666666666666, "(1, 3, 0, 4, 2)": 0.4378666666666667, "(1, 3, 2, 0, 4)": 0.474, "(1, 3, 2, 4, 0)": 0.4904, "(1, 3, 4, 0, 2)": 0.44480000000000003, "(1, 3, 4, 2, 0)": 0.4672, "(1, 4, 0, 2, 3)": 0.4586666666666666, "(1, 4, 0, 3, 2)": 0.43893333333333334, "(1, 4, 2, 0, 3)": 0.48466666666666663, "(1, 4, 2, 3, 0)": 0.49720000000000003, "(1, 4, 3, 0, 2)": 0.43599999999999994, "(1, 4, 3, 2, 0)": 0.4854666666666667, "(2, 0, 1, 3, 4)": 0.4712, "(2, 0, 1, 4, 3)": 0.4634666666666667, "(2, 0, 3, 1, 4)": 0.46426666666666666, "(2, 0, 3, 4, 1)": 0.48066666666666663, "(2, 0, 4, 1, 3)": 0.4705333333333333, "(2, 0, 4, 3, 1)": 0.46893333333333337, "(2, 1, 0, 3, 4)": 0.46493333333333337, "(2, 1, 0, 4, 3)": 0.45413333333333333, "(2, 1, 3, 0, 4)": 0.4606666666666667, "(2, 1, 3, 4, 0)": 0.4712, "(2, 1, 4, 0, 3)": 0.4614666666666667, "(2, 1, 4, 3, 0)": 0.47333333333333333, "(2, 3, 0, 1, 4)": 0.4616, "(2, 3, 0, 4, 1)": 0.4305333333333334, "(2, 3, 1, 0, 4)": 0.45439999999999997, "(2, 3, 1, 4, 0)": 0.4746666666666666, "(2, 3, 4, 0, 1)": 0.486, "(2, 3, 4, 1, 0)": 0.4713333333333333, "(2, 4, 0, 1, 3)": 0.47079999999999994, "(2, 4, 0, 3, 1)": 0.4724, "(2, 4, 1, 0, 3)": 0.4690666666666667, "(2, 4, 1, 3, 0)": 0.4864, "(2, 4, 3, 0, 1)": 0.47879999999999995, "(2, 4, 3, 1, 0)": 0.4793333333333334, "(3, 0, 1, 2, 4)": 0.4494666666666667, "(3, 0, 1, 4, 2)": 0.4305333333333334, "(3, 0, 2, 1, 4)": 0.4561333333333333, "(3, 0, 2, 4, 1)": 0.4686666666666666, "(3, 0, 4, 1, 2)": 0.4486666666666667, "(3, 0, 4, 2, 1)": 0.4692, "(3, 1, 0, 2, 4)": 0.4516, "(3, 1, 0, 4, 2)": 0.43039999999999995, "(3, 1, 2, 0, 4)": 0.4646666666666666, "(3, 1, 2, 4, 0)": 0.4842666666666666, "(3, 1, 4, 0, 2)": 0.4425333333333334, "(3, 1, 4, 2, 0)": 0.4810666666666667, "(3, 2, 0, 1, 4)": 0.4636, "(3, 2, 0, 4, 1)": 0.47773333333333334, "(3, 2, 1, 0, 4)": 0.46013333333333334, "(3, 2, 1, 4, 0)": 0.4784, "(3, 2, 4, 0, 1)": 0.44333333333333336, "(3, 2, 4, 1, 0)": 0.4890666666666667, "(3, 4, 0, 1, 2)": 0.45280000000000004, "(3, 4, 0, 2, 1)": 0.4754666666666667, "(3, 4, 1, 0, 2)": 0.4434666666666667, "(3, 4, 1, 2, 0)": 0.48346666666666666, "(3, 4, 2, 0, 1)": 0.4764, "(3, 4, 2, 1, 0)": 0.47613333333333335, "(4, 0, 1, 2, 3)": 0.4612, "(4, 0, 1, 3, 2)": 0.45213333333333333, "(4, 0, 2, 1, 3)": 0.4664, "(4, 0, 2, 3, 1)": 0.46946666666666664, "(4, 0, 3, 1, 2)": 0.4565333333333333, "(4, 0, 3, 2, 1)": 0.49626666666666663, "(4, 1, 0, 2, 3)": 0.45986666666666665, "(4, 1, 0, 3, 2)": 0.4348, "(4, 1, 2, 0, 3)": 0.4681333333333333, "(4, 1, 2, 3, 0)": 0.4969333333333334, "(4, 1, 3, 0, 2)": 0.4537333333333333, "(4, 1, 3, 2, 0)": 0.4809333333333334, "(4, 2, 0, 1, 3)": 0.4790666666666667, "(4, 2, 0, 3, 1)": 0.49173333333333336, "(4, 2, 1, 0, 3)": 0.4670666666666667, "(4, 2, 1, 3, 0)": 0.5104000000000001, "(4, 2, 3, 0, 1)": 0.5132, "(4, 2, 3, 1, 0)": 0.4958666666666667, "(4, 3, 0, 1, 2)": 0.4532, "(4, 3, 0, 2, 1)": 0.4842666666666666, "(4, 3, 1, 0, 2)": 0.45999999999999996, "(4, 3, 1, 2, 0)": 0.48933333333333334, "(4, 3, 2, 0, 1)": 0.4969333333333333, "(4, 3, 2, 1, 0)": 0.48946666666666666}