{"(0, 1, 2, 3, 4)": 0.828, "(0, 1, 2, 4, 3)": 0.8192916666666666, "(0, 1, 3, 2, 4)": 0.828, "(0, 1, 3, 4, 2)": 0.8427916666666667, "(0, 1, 4, 2, 3)": 0.8209583333333333, "(0, 1, 4, 3, 2)": 0.8425833333333334, "(0, 2, 1, 3, 4)": 0.8274583333333334, "(0, 2, 1, 4, 3)": 0.8121666666666667, "(0, 2, 3, 1, 4)": 0.8314583333333333, "(0, 2, 3, 4, 1)": 0.8524166666666666, "(0, 2, 4, 1, 3)": 0.8111666666666667, "(0, 2, 4, 3, 1)": 0.8555833333333333, "(0, 3, 1, 2, 4)": 0.8250416666666668, "(0, 3, 1, 4, 2)": 0.8416666666666667, "(0, 3, 2, 1, 4)": 0.8368333333333333, "(0, 3, 2, 4, 1)": 0.8572500000000001, "(0, 3, 4, 1, 2)": 0.844125, "(0, 3, 4, 2, 1)": 0.8617083333333334, "(0, 4, 1, 2, 3)": 0.8292916666666666, "(0, 4, 1, 3, 2)": 0.8440833333333333, "(0, 4, 2, 1, 3)": 0.8236249999999999, "(0, 4, 2, 3, 1)": 0.8589583333333334, "(0, 4, 3, 1, 2)": 0.8447083333333335, "(0, 4, 3, 2, 1)": 0.8576666666666668, "(1, 0, 2, 3, 4)": 0.82025, "(1, 0, 2, 4, 3)": 0.81075, "(1, 0, 3, 2, 4)": 0.8147083333333333, "(1, 0, 3, 4, 2)": 0.8449166666666668, "(1, 0, 4, 2, 3)": 0.815375, "(1, 0, 4, 3, 2)": 0.8379166666666666, "(1, 2, 0, 3, 4)": 0.817625, "(1, 2, 0, 4, 3)": 0.8149583333333332, "(1, 2, 3, 0, 4)": 0.8155, "(1, 2, 3, 4, 0)": 0.8089583333333333, "(1, 2, 4, 0, 3)": 0.8093750000000001, "(1, 2, 4, 3, 0)": 0.7944166666666667, "(1, 3, 0, 2, 4)": 0.8185416666666666, "(1, 3, 0, 4, 2)": 0.8368333333333333, "(1, 3, 2, 0, 4)": 0.8196249999999999, "(1, 3, 2, 4, 0)": 0.8139166666666666, "(1, 3, 4, 0, 2)": 0.8392083333333334, "(1, 3, 4, 2, 0)": 0.8164583333333333, "(1, 4, 0, 2, 3)": 0.8094583333333333, "(1, 4, 0, 3, 2)": 0.8193333333333334, "(1, 4, 2, 0, 3)": 0.812875, "(1, 4, 2, 3, 0)": 0.8109166666666666, "(1, 4, 3, 0, 2)": 0.8366250000000001, "(1, 4, 3, 2, 0)": 0.8183750000000001, "(2, 0, 1, 3, 4)": 0.8267083333333334, "(2, 0, 1, 4, 3)": 0.8235, "(2, 0, 3, 1, 4)": 0.8224166666666667, "(2, 0, 3, 4, 1)": 0.8532083333333332, "(2, 0, 4, 1, 3)": 0.8200833333333334, "(2, 0, 4, 3, 1)": 0.8443333333333335, "(2, 1, 0, 3, 4)": 0.8141666666666666, "(2, 1, 0, 4, 3)": 0.817125, "(2, 1, 3, 0, 4)": 0.8237916666666667, "(2, 1, 3, 4, 0)": 0.8151250000000001, "(2, 1, 4, 0, 3)": 0.8130833333333335, "(2, 1, 4, 3, 0)": 0.8070833333333334, "(2, 3, 0, 1, 4)": 0.8269166666666666, "(2, 3, 0, 4, 1)": 0.8415416666666666, "(2, 3, 1, 0, 4)": 0.8230000000000001, "(2, 3, 1, 4, 0)": 0.8107083333333334, "(2, 3, 4, 0, 1)": 0.85275, "(2, 3, 4, 1, 0)": 0.8216666666666667, "(2, 4, 0, 1, 3)": 0.8197083333333334, "(2, 4, 0, 3, 1)": 0.8510833333333334, "(2, 4, 1, 0, 3)": 0.8188333333333334, "(2, 4, 1, 3, 0)": 0.8165416666666667, "(2, 4, 3, 0, 1)": 0.8345416666666666, "(2, 4, 3, 1, 0)": 0.8152500000000001, "(3, 0, 1, 2, 4)": 0.8296250000000001, "(3, 0, 1, 4, 2)": 0.8414583333333333, "(3, 0, 2, 1, 4)": 0.83175, "(3, 0, 2, 4, 1)": 0.8607916666666666, "(3, 0, 4, 1, 2)": 0.838375, "(3, 0, 4, 2, 1)": 0.860375, "(3, 1, 0, 2, 4)": 0.8282083333333333, "(3, 1, 0, 4, 2)": 0.8434583333333334, "(3, 1, 2, 0, 4)": 0.8297500000000001, "(3, 1, 2, 4, 0)": 0.8169583333333333, "(3, 1, 4, 0, 2)": 0.8413750000000001, "(3, 1, 4, 2, 0)": 0.8200833333333334, "(3, 2, 0, 1, 4)": 0.8265416666666666, "(3, 2, 0, 4, 1)": 0.85825, "(3, 2, 1, 0, 4)": 0.8299166666666666, "(3, 2, 1, 4, 0)": 0.8238333333333333, "(3, 2, 4, 0, 1)": 0.8507500000000001, "(3, 2, 4, 1, 0)": 0.8260833333333334, "(3, 4, 0, 1, 2)": 0.844375, "(3, 4, 0, 2, 1)": 0.859375, "(3, 4, 1, 0, 2)": 0.8539583333333333, "(3, 4, 1, 2, 0)": 0.8236666666666667, "(3, 4, 2, 0, 1)": 0.85575, "(3, 4, 2, 1, 0)": 0.8210416666666668, "(4, 0, 1, 2, 3)": 0.8115833333333334, "(4, 0, 1, 3, 2)": 0.8450833333333333, "(4, 0, 2, 1, 3)": 0.82525, "(4, 0, 2, 3, 1)": 0.8613333333333334, "(4, 0, 3, 1, 2)": 0.8492916666666667, "(4, 0, 3, 2, 1)": 0.8467083333333334, "(4, 1, 0, 2, 3)": 0.8167083333333333, "(4, 1, 0, 3, 2)": 0.8459166666666667, "(4, 1, 2, 0, 3)": 0.8143333333333334, "(4, 1, 2, 3, 0)": 0.8224166666666667, "(4, 1, 3, 0, 2)": 0.8429583333333334, "(4, 1, 3, 2, 0)": 0.820625, "(4, 2, 0, 1, 3)": 0.8235000000000001, "(4, 2, 0, 3, 1)": 0.8511666666666665, "(4, 2, 1, 0, 3)": 0.8247083333333333, "(4, 2, 1, 3, 0)": 0.8266249999999999, "(4, 2, 3, 0, 1)": 0.8585416666666666, "(4, 2, 3, 1, 0)": 0.8261666666666666, "(4, 3, 0, 1, 2)": 0.851125, "(4, 3, 0, 2, 1)": 0.8597083333333334, "(4, 3, 1, 0, 2)": 0.83625, "(4, 3, 1, 2, 0)": 0.8169583333333333, "(4, 3, 2, 0, 1)": 0.8548749999999999, "(4, 3, 2, 1, 0)": 0.82525}