{"(0, 1, 2, 3, 4)": 0.00246714522384787, "(0, 1, 2, 4, 3)": 0.0052796780204857315, "(0, 1, 3, 2, 4)": 0.006024256523975902, "(0, 1, 3, 4, 2)": 0.011134749161471474, "(0, 1, 4, 2, 3)": 0.009688015219274218, "(0, 1, 4, 3, 2)": 0.01534204915329838, "(0, 2, 1, 3, 4)": 0.011284361105333164, "(0, 2, 1, 4, 3)": 0.015066864858578477, "(0, 2, 3, 1, 4)": 0.016795750123832647, "(0, 2, 3, 4, 1)": 0.003198849619611539, "(0, 2, 4, 1, 3)": 0.008956104373864475, "(0, 2, 4, 3, 1)": 0.009710568412244889, "(0, 3, 1, 2, 4)": 0.011497735284249126, "(0, 3, 1, 4, 2)": 0.011176146473628527, "(0, 3, 2, 1, 4)": 0.0029321020142932504, "(0, 3, 2, 4, 1)": 0.014210593661850358, "(0, 3, 4, 1, 2)": 0.003548767391644642, "(0, 3, 4, 2, 1)": 0.004648401756398489, "(0, 4, 1, 2, 3)": 0.01152051310585697, "(0, 4, 1, 3, 2)": 0.014158453501550112, "(0, 4, 2, 1, 3)": 0.007837100158150914, "(0, 4, 2, 3, 1)": 0.002951576791404165, "(0, 4, 3, 1, 2)": 0.015566724660848432, "(0, 4, 3, 2, 1)": 0.008784455968736322, "(1, 0, 2, 3, 4)": 0.0030726165107644323, "(1, 0, 2, 4, 3)": 0.0038301617314271414, "(1, 0, 3, 2, 4)": 0.006801501059815111, "(1, 0, 3, 4, 2)": 0.016829516894102732, "(1, 0, 4, 2, 3)": 0.009904404183100691, "(1, 0, 4, 3, 2)": 0.014435681102354991, "(1, 2, 0, 3, 4)": 0.007475190447220896, "(1, 2, 0, 4, 3)": 0.011748670137509198, "(1, 2, 3, 0, 4)": 0.003124166555525914, "(1, 2, 3, 4, 0)": 0.0138522711735898, "(1, 2, 4, 0, 3)": 0.015040570135470287, "(1, 2, 4, 3, 0)": 0.0014825372395547622, "(1, 3, 0, 2, 4)": 0.007352248333370931, "(1, 3, 0, 4, 2)": 0.010705009211683157, "(1, 3, 2, 0, 4)": 0.007043269048452481, "(1, 3, 2, 4, 0)": 0.007783752665363602, "(1, 3, 4, 0, 2)": 0.005312132340218937, "(1, 3, 4, 2, 0)": 0.012140382567649483, "(1, 4, 0, 2, 3)": 0.011426546819674905, "(1, 4, 0, 3, 2)": 0.011459621139752687, "(1, 4, 2, 0, 3)": 0.009008290934220304, "(1, 4, 2, 3, 0)": 0.011167754922096004, "(1, 4, 3, 0, 2)": 0.0024558603380485655, "(1, 4, 3, 2, 0)": 0.011827903683897436, "(2, 0, 1, 3, 4)": 0.006715188009281624, "(2, 0, 1, 4, 3)": 0.010484280561339916, "(2, 0, 3, 1, 4)": 0.008336874247715552, "(2, 0, 3, 4, 1)": 0.007730710762206058, "(2, 0, 4, 1, 3)": 0.002788244170720307, "(2, 0, 4, 3, 1)": 0.012218638994949009, "(2, 1, 0, 3, 4)": 0.011025223605694162, "(2, 1, 0, 4, 3)": 0.006435847954146282, "(2, 1, 3, 0, 4)": 0.007598199713674877, "(2, 1, 3, 4, 0)": 0.007509022350923335, "(2, 1, 4, 0, 3)": 0.01981187564736529, "(2, 1, 4, 3, 0)": 0.019406918153643614, "(2, 3, 0, 1, 4)": 0.008102425905588741, "(2, 3, 0, 4, 1)": 0.005549336797211764, "(2, 3, 1, 0, 4)": 0.008369919686326464, "(2, 3, 1, 4, 0)": 0.008206535336073413, "(2, 3, 4, 0, 1)": 0.008115271954093041, "(2, 3, 4, 1, 0)": 0.016439387829910928, "(2, 4, 0, 1, 3)": 0.0012416387021459646, "(2, 4, 0, 3, 1)": 0.0031857974756025523, "(2, 4, 1, 0, 3)": 0.015145245862059254, "(2, 4, 1, 3, 0)": 0.008073447563188603, "(2, 4, 3, 0, 1)": 0.003980856970832123, "(2, 4, 3, 1, 0)": 0.0066099146909943665, "(3, 0, 1, 2, 4)": 0.009298484046098891, "(3, 0, 1, 4, 2)": 0.008741861294306253, "(3, 0, 2, 1, 4)": 0.010872844613991278, "(3, 0, 2, 4, 1)": 0.004365266951236255, "(3, 0, 4, 1, 2)": 0.0049888765156985435, "(3, 0, 4, 2, 1)": 0.006029729586713525, "(3, 1, 0, 2, 4)": 0.013335025934232997, "(3, 1, 0, 4, 2)": 0.01249263672017336, "(3, 1, 2, 0, 4)": 0.013129562698988302, "(3, 1, 2, 4, 0)": 0.009896513134545041, "(3, 1, 4, 0, 2)": 0.00811783872441147, "(3, 1, 4, 2, 0)": 0.016015725778815666, "(3, 2, 0, 1, 4)": 0.0050232100183935195, "(3, 2, 0, 4, 1)": 0.006277439764744916, "(3, 2, 1, 0, 4)": 0.008965404186216195, "(3, 2, 1, 4, 0)": 0.012780736372456096, "(3, 2, 4, 0, 1)": 0.01282670283258932, "(3, 2, 4, 1, 0)": 0.015603930238529332, "(3, 4, 0, 1, 2)": 0.010134683298236585, "(3, 4, 0, 2, 1)": 0.01380909020255218, "(3, 4, 1, 0, 2)": 0.004869476928331839, "(3, 4, 1, 2, 0)": 0.0023415035530378447, "(3, 4, 2, 0, 1)": 0.002241496276052144, "(3, 4, 2, 1, 0)": 0.003576543955645881, "(4, 0, 1, 2, 3)": 0.012467875387036345, "(4, 0, 1, 3, 2)": 0.017589947413224446, "(4, 0, 2, 1, 3)": 0.010132627442518943, "(4, 0, 2, 3, 1)": 0.014388339221590395, "(4, 0, 3, 1, 2)": 0.009343186763031624, "(4, 0, 3, 2, 1)": 0.010105863259624157, "(4, 1, 0, 2, 3)": 0.003501983564908437, "(4, 1, 0, 3, 2)": 0.008612813451802826, "(4, 1, 2, 0, 3)": 0.008718594433100411, "(4, 1, 2, 3, 0)": 0.021500080749202382, "(4, 1, 3, 0, 2)": 0.012115761084911981, "(4, 1, 3, 2, 0)": 0.01324069379686058, "(4, 2, 0, 1, 3)": 0.011743349181558033, "(4, 2, 0, 3, 1)": 0.008003471469028635, "(4, 2, 1, 0, 3)": 0.012411352330292889, "(4, 2, 1, 3, 0)": 0.02008808726583991, "(4, 2, 3, 0, 1)": 0.010770813185023077, "(4, 2, 3, 1, 0)": 0.00784241494835764, "(4, 3, 0, 1, 2)": 0.011276358011343943, "(4, 3, 0, 2, 1)": 0.008970437559004575, "(4, 3, 1, 0, 2)": 0.008031189202104485, "(4, 3, 1, 2, 0)": 0.0052054992289138225, "(4, 3, 2, 0, 1)": 0.010036565094138973, "(4, 3, 2, 1, 0)": 0.008451659929005388}