{"(0, 1, 2, 3, 4)": 0.0016996731711975458, "(0, 1, 2, 4, 3)": 0.011264496832477246, "(0, 1, 3, 2, 4)": 0.011433381924095008, "(0, 1, 3, 4, 2)": 0.006177917664283533, "(0, 1, 4, 2, 3)": 0.0067864243571674285, "(0, 1, 4, 3, 2)": 0.010498677165349142, "(0, 2, 1, 3, 4)": 0.016975472502014973, "(0, 2, 1, 4, 3)": 0.011735511161522624, "(0, 2, 3, 1, 4)": 0.013306222437474747, "(0, 2, 3, 4, 1)": 0.025956159620063608, "(0, 2, 4, 1, 3)": 0.010168032695113079, "(0, 2, 4, 3, 1)": 0.01077290840746155, "(0, 3, 1, 2, 4)": 0.00557275116576681, "(0, 3, 1, 4, 2)": 0.007947746011710891, "(0, 3, 2, 1, 4)": 0.013765899897936211, "(0, 3, 2, 4, 1)": 0.018578661595138237, "(0, 3, 4, 1, 2)": 0.0053541261347363, "(0, 3, 4, 2, 1)": 0.0077602978178819065, "(0, 4, 1, 2, 3)": 0.008488554385497869, "(0, 4, 1, 3, 2)": 0.006328945848682446, "(0, 4, 2, 1, 3)": 0.010911258202221923, "(0, 4, 2, 3, 1)": 0.015584892970081294, "(0, 4, 3, 1, 2)": 0.004708148963941873, "(0, 4, 3, 2, 1)": 0.004143267631552022, "(1, 0, 2, 3, 4)": 0.007027722880769303, "(1, 0, 2, 4, 3)": 0.010569873330471987, "(1, 0, 3, 2, 4)": 0.0068353655514699916, "(1, 0, 3, 4, 2)": 0.004262237284181451, "(1, 0, 4, 2, 3)": 0.005542763049438675, "(1, 0, 4, 3, 2)": 0.007483314773547889, "(1, 2, 0, 3, 4)": 0.01408900280360536, "(1, 2, 0, 4, 3)": 0.007717224601860157, "(1, 2, 3, 0, 4)": 0.02289589968143255, "(1, 2, 3, 4, 0)": 0.009131751687868447, "(1, 2, 4, 0, 3)": 0.008806563209081913, "(1, 2, 4, 3, 0)": 0.008498365855987981, "(1, 3, 0, 2, 4)": 0.004189935029992182, "(1, 3, 0, 4, 2)": 0.009392668535736969, "(1, 3, 2, 0, 4)": 0.016945992643296715, "(1, 3, 2, 4, 0)": 0.008339997335464533, "(1, 3, 4, 0, 2)": 0.004696334267868483, "(1, 3, 4, 2, 0)": 0.012222474744866079, "(1, 4, 0, 2, 3)": 0.005906681715556456, "(1, 4, 0, 3, 2)": 0.00726100697026397, "(1, 4, 2, 0, 3)": 0.0031885210782848232, "(1, 4, 2, 3, 0)": 0.010402991022884833, "(1, 4, 3, 0, 2)": 0.008831760866327804, "(1, 4, 3, 2, 0)": 0.0035590260840104248, "(2, 0, 1, 3, 4)": 0.008586164581594178, "(2, 0, 1, 4, 3)": 0.008576453553512412, "(2, 0, 3, 1, 4)": 0.00047140452079103207, "(2, 0, 3, 4, 1)": 0.0032659863237108843, "(2, 0, 4, 1, 3)": 0.01958882901610558, "(2, 0, 4, 3, 1)": 0.006249444419750871, "(2, 1, 0, 3, 4)": 0.003704351795148811, "(2, 1, 0, 4, 3)": 0.002718251071716709, "(2, 1, 3, 0, 4)": 0.012062338081814799, "(2, 1, 3, 4, 0)": 0.010426994879744711, "(2, 1, 4, 0, 3)": 0.00726100697026402, "(2, 1, 4, 3, 0)": 0.01053828997302485, "(2, 3, 0, 1, 4)": 0.00464279609239466, "(2, 3, 0, 4, 1)": 0.015189543186752585, "(2, 3, 1, 0, 4)": 0.005906681715556456, "(2, 3, 1, 4, 0)": 0.003937003937005893, "(2, 3, 4, 0, 1)": 0.02064918615560645, "(2, 3, 4, 1, 0)": 0.017955191140416424, "(2, 4, 0, 1, 3)": 0.013199326582148821, "(2, 4, 0, 3, 1)": 0.005792715732327594, "(2, 4, 1, 0, 3)": 0.002041241452319362, "(2, 4, 1, 3, 0)": 0.006485025486114565, "(2, 4, 3, 0, 1)": 0.008134289561274934, "(2, 4, 3, 1, 0)": 0.003704351795148811, "(3, 0, 1, 2, 4)": 0.02219609575278197, "(3, 0, 1, 4, 2)": 0.014736575812130384, "(3, 0, 2, 1, 4)": 0.008209073570683194, "(3, 0, 2, 4, 1)": 0.002857738033247034, "(3, 0, 4, 1, 2)": 0.008336666000266488, "(3, 0, 4, 2, 1)": 0.006944222218666508, "(3, 1, 0, 2, 4)": 0.010648421896642217, "(3, 1, 0, 4, 2)": 0.007306770072261017, "(3, 1, 2, 0, 4)": 0.004636809247747872, "(3, 1, 2, 4, 0)": 0.010143416036468636, "(3, 1, 4, 0, 2)": 0.006798692684790386, "(3, 1, 4, 2, 0)": 0.008178562764256872, "(3, 2, 0, 1, 4)": 0.009131751687868474, "(3, 2, 0, 4, 1)": 0.002460803843372238, "(3, 2, 1, 0, 4)": 0.0173253186598881, "(3, 2, 1, 4, 0)": 0.003341656275960529, "(3, 2, 4, 0, 1)": 0.008195527235429505, "(3, 2, 4, 1, 0)": 0.004515405728048002, "(3, 4, 0, 1, 2)": 0.0030912061651652374, "(3, 4, 0, 2, 1)": 0.011904714285619006, "(3, 4, 1, 0, 2)": 0.009436925111261388, "(3, 4, 1, 2, 0)": 0.0023570226039551865, "(3, 4, 2, 0, 1)": 0.002094967514996072, "(3, 4, 2, 1, 0)": 0.009741092797468298, "(4, 0, 1, 2, 3)": 0.02000138884066695, "(4, 0, 1, 3, 2)": 0.010198039027185529, "(4, 0, 2, 1, 3)": 0.008897565210026059, "(4, 0, 2, 3, 1)": 0.0017795130420052304, "(4, 0, 3, 1, 2)": 0.00993590570719264, "(4, 0, 3, 2, 1)": 0.004515405728047978, "(4, 1, 0, 2, 3)": 0.009222556888171316, "(4, 1, 0, 3, 2)": 0.01001942557679278, "(4, 1, 2, 0, 3)": 0.010036046144883062, "(4, 1, 2, 3, 0)": 0.009058452161134139, "(4, 1, 3, 0, 2)": 0.006745368781616016, "(4, 1, 3, 2, 0)": 0.003628590176179551, "(4, 2, 0, 1, 3)": 0.005864204028586416, "(4, 2, 0, 3, 1)": 0.009741092797468313, "(4, 2, 1, 0, 3)": 0.013952299690970912, "(4, 2, 1, 3, 0)": 0.014120513053316767, "(4, 2, 3, 0, 1)": 0.009463379711052268, "(4, 2, 3, 1, 0)": 0.01661826304601858, "(4, 3, 0, 1, 2)": 0.009131751687868454, "(4, 3, 0, 2, 1)": 0.005169354139756937, "(4, 3, 1, 0, 2)": 0.015911211979816868, "(4, 3, 1, 2, 0)": 0.010077477638553997, "(4, 3, 2, 0, 1)": 0.01706035039369227, "(4, 3, 2, 1, 0)": 0.002867441755680878}