{"(0, 1, 2, 3, 4)": 0.06906666666666667, "(0, 1, 2, 4, 3)": 0.0712, "(0, 1, 3, 2, 4)": 0.06973333333333333, "(0, 1, 3, 4, 2)": 0.03386666666666666, "(0, 1, 4, 2, 3)": 0.07066666666666667, "(0, 1, 4, 3, 2)": 0.0348, "(0, 2, 1, 3, 4)": 0.06306666666666667, "(0, 2, 1, 4, 3)": 0.07386666666666668, "(0, 2, 3, 1, 4)": 0.0648, "(0, 2, 3, 4, 1)": 0.15519999999999998, "(0, 2, 4, 1, 3)": 0.07279999999999999, "(0, 2, 4, 3, 1)": 0.1596, "(0, 3, 1, 2, 4)": 0.0676, "(0, 3, 1, 4, 2)": 0.034800000000000005, "(0, 3, 2, 1, 4)": 0.0656, "(0, 3, 2, 4, 1)": 0.15706666666666666, "(0, 3, 4, 1, 2)": 0.037200000000000004, "(0, 3, 4, 2, 1)": 0.1570666666666667, "(0, 4, 1, 2, 3)": 0.0732, "(0, 4, 1, 3, 2)": 0.03426666666666667, "(0, 4, 2, 1, 3)": 0.07640000000000001, "(0, 4, 2, 3, 1)": 0.1556, "(0, 4, 3, 1, 2)": 0.042, "(0, 4, 3, 2, 1)": 0.15053333333333332, "(1, 0, 2, 3, 4)": 0.06853333333333333, "(1, 0, 2, 4, 3)": 0.06746666666666666, "(1, 0, 3, 2, 4)": 0.0684, "(1, 0, 3, 4, 2)": 0.03493333333333334, "(1, 0, 4, 2, 3)": 0.07133333333333332, "(1, 0, 4, 3, 2)": 0.0408, "(1, 2, 0, 3, 4)": 0.0664, "(1, 2, 0, 4, 3)": 0.07373333333333333, "(1, 2, 3, 0, 4)": 0.06933333333333333, "(1, 2, 3, 4, 0)": 0.18439999999999998, "(1, 2, 4, 0, 3)": 0.07106666666666668, "(1, 2, 4, 3, 0)": 0.18400000000000002, "(1, 3, 0, 2, 4)": 0.06986666666666667, "(1, 3, 0, 4, 2)": 0.03386666666666666, "(1, 3, 2, 0, 4)": 0.06666666666666667, "(1, 3, 2, 4, 0)": 0.18626666666666666, "(1, 3, 4, 0, 2)": 0.03493333333333334, "(1, 3, 4, 2, 0)": 0.18146666666666667, "(1, 4, 0, 2, 3)": 0.06053333333333333, "(1, 4, 0, 3, 2)": 0.0404, "(1, 4, 2, 0, 3)": 0.06653333333333333, "(1, 4, 2, 3, 0)": 0.18653333333333333, "(1, 4, 3, 0, 2)": 0.035333333333333335, "(1, 4, 3, 2, 0)": 0.1829333333333333, "(2, 0, 1, 3, 4)": 0.06613333333333334, "(2, 0, 1, 4, 3)": 0.06973333333333333, "(2, 0, 3, 1, 4)": 0.0672, "(2, 0, 3, 4, 1)": 0.16253333333333334, "(2, 0, 4, 1, 3)": 0.06946666666666668, "(2, 0, 4, 3, 1)": 0.16133333333333333, "(2, 1, 0, 3, 4)": 0.06293333333333333, "(2, 1, 0, 4, 3)": 0.0672, "(2, 1, 3, 0, 4)": 0.0696, "(2, 1, 3, 4, 0)": 0.1890666666666667, "(2, 1, 4, 0, 3)": 0.06906666666666667, "(2, 1, 4, 3, 0)": 0.18533333333333332, "(2, 3, 0, 1, 4)": 0.06746666666666666, "(2, 3, 0, 4, 1)": 0.16, "(2, 3, 1, 0, 4)": 0.0652, "(2, 3, 1, 4, 0)": 0.1842666666666667, "(2, 3, 4, 0, 1)": 0.1616, "(2, 3, 4, 1, 0)": 0.19053333333333333, "(2, 4, 0, 1, 3)": 0.06906666666666667, "(2, 4, 0, 3, 1)": 0.16533333333333333, "(2, 4, 1, 0, 3)": 0.07133333333333333, "(2, 4, 1, 3, 0)": 0.1848, "(2, 4, 3, 0, 1)": 0.16213333333333335, "(2, 4, 3, 1, 0)": 0.18453333333333333, "(3, 0, 1, 2, 4)": 0.0672, "(3, 0, 1, 4, 2)": 0.036533333333333334, "(3, 0, 2, 1, 4)": 0.068, "(3, 0, 2, 4, 1)": 0.16079999999999997, "(3, 0, 4, 1, 2)": 0.03946666666666667, "(3, 0, 4, 2, 1)": 0.15786666666666668, "(3, 1, 0, 2, 4)": 0.06866666666666667, "(3, 1, 0, 4, 2)": 0.04733333333333334, "(3, 1, 2, 0, 4)": 0.06546666666666666, "(3, 1, 2, 4, 0)": 0.18866666666666668, "(3, 1, 4, 0, 2)": 0.0336, "(3, 1, 4, 2, 0)": 0.18413333333333334, "(3, 2, 0, 1, 4)": 0.06626666666666665, "(3, 2, 0, 4, 1)": 0.16279999999999997, "(3, 2, 1, 0, 4)": 0.06586666666666667, "(3, 2, 1, 4, 0)": 0.18373333333333333, "(3, 2, 4, 0, 1)": 0.1632, "(3, 2, 4, 1, 0)": 0.19720000000000001, "(3, 4, 0, 1, 2)": 0.0416, "(3, 4, 0, 2, 1)": 0.14960000000000004, "(3, 4, 1, 0, 2)": 0.03613333333333333, "(3, 4, 1, 2, 0)": 0.18613333333333335, "(3, 4, 2, 0, 1)": 0.15626666666666666, "(3, 4, 2, 1, 0)": 0.17679999999999998, "(4, 0, 1, 2, 3)": 0.07093333333333333, "(4, 0, 1, 3, 2)": 0.035333333333333335, "(4, 0, 2, 1, 3)": 0.0636, "(4, 0, 2, 3, 1)": 0.1536, "(4, 0, 3, 1, 2)": 0.03733333333333333, "(4, 0, 3, 2, 1)": 0.1564, "(4, 1, 0, 2, 3)": 0.07373333333333333, "(4, 1, 0, 3, 2)": 0.03413333333333333, "(4, 1, 2, 0, 3)": 0.0684, "(4, 1, 2, 3, 0)": 0.18453333333333333, "(4, 1, 3, 0, 2)": 0.04106666666666666, "(4, 1, 3, 2, 0)": 0.1849333333333333, "(4, 2, 0, 1, 3)": 0.06933333333333334, "(4, 2, 0, 3, 1)": 0.15893333333333334, "(4, 2, 1, 0, 3)": 0.07386666666666668, "(4, 2, 1, 3, 0)": 0.18373333333333333, "(4, 2, 3, 0, 1)": 0.16013333333333335, "(4, 2, 3, 1, 0)": 0.18999999999999997, "(4, 3, 0, 1, 2)": 0.044000000000000004, "(4, 3, 0, 2, 1)": 0.15826666666666667, "(4, 3, 1, 0, 2)": 0.03946666666666667, "(4, 3, 1, 2, 0)": 0.18306666666666668, "(4, 3, 2, 0, 1)": 0.1552, "(4, 3, 2, 1, 0)": 0.17746666666666666}