{"(0, 1, 2, 3, 4)": 0.0032441186099702907, "(0, 1, 2, 4, 3)": 0.004302776881141886, "(0, 1, 3, 2, 4)": 0.0002946278254944147, "(0, 1, 3, 4, 2)": 0.007005206397149738, "(0, 1, 4, 2, 3)": 0.007013627607894655, "(0, 1, 4, 3, 2)": 0.015319853676411727, "(0, 2, 1, 3, 4)": 0.007886565581206184, "(0, 2, 1, 4, 3)": 0.005531475591758729, "(0, 2, 3, 1, 4)": 0.011590375557140325, "(0, 2, 3, 4, 1)": 0.010316013711162296, "(0, 2, 4, 1, 3)": 0.005511666918657395, "(0, 2, 4, 3, 1)": 0.011176767819405091, "(0, 3, 1, 2, 4)": 0.004858769277182157, "(0, 3, 1, 4, 2)": 0.010580216076348462, "(0, 3, 2, 1, 4)": 0.012017926424951884, "(0, 3, 2, 4, 1)": 0.014467036285600749, "(0, 3, 4, 1, 2)": 0.01020433595204616, "(0, 3, 4, 2, 1)": 0.0023724401409144814, "(0, 4, 1, 2, 3)": 0.009382497002397615, "(0, 4, 1, 3, 2)": 0.005791816544823333, "(0, 4, 2, 1, 3)": 0.018386570431220186, "(0, 4, 2, 3, 1)": 0.013742169487465258, "(0, 4, 3, 1, 2)": 0.007673683383269486, "(0, 4, 3, 2, 1)": 0.0017598926734952735, "(1, 0, 2, 3, 4)": 0.006526654749733771, "(1, 0, 2, 4, 3)": 0.005869234759887128, "(1, 0, 3, 2, 4)": 0.009710389624864032, "(1, 0, 3, 4, 2)": 0.01202529163425522, "(1, 0, 4, 2, 3)": 0.018245147756778154, "(1, 0, 4, 3, 2)": 0.006529580129431487, "(1, 2, 0, 3, 4)": 0.009119576013536305, "(1, 2, 0, 4, 3)": 0.006516272366587726, "(1, 2, 3, 0, 4)": 0.011715967262197731, "(1, 2, 3, 4, 0)": 0.008810702141272341, "(1, 2, 4, 0, 3)": 0.001969383716349438, "(1, 2, 4, 3, 0)": 0.013287812920952166, "(1, 3, 0, 2, 4)": 0.012767689254085484, "(1, 3, 0, 4, 2)": 0.003211848723433576, "(1, 3, 2, 0, 4)": 0.0073543732265608725, "(1, 3, 2, 4, 0)": 0.011666517856193817, "(1, 3, 4, 0, 2)": 0.002509011536220763, "(1, 3, 4, 2, 0)": 0.0071387537816873774, "(1, 4, 0, 2, 3)": 0.012535920610611559, "(1, 4, 0, 3, 2)": 0.011735511161522607, "(1, 4, 2, 0, 3)": 0.0072464071557335865, "(1, 4, 2, 3, 0)": 0.006096447052724008, "(1, 4, 3, 0, 2)": 0.00410326766803671, "(1, 4, 3, 2, 0)": 0.003070920962114646, "(2, 0, 1, 3, 4)": 0.006313290654554843, "(2, 0, 1, 4, 3)": 0.008864136543773812, "(2, 0, 3, 1, 4)": 0.009750534173401295, "(2, 0, 3, 4, 1)": 0.0052480154979446005, "(2, 0, 4, 1, 3)": 0.007677302405286804, "(2, 0, 4, 3, 1)": 0.014311393091597355, "(2, 1, 0, 3, 4)": 0.013827935693933377, "(2, 1, 0, 4, 3)": 0.008982235554446058, "(2, 1, 3, 0, 4)": 0.004138655847279647, "(2, 1, 3, 4, 0)": 0.0037836453615821383, "(2, 1, 4, 0, 3)": 0.0073925168620407175, "(2, 1, 4, 3, 0)": 0.0095286483243369, "(2, 3, 0, 1, 4)": 0.011388499315830268, "(2, 3, 0, 4, 1)": 0.010767588969784393, "(2, 3, 1, 0, 4)": 0.011024593718893552, "(2, 3, 1, 4, 0)": 0.007093375234838659, "(2, 3, 4, 0, 1)": 0.009016189143239352, "(2, 3, 4, 1, 0)": 0.0069028476410504455, "(2, 4, 0, 1, 3)": 0.0027405139420675836, "(2, 4, 0, 3, 1)": 0.002887352689845065, "(2, 4, 1, 0, 3)": 0.00264771914421952, "(2, 4, 1, 3, 0)": 0.009162309570554096, "(2, 4, 3, 0, 1)": 0.01180851270153112, "(2, 4, 3, 1, 0)": 0.007484010734002588, "(3, 0, 1, 2, 4)": 0.008928535714214337, "(3, 0, 1, 4, 2)": 0.00659966329107445, "(3, 0, 2, 1, 4)": 0.01797751295986796, "(3, 0, 2, 4, 1)": 0.007938784891628869, "(3, 0, 4, 1, 2)": 0.008901271756827115, "(3, 0, 4, 2, 1)": 0.0015855247992033847, "(3, 1, 0, 2, 4)": 0.007328833846906063, "(3, 1, 0, 4, 2)": 0.011892019966720922, "(3, 1, 2, 0, 4)": 0.00644070173885498, "(3, 1, 2, 4, 0)": 0.010470195795685986, "(3, 1, 4, 0, 2)": 0.02044054725838382, "(3, 1, 4, 2, 0)": 0.016720434105209948, "(3, 2, 0, 1, 4)": 0.004238137038317107, "(3, 2, 0, 4, 1)": 0.006584651766713954, "(3, 2, 1, 0, 4)": 0.01477469683840135, "(3, 2, 1, 4, 0)": 0.007493284030086911, "(3, 2, 4, 0, 1)": 0.011197562978910416, "(3, 2, 4, 1, 0)": 0.007613265104773089, "(3, 4, 0, 1, 2)": 0.00950730713130107, "(3, 4, 0, 2, 1)": 0.014857073698709602, "(3, 4, 1, 0, 2)": 0.021238313780105565, "(3, 4, 1, 2, 0)": 0.014037647792830404, "(3, 4, 2, 0, 1)": 0.020660281271614442, "(3, 4, 2, 1, 0)": 0.017626132745317494, "(4, 0, 1, 2, 3)": 0.009696613097136292, "(4, 0, 1, 3, 2)": 0.0057239749203581575, "(4, 0, 2, 1, 3)": 0.010939860856315955, "(4, 0, 2, 3, 1)": 0.0037346909733827808, "(4, 0, 3, 1, 2)": 0.01300600822696956, "(4, 0, 3, 2, 1)": 0.003556586222145556, "(4, 1, 0, 2, 3)": 0.0058336309447890025, "(4, 1, 0, 3, 2)": 0.013615631335588746, "(4, 1, 2, 0, 3)": 0.0050624571328775035, "(4, 1, 2, 3, 0)": 0.005616196815164764, "(4, 1, 3, 0, 2)": 0.012170804091029556, "(4, 1, 3, 2, 0)": 0.013232430699694712, "(4, 2, 0, 1, 3)": 0.0018408935028646155, "(4, 2, 0, 3, 1)": 0.016559341942104934, "(4, 2, 1, 0, 3)": 0.016279247184341383, "(4, 2, 1, 3, 0)": 0.020057815739063442, "(4, 2, 3, 0, 1)": 0.003425293985760743, "(4, 2, 3, 1, 0)": 0.006984357522349448, "(4, 3, 0, 1, 2)": 0.004732790461826482, "(4, 3, 0, 2, 1)": 0.009917541978176295, "(4, 3, 1, 0, 2)": 0.016823842208801915, "(4, 3, 1, 2, 0)": 0.006737127643802591, "(4, 3, 2, 0, 1)": 0.0028692575501144293, "(4, 3, 2, 1, 0)": 0.011730628239309671}