{"(0, 1, 2, 3, 4)": [0.20316666666666663, 0.06283333333333334, 0.13233333333333333, 0.2738333333333333, 0.8341666666666666], "(0, 1, 2, 4, 3)": [0.3408333333333333, 0.0145, 0.016833333333333332, 0.902, 0.31716666666666665], "(0, 1, 3, 2, 4)": [0.17049999999999998, 0.06533333333333334, 0.25133333333333335, 0.18533333333333335, 0.8458333333333333], "(0, 1, 3, 4, 2)": [0.33583333333333326, 0.0030000000000000005, 0.8138333333333333, 0.030833333333333334, 0.29916666666666664], "(0, 1, 4, 2, 3)": [0.44849999999999995, 0.009666666666666667, 0.012000000000000002, 0.8959999999999999, 0.161], "(0, 1, 4, 3, 2)": [0.38716666666666666, 0.005166666666666667, 0.8025000000000001, 0.06833333333333334, 0.1945], "(0, 2, 1, 3, 4)": [0.17233333333333334, 0.09100000000000001, 0.08483333333333333, 0.30866666666666664, 0.8424999999999999], "(0, 2, 1, 4, 3)": [0.34450000000000003, 0.02866666666666667, 0.016, 0.8933333333333332, 0.31283333333333335], "(0, 2, 3, 1, 4)": [0.22033333333333335, 0.18300000000000002, 0.043000000000000003, 0.14216666666666666, 0.8391666666666667], "(0, 2, 3, 4, 1)": [0.2885, 0.7336666666666667, 0.015, 0.0535, 0.27099999999999996], "(0, 2, 4, 1, 3)": [0.44049999999999995, 0.043166666666666666, 0.004666666666666667, 0.8973333333333332, 0.2343333333333333], "(0, 2, 4, 3, 1)": [0.3546666666666667, 0.7589999999999999, 0.007, 0.03766666666666667, 0.23683333333333337], "(0, 3, 1, 2, 4)": [0.18683333333333332, 0.061, 0.2866666666666667, 0.12466666666666666, 0.8525], "(0, 3, 1, 4, 2)": [0.2916666666666667, 0.008833333333333334, 0.8006666666666667, 0.06433333333333334, 0.338], "(0, 3, 2, 1, 4)": [0.17400000000000002, 0.22083333333333333, 0.042, 0.10883333333333334, 0.8518333333333333], "(0, 3, 2, 4, 1)": [0.23883333333333334, 0.7478333333333333, 0.007, 0.06216666666666667, 0.2591666666666667], "(0, 3, 4, 1, 2)": [0.37166666666666676, 0.009, 0.7946666666666666, 0.039, 0.25616666666666665], "(0, 3, 4, 2, 1)": [0.30950000000000005, 0.7448333333333333, 0.0036666666666666666, 0.06016666666666667, 0.23466666666666666], "(0, 4, 1, 2, 3)": [0.4166666666666667, 0.016166666666666666, 0.02316666666666667, 0.8935, 0.2333333333333333], "(0, 4, 1, 3, 2)": [0.35966666666666675, 0.0026666666666666666, 0.809, 0.06866666666666667, 0.2205], "(0, 4, 2, 1, 3)": [0.43816666666666665, 0.024999999999999998, 0.007833333333333333, 0.8929999999999999, 0.22383333333333333], "(0, 4, 2, 3, 1)": [0.3666666666666667, 0.7416666666666667, 0.002166666666666667, 0.05366666666666667, 0.24983333333333332], "(0, 4, 3, 1, 2)": [0.36450000000000005, 0.014333333333333332, 0.8008333333333334, 0.027499999999999997, 0.21799999999999997], "(0, 4, 3, 2, 1)": [0.34366666666666673, 0.7515000000000001, 0.010666666666666666, 0.029833333333333333, 0.16433333333333333], "(1, 0, 2, 3, 4)": [0.04616666666666667, 0.15683333333333335, 0.06933333333333334, 0.16283333333333336, 0.8563333333333333], "(1, 0, 2, 4, 3)": [0.16366666666666665, 0.08383333333333333, 0.01983333333333333, 0.8906666666666666, 0.09983333333333333], "(1, 0, 3, 2, 4)": [0.065, 0.2061666666666667, 0.22333333333333336, 0.17433333333333334, 0.8198333333333333], "(1, 0, 3, 4, 2)": [0.15466666666666665, 0.03416666666666667, 0.7968333333333334, 0.04583333333333333, 0.2753333333333333], "(1, 0, 4, 2, 3)": [0.17133333333333334, 0.03566666666666666, 0.011833333333333335, 0.8853333333333334, 0.26383333333333336], "(1, 0, 4, 3, 2)": [0.1645, 0.06383333333333334, 0.7696666666666667, 0.05383333333333334, 0.14583333333333334], "(1, 2, 0, 3, 4)": [0.034499999999999996, 0.18133333333333335, 0.10333333333333335, 0.14583333333333334, 0.8208333333333333], "(1, 2, 0, 4, 3)": [0.09800000000000002, 0.05933333333333333, 0.026, 0.8866666666666667, 0.2625], "(1, 2, 3, 0, 4)": [0.008833333333333334, 0.12350000000000001, 0.134, 0.10266666666666667, 0.8405], "(1, 2, 3, 4, 0)": [0.8835000000000001, 0.10049999999999999, 0.13983333333333334, 0.11116666666666668, 0.011333333333333334], "(1, 2, 4, 0, 3)": [0.17166666666666666, 0.078, 0.030333333333333334, 0.8831666666666665, 0.09949999999999999], "(1, 2, 4, 3, 0)": [0.8806666666666666, 0.13316666666666668, 0.09566666666666666, 0.0695, 0.011833333333333333], "(1, 3, 0, 2, 4)": [0.020166666666666666, 0.14633333333333334, 0.1885, 0.13916666666666666, 0.8614999999999999], "(1, 3, 0, 4, 2)": [0.06566666666666666, 0.04916666666666667, 0.774, 0.05399999999999999, 0.2528333333333333], "(1, 3, 2, 0, 4)": [0.03250000000000001, 0.16383333333333333, 0.09100000000000001, 0.12916666666666668, 0.8636666666666667], "(1, 3, 2, 4, 0)": [0.8803333333333333, 0.1465, 0.05183333333333332, 0.13716666666666666, 0.005333333333333333], "(1, 3, 4, 0, 2)": [0.23450000000000001, 0.03283333333333333, 0.79, 0.04533333333333334, 0.04616666666666667], "(1, 3, 4, 2, 0)": [0.8805, 0.12833333333333333, 0.09933333333333333, 0.1155, 0.012333333333333333], "(1, 4, 0, 2, 3)": [0.18816666666666668, 0.0735, 0.011500000000000002, 0.8893333333333334, 0.13333333333333333], "(1, 4, 0, 3, 2)": [0.18699999999999997, 0.034833333333333334, 0.7878333333333334, 0.0195, 0.10899999999999999], "(1, 4, 2, 0, 3)": [0.08600000000000001, 0.16583333333333336, 0.015666666666666666, 0.7635, 0.11283333333333334], "(1, 4, 2, 3, 0)": [0.8690000000000001, 0.12616666666666668, 0.08116666666666666, 0.18666666666666668, 0.015666666666666666], "(1, 4, 3, 0, 2)": [0.2853333333333333, 0.034999999999999996, 0.7665000000000001, 0.04633333333333334, 0.14966666666666664], "(1, 4, 3, 2, 0)": [0.8743333333333334, 0.11466666666666668, 0.1685, 0.10083333333333333, 0.013166666666666667], "(2, 0, 1, 3, 4)": [0.04683333333333334, 0.052333333333333336, 0.159, 0.19699999999999998, 0.8316666666666667], "(2, 0, 1, 4, 3)": [0.13266666666666668, 0.02, 0.0835, 0.8871666666666668, 0.21850000000000003], "(2, 0, 3, 1, 4)": [0.02266666666666667, 0.11316666666666668, 0.25266666666666665, 0.11316666666666668, 0.8588333333333332], "(2, 0, 3, 4, 1)": [0.1025, 0.7444999999999999, 0.057166666666666664, 0.06583333333333333, 0.18383333333333332], "(2, 0, 4, 1, 3)": [0.20716666666666664, 0.044833333333333336, 0.05466666666666667, 0.8901666666666667, 0.20333333333333334], "(2, 0, 4, 3, 1)": [0.10866666666666668, 0.7530000000000001, 0.043333333333333335, 0.054, 0.21066666666666667], "(2, 1, 0, 3, 4)": [0.021333333333333333, 0.09083333333333334, 0.20950000000000002, 0.1515, 0.8595], "(2, 1, 0, 4, 3)": [0.13266666666666668, 0.013499999999999998, 0.08683333333333333, 0.884, 0.2763333333333333], "(2, 1, 3, 0, 4)": [0.025166666666666667, 0.050499999999999996, 0.16766666666666666, 0.13599999999999998, 0.8530000000000001], "(2, 1, 3, 4, 0)": [0.8946666666666667, 0.056999999999999995, 0.19133333333333336, 0.09916666666666667, 0.0036666666666666666], "(2, 1, 4, 0, 3)": [0.25833333333333336, 0.029333333333333336, 0.09233333333333334, 0.8821666666666667, 0.05683333333333334], "(2, 1, 4, 3, 0)": [0.8846666666666666, 0.042666666666666665, 0.1875, 0.15533333333333332, 0.02333333333333333], "(2, 3, 0, 1, 4)": [0.0195, 0.14416666666666667, 0.18716666666666668, 0.15566666666666665, 0.8463333333333334], "(2, 3, 0, 4, 1)": [0.050166666666666665, 0.7494999999999999, 0.03183333333333333, 0.085, 0.16133333333333333], "(2, 3, 1, 0, 4)": [0.02666666666666667, 0.09300000000000001, 0.17466666666666666, 0.18783333333333332, 0.8651666666666666], "(2, 3, 1, 4, 0)": [0.8706666666666667, 0.06999999999999999, 0.19833333333333333, 0.11566666666666665, 0.008833333333333334], "(2, 3, 4, 0, 1)": [0.1978333333333333, 0.7543333333333333, 0.027833333333333335, 0.05783333333333333, 0.07166666666666667], "(2, 3, 4, 1, 0)": [0.9025, 0.111, 0.14983333333333332, 0.10099999999999999, 0.007833333333333333], "(2, 4, 0, 1, 3)": [0.3076666666666667, 0.03283333333333333, 0.07183333333333335, 0.8808333333333334, 0.10966666666666668], "(2, 4, 0, 3, 1)": [0.16949999999999998, 0.7486666666666667, 0.03716666666666667, 0.07233333333333333, 0.11699999999999999], "(2, 4, 1, 0, 3)": [0.2543333333333333, 0.026333333333333334, 0.07166666666666667, 0.8871666666666665, 0.14316666666666666],