{"(0, 1, 2, 3, 4)": 0.17180000000000004, "(0, 1, 2, 4, 3)": 0.1789333333333333, "(0, 1, 3, 2, 4)": 0.17046666666666666, "(0, 1, 3, 4, 2)": 0.16253333333333334, "(0, 1, 4, 2, 3)": 0.17736666666666667, "(0, 1, 4, 3, 2)": 0.16083333333333336, "(0, 2, 1, 3, 4)": 0.1709333333333333, "(0, 2, 1, 4, 3)": 0.17963333333333334, "(0, 2, 3, 1, 4)": 0.17016666666666666, "(0, 2, 3, 4, 1)": 0.14959999999999998, "(0, 2, 4, 1, 3)": 0.1794, "(0, 2, 4, 3, 1)": 0.1527333333333333, "(0, 3, 1, 2, 4)": 0.17006666666666667, "(0, 3, 1, 4, 2)": 0.15990000000000001, "(0, 3, 2, 1, 4)": 0.16979999999999998, "(0, 3, 2, 4, 1)": 0.14946666666666666, "(0, 3, 4, 1, 2)": 0.16133333333333333, "(0, 3, 4, 2, 1)": 0.15126666666666666, "(0, 4, 1, 2, 3)": 0.17843333333333333, "(0, 4, 1, 3, 2)": 0.16013333333333332, "(0, 4, 2, 1, 3)": 0.17896666666666664, "(0, 4, 2, 3, 1)": 0.1536, "(0, 4, 3, 1, 2)": 0.16176666666666664, "(0, 4, 3, 2, 1)": 0.1491, "(1, 0, 2, 3, 4)": 0.1718666666666667, "(1, 0, 2, 4, 3)": 0.17800000000000002, "(1, 0, 3, 2, 4)": 0.17, "(1, 0, 3, 4, 2)": 0.15996666666666667, "(1, 0, 4, 2, 3)": 0.1782, "(1, 0, 4, 3, 2)": 0.15996666666666667, "(1, 2, 0, 3, 4)": 0.17033333333333334, "(1, 2, 0, 4, 3)": 0.17926666666666669, "(1, 2, 3, 0, 4)": 0.17029999999999998, "(1, 2, 3, 4, 0)": 0.17703333333333335, "(1, 2, 4, 0, 3)": 0.17876666666666666, "(1, 2, 4, 3, 0)": 0.1767, "(1, 3, 0, 2, 4)": 0.17120000000000002, "(1, 3, 0, 4, 2)": 0.16126666666666667, "(1, 3, 2, 0, 4)": 0.171, "(1, 3, 2, 4, 0)": 0.17813333333333334, "(1, 3, 4, 0, 2)": 0.16069999999999998, "(1, 3, 4, 2, 0)": 0.17429999999999998, "(1, 4, 0, 2, 3)": 0.17803333333333335, "(1, 4, 0, 3, 2)": 0.16026666666666667, "(1, 4, 2, 0, 3)": 0.17653333333333335, "(1, 4, 2, 3, 0)": 0.17746666666666666, "(1, 4, 3, 0, 2)": 0.16056666666666666, "(1, 4, 3, 2, 0)": 0.17703333333333335, "(2, 0, 1, 3, 4)": 0.17016666666666666, "(2, 0, 1, 4, 3)": 0.17726666666666668, "(2, 0, 3, 1, 4)": 0.17066666666666666, "(2, 0, 3, 4, 1)": 0.15083333333333335, "(2, 0, 4, 1, 3)": 0.1805, "(2, 0, 4, 3, 1)": 0.15133333333333335, "(2, 1, 0, 3, 4)": 0.17290000000000003, "(2, 1, 0, 4, 3)": 0.17856666666666668, "(2, 1, 3, 0, 4)": 0.1727, "(2, 1, 3, 4, 0)": 0.17626666666666668, "(2, 1, 4, 0, 3)": 0.17876666666666666, "(2, 1, 4, 3, 0)": 0.17663333333333334, "(2, 3, 0, 1, 4)": 0.16896666666666668, "(2, 3, 0, 4, 1)": 0.15143333333333334, "(2, 3, 1, 0, 4)": 0.1711666666666667, "(2, 3, 1, 4, 0)": 0.17456666666666665, "(2, 3, 4, 0, 1)": 0.15476666666666666, "(2, 3, 4, 1, 0)": 0.1759666666666667, "(2, 4, 0, 1, 3)": 0.17869999999999997, "(2, 4, 0, 3, 1)": 0.1491, "(2, 4, 1, 0, 3)": 0.1792, "(2, 4, 1, 3, 0)": 0.1736, "(2, 4, 3, 0, 1)": 0.1509, "(2, 4, 3, 1, 0)": 0.1759666666666667, "(3, 0, 1, 2, 4)": 0.17123333333333335, "(3, 0, 1, 4, 2)": 0.16140000000000002, "(3, 0, 2, 1, 4)": 0.16776666666666665, "(3, 0, 2, 4, 1)": 0.15116666666666667, "(3, 0, 4, 1, 2)": 0.16156666666666666, "(3, 0, 4, 2, 1)": 0.15333333333333332, "(3, 1, 0, 2, 4)": 0.16923333333333332, "(3, 1, 0, 4, 2)": 0.16286666666666666, "(3, 1, 2, 0, 4)": 0.17076666666666665, "(3, 1, 2, 4, 0)": 0.1762, "(3, 1, 4, 0, 2)": 0.16106666666666666, "(3, 1, 4, 2, 0)": 0.17733333333333334, "(3, 2, 0, 1, 4)": 0.17120000000000002, "(3, 2, 0, 4, 1)": 0.1506333333333333, "(3, 2, 1, 0, 4)": 0.17203333333333334, "(3, 2, 1, 4, 0)": 0.17526666666666668, "(3, 2, 4, 0, 1)": 0.15123333333333333, "(3, 2, 4, 1, 0)": 0.17656666666666668, "(3, 4, 0, 1, 2)": 0.1613, "(3, 4, 0, 2, 1)": 0.15003333333333335, "(3, 4, 1, 0, 2)": 0.1605, "(3, 4, 1, 2, 0)": 0.17396666666666669, "(3, 4, 2, 0, 1)": 0.15146666666666667, "(3, 4, 2, 1, 0)": 0.17616666666666667, "(4, 0, 1, 2, 3)": 0.17823333333333333, "(4, 0, 1, 3, 2)": 0.15896666666666667, "(4, 0, 2, 1, 3)": 0.17923333333333336, "(4, 0, 2, 3, 1)": 0.15026666666666666, "(4, 0, 3, 1, 2)": 0.15923333333333334, "(4, 0, 3, 2, 1)": 0.15180000000000002, "(4, 1, 0, 2, 3)": 0.17666666666666667, "(4, 1, 0, 3, 2)": 0.1612, "(4, 1, 2, 0, 3)": 0.17906666666666668, "(4, 1, 2, 3, 0)": 0.1742, "(4, 1, 3, 0, 2)": 0.15956666666666666, "(4, 1, 3, 2, 0)": 0.17486666666666664, "(4, 2, 0, 1, 3)": 0.17930000000000001, "(4, 2, 0, 3, 1)": 0.15263333333333332, "(4, 2, 1, 0, 3)": 0.1782, "(4, 2, 1, 3, 0)": 0.17836666666666667, "(4, 2, 3, 0, 1)": 0.15153333333333333, "(4, 2, 3, 1, 0)": 0.1748333333333333, "(4, 3, 0, 1, 2)": 0.16053333333333333, "(4, 3, 0, 2, 1)": 0.15070000000000003, "(4, 3, 1, 0, 2)": 0.16156666666666666, "(4, 3, 1, 2, 0)": 0.1769666666666667, "(4, 3, 2, 0, 1)": 0.15073333333333333, "(4, 3, 2, 1, 0)": 0.17426666666666668}