{"(0, 1, 2, 3, 4)": [0.0, 0.0, 0.0, 0.0, 0.8825], "(0, 1, 2, 4, 3)": [0.0, 0.0, 0.0, 0.915, 0.0], "(0, 1, 3, 2, 4)": [0.0, 0.0, 0.0, 0.0, 0.8873333333333333], "(0, 1, 3, 4, 2)": [0.0, 0.0, 0.8438333333333333, 0.0, 0.0], "(0, 1, 4, 2, 3)": [0.0, 0.0, 0.0, 0.9203333333333333, 0.0], "(0, 1, 4, 3, 2)": [0.0, 0.0, 0.8471666666666667, 0.0, 0.0], "(0, 2, 1, 3, 4)": [0.0, 0.0, 0.0, 0.0, 0.8718333333333333], "(0, 2, 1, 4, 3)": [0.0, 0.0, 0.0, 0.9208333333333334, 0.0], "(0, 2, 3, 1, 4)": [0.0, 0.0, 0.0, 0.0, 0.882], "(0, 2, 3, 4, 1)": [0.0, 0.8968333333333333, 0.0, 0.0, 0.0], "(0, 2, 4, 1, 3)": [0.0, 0.0, 0.0, 0.915, 0.0], "(0, 2, 4, 3, 1)": [0.0, 0.8993333333333333, 0.0, 0.0, 0.0], "(0, 3, 1, 2, 4)": [0.0, 0.0, 0.0, 0.0, 0.8826666666666666], "(0, 3, 1, 4, 2)": [0.0, 0.0, 0.8424999999999999, 0.0, 0.0], "(0, 3, 2, 1, 4)": [0.0, 0.0, 0.0, 0.0, 0.8744999999999999], "(0, 3, 2, 4, 1)": [0.0, 0.8973333333333334, 0.0, 0.0, 0.0], "(0, 3, 4, 1, 2)": [0.0, 0.0, 0.8273333333333334, 0.0, 0.0], "(0, 3, 4, 2, 1)": [0.0, 0.9034999999999999, 0.0, 0.0, 0.0], "(0, 4, 1, 2, 3)": [0.0, 0.0, 0.0, 0.9185, 0.0], "(0, 4, 1, 3, 2)": [0.0, 0.0, 0.8368333333333333, 0.0, 0.0], "(0, 4, 2, 1, 3)": [0.0, 0.0, 0.0, 0.9155000000000001, 0.0], "(0, 4, 2, 3, 1)": [0.0, 0.9055, 0.0, 0.0, 0.0], "(0, 4, 3, 1, 2)": [0.0, 0.0, 0.8376666666666667, 0.0, 0.0], "(0, 4, 3, 2, 1)": [0.0, 0.8983333333333333, 0.0, 0.0, 0.0], "(1, 0, 2, 3, 4)": [0.0, 0.0, 0.0, 0.0, 0.8701666666666666], "(1, 0, 2, 4, 3)": [0.0, 0.0, 0.0, 0.9083333333333333, 0.0], "(1, 0, 3, 2, 4)": [0.0, 0.0, 0.0, 0.0, 0.88], "(1, 0, 3, 4, 2)": [0.0, 0.0, 0.844, 0.0, 0.0], "(1, 0, 4, 2, 3)": [0.0, 0.0, 0.0, 0.9126666666666666, 0.0], "(1, 0, 4, 3, 2)": [0.0, 0.0, 0.8368333333333333, 0.0, 0.0], "(1, 2, 0, 3, 4)": [0.0, 0.0, 0.0, 0.0, 0.8846666666666666], "(1, 2, 0, 4, 3)": [0.0, 0.0, 0.0, 0.919, 0.0], "(1, 2, 3, 0, 4)": [0.0, 0.0, 0.0, 0.0, 0.8833333333333333], "(1, 2, 3, 4, 0)": [0.7943333333333333, 0.0, 0.0, 0.0, 0.0], "(1, 2, 4, 0, 3)": [0.0, 0.0, 0.0, 0.9249999999999999, 0.0], "(1, 2, 4, 3, 0)": [0.7893333333333334, 0.0, 0.0, 0.0, 0.0], "(1, 3, 0, 2, 4)": [0.0, 0.0, 0.0, 0.0, 0.8773333333333332], "(1, 3, 0, 4, 2)": [0.0, 0.0, 0.8411666666666667, 0.0, 0.0], "(1, 3, 2, 0, 4)": [0.0, 0.0, 0.0, 0.0, 0.8815], "(1, 3, 2, 4, 0)": [0.7959999999999999, 0.0, 0.0, 0.0, 0.0], "(1, 3, 4, 0, 2)": [0.0, 0.0, 0.8421666666666666, 0.0, 0.0], "(1, 3, 4, 2, 0)": [0.7845, 0.0, 0.0, 0.0, 0.0], "(1, 4, 0, 2, 3)": [0.0, 0.0, 0.0, 0.9211666666666667, 0.0], "(1, 4, 0, 3, 2)": [0.0, 0.0, 0.8433333333333334, 0.0, 0.0], "(1, 4, 2, 0, 3)": [0.0, 0.0, 0.0, 0.9165000000000001, 0.0], "(1, 4, 2, 3, 0)": [0.7995, 0.0, 0.0, 0.0, 0.0], "(1, 4, 3, 0, 2)": [0.0, 0.0, 0.8498333333333333, 0.0, 0.0], "(1, 4, 3, 2, 0)": [0.8005000000000001, 0.0, 0.0, 0.0, 0.0], "(2, 0, 1, 3, 4)": [0.0, 0.0, 0.0, 0.0, 0.884], "(2, 0, 1, 4, 3)": [0.0, 0.0, 0.0, 0.9129999999999999, 0.0], "(2, 0, 3, 1, 4)": [0.0, 0.0, 0.0, 0.0, 0.8771666666666667], "(2, 0, 3, 4, 1)": [0.0, 0.9015, 0.0, 0.0, 0.0], "(2, 0, 4, 1, 3)": [0.0, 0.0, 0.0, 0.9078333333333334, 0.0], "(2, 0, 4, 3, 1)": [0.0, 0.9049999999999999, 0.0, 0.0, 0.0], "(2, 1, 0, 3, 4)": [0.0, 0.0, 0.0, 0.0, 0.8861666666666667], "(2, 1, 0, 4, 3)": [0.0, 0.0, 0.0, 0.9118333333333334, 0.0], "(2, 1, 3, 0, 4)": [0.0, 0.0, 0.0, 0.0, 0.8741666666666666], "(2, 1, 3, 4, 0)": [0.7903333333333333, 0.0, 0.0, 0.0, 0.0], "(2, 1, 4, 0, 3)": [0.0, 0.0, 0.0, 0.9175, 0.0], "(2, 1, 4, 3, 0)": [0.7946666666666667, 0.0, 0.0, 0.0, 0.0], "(2, 3, 0, 1, 4)": [0.0, 0.0, 0.0, 0.0, 0.8744999999999999], "(2, 3, 0, 4, 1)": [0.0, 0.9066666666666667, 0.0, 0.0, 0.0], "(2, 3, 1, 0, 4)": [0.0, 0.0, 0.0, 0.0, 0.8770000000000001], "(2, 3, 1, 4, 0)": [0.7931666666666667, 0.0, 0.0, 0.0, 0.0], "(2, 3, 4, 0, 1)": [0.0, 0.9041666666666667, 0.0, 0.0, 0.0], "(2, 3, 4, 1, 0)": [0.793, 0.0, 0.0, 0.0, 0.0], "(2, 4, 0, 1, 3)": [0.0, 0.0, 0.0, 0.9191666666666668, 0.0], "(2, 4, 0, 3, 1)": [0.0, 0.908, 0.0, 0.0, 0.0], "(2, 4, 1, 0, 3)": [0.0, 0.0, 0.0, 0.9183333333333333, 0.0], "(2, 4, 1, 3, 0)": [0.7835000000000001, 0.0, 0.0, 0.0, 0.0], "(2, 4, 3, 0, 1)": [0.0, 0.9051666666666667, 0.0, 0.0, 0.0], "(2, 4, 3, 1, 0)": [0.7916666666666666, 0.0, 0.0, 0.0, 0.0], "(3, 0, 1, 2, 4)": [0.0, 0.0, 0.0, 0.0, 0.8673333333333334], "(3, 0, 1, 4, 2)": [0.0, 0.0, 0.8508333333333332, 0.0, 0.0], "(3, 0, 2, 1, 4)": [0.0, 0.0, 0.0, 0.0, 0.878], "(3, 0, 2, 4, 1)": [0.0, 0.9, 0.0, 0.0, 0.0], "(3, 0, 4, 1, 2)": [0.0, 0.0, 0.84, 0.0, 0.0], "(3, 0, 4, 2, 1)": [0.0, 0.9045000000000001, 0.0, 0.0, 0.0], "(3, 1, 0, 2, 4)": [0.0, 0.0, 0.0, 0.0, 0.8770000000000001], "(3, 1, 0, 4, 2)": [0.0, 0.0, 0.8466666666666667, 0.0, 0.0], "(3, 1, 2, 0, 4)": [0.0, 0.0, 0.0, 0.0, 0.8781666666666667], "(3, 1, 2, 4, 0)": [0.7931666666666667, 0.0, 0.0, 0.0, 0.0], "(3, 1, 4, 0, 2)": [0.0, 0.0, 0.8414999999999999, 0.0, 0.0], "(3, 1, 4, 2, 0)": [0.799, 0.0, 0.0, 0.0, 0.0], "(3, 2, 0, 1, 4)": [0.0, 0.0, 0.0, 0.0, 0.8706666666666667], "(3, 2, 0, 4, 1)": [0.0, 0.9108333333333333, 0.0, 0.0, 0.0], "(3, 2, 1, 0, 4)": [0.0, 0.0, 0.0, 0.0, 0.8809999999999999], "(3, 2, 1, 4, 0)": [0.7918333333333334, 0.0, 0.0, 0.0, 0.0], "(3, 2, 4, 0, 1)": [0.0, 0.9063333333333334, 0.0, 0.0, 0.0], "(3, 2, 4, 1, 0)": [0.7955, 0.0, 0.0, 0.0, 0.0], "(3, 4, 0, 1, 2)": [0.0, 0.0, 0.8331666666666666, 0.0, 0.0], "(3, 4, 0, 2, 1)": [0.0, 0.8953333333333333, 0.0, 0.0, 0.0], "(3, 4, 1, 0, 2)": [0.0, 0.0, 0.8336666666666667, 0.0, 0.0], "(3, 4, 1, 2, 0)": [0.7918333333333334, 0.0, 0.0, 0.0, 0.0], "(3, 4, 2, 0, 1)": [0.0, 0.9056666666666667, 0.0, 0.0, 0.0], "(3, 4, 2, 1, 0)": [0.7915, 0.0, 0.0, 0.0, 0.0], "(4, 0, 1, 2, 3)": [0.0, 0.0, 0.0, 0.9183333333333333, 0.0], "(4, 0, 1, 3, 2)": [0.0, 0.0, 0.8406666666666668, 0.0, 0.0], "(4, 0, 2, 1, 3)": [0.0, 0.0, 0.0, 0.9165000000000001, 0.0], "(4, 0, 2, 3, 1)": [0.0, 0.9018333333333333, 0.0, 0.0, 0.0], "(4, 0, 3, 1, 2)": [0.0, 0.0, 0.8388333333333334, 0.0, 0.0], "(4, 0, 3, 2, 1)": [0.0, 0.899, 0.0, 0.0, 0.0], "(4, 1, 0, 2, 3)": [0.0, 0.0, 0.0, 0.9188333333333333, 0.0], "(4, 1, 0, 3, 2)": [0.0, 0.0, 0.8511666666666665, 0.0, 0.0], "(4, 1, 2, 0, 3)": [0.0, 0.0, 0.0, 0.9206666666666666, 0.0], "(4, 1, 2, 3, 0)": [0.7941666666666668, 0.0, 0.0, 0.0, 0.0], "(4, 1, 3, 0, 2)": [0.0, 0.0, 0.8388333333333332, 0.0, 0.0], "(4, 1, 3, 2, 0)": [0.7784999999999999, 0.0, 0.0, 0.0, 0.0], "(4, 2, 0, 1, 3)": [0.0, 0.0, 0.0, 0.916, 0.0], "(4, 2, 0, 3, 1)": [0.0, 0.9073333333333333, 0.0, 0.0, 0.0], "(4, 2, 1, 0, 3)": [0.0, 0.0, 0.0, 0.9145, 0.0], "(4, 2, 1, 3, 0)": [0.7926666666666667, 0.0, 0.0, 0.0, 0.0], "(4, 2, 3, 0, 1)": [0.0, 0.9056666666666667, 0.0, 0.0, 0.0], "(4, 2, 3, 1, 0)": [0.7909999999999999, 0.0, 0.0, 0.0, 0.0], "(4, 3, 0, 1, 2)": [0.0, 0.0, 0.8428333333333334, 0.0, 0.0], "(4, 3, 0, 2, 1)": [0.0, 0.9048333333333334, 0.0, 0.0, 0.0], "(4, 3, 1, 0, 2)": [0.0, 0.0, 0.8450000000000001, 0.0, 0.0], "(4, 3, 1, 2, 0)": [0.7926666666666667, 0.0, 0.0, 0.0, 0.0], "(4, 3, 2, 0, 1)": [0.0, 0.9051666666666667, 0.0, 0.0, 0.0], "(4, 3, 2, 1, 0)": [0.7928333333333333, 0.0, 0.0, 0.0, 0.0]}