{"(0, 1, 2, 3, 4)": 0.0024280765135299026, "(0, 1, 2, 4, 3)": 0.0005312459150169726, "(0, 1, 3, 2, 4)": 0.001426728970602186, "(0, 1, 3, 4, 2)": 0.0013597385369580803, "(0, 1, 4, 2, 3)": 0.0008653836657164863, "(0, 1, 4, 3, 2)": 0.0007542472332656593, "(0, 2, 1, 3, 4)": 0.0013912424503139413, "(0, 2, 1, 4, 3)": 0.0007586537784494051, "(0, 2, 3, 1, 4)": 0.001132352516764206, "(0, 2, 3, 4, 1)": 0.00212498366006789, "(0, 2, 4, 1, 3)": 0.001961858529274954, "(0, 2, 4, 3, 1)": 0.000927361849549567, "(0, 3, 1, 2, 4)": 0.0011556623882239784, "(0, 3, 1, 4, 2)": 0.0006976149845485477, "(0, 3, 2, 1, 4)": 0.0003299831645537204, "(0, 3, 2, 4, 1)": 0.0014974051630144156, "(0, 3, 4, 1, 2)": 0.0011813363431112903, "(0, 3, 4, 2, 1)": 0.0014719601443879758, "(0, 4, 1, 2, 3)": 0.001536952251119795, "(0, 4, 1, 3, 2)": 0.0018672618098881223, "(0, 4, 2, 1, 3)": 0.0006377042156569614, "(0, 4, 2, 3, 1)": 0.00277648858972784, "(0, 4, 3, 1, 2)": 0.002209575122556875, "(0, 4, 3, 2, 1)": 0.00016329931618554988, "(1, 0, 2, 3, 4)": 0.0005436502143433332, "(1, 0, 2, 4, 3)": 0.0005906681715556525, "(1, 0, 3, 2, 4)": 0.0009741092797468302, "(1, 0, 3, 4, 2)": 0.001887385022252273, "(1, 0, 4, 2, 3)": 0.0003858612300929994, "(1, 0, 4, 3, 2)": 0.0015937377450509175, "(1, 2, 0, 3, 4)": 0.001265789169736498, "(1, 2, 0, 4, 3)": 0.0006976149845485477, "(1, 2, 3, 0, 4)": 0.002684937408746973, "(1, 2, 3, 4, 0)": 0.0007133644853010804, "(1, 2, 4, 0, 3)": 0.0022484562605386755, "(1, 2, 4, 3, 0)": 0.0013424687043734824, "(1, 3, 0, 2, 4)": 0.0013123346456686365, "(1, 3, 0, 4, 2)": 0.001602775370689501, "(1, 3, 2, 0, 4)": 0.0015965240019770789, "(1, 3, 2, 4, 0)": 0.002358436393507832, "(1, 3, 4, 0, 2)": 0.0008993825042154725, "(1, 3, 4, 2, 0)": 0.0007408703590297618, "(1, 4, 0, 2, 3)": 0.0010033277962194906, "(1, 4, 0, 3, 2)": 0.0017048949136725918, "(1, 4, 2, 0, 3)": 0.0012684198393626985, "(1, 4, 2, 3, 0)": 0.0006944222218666584, "(1, 4, 3, 0, 2)": 0.001096458946893239, "(1, 4, 3, 2, 0)": 0.0010198039027185517, "(2, 0, 1, 3, 4)": 0.001268419839362695, "(2, 0, 1, 4, 3)": 0.0008286535263104038, "(2, 0, 3, 1, 4)": 0.0015839472494022322, "(2, 0, 3, 4, 1)": 0.00109848380355228, "(2, 0, 4, 1, 3)": 0.0013424687043734824, "(2, 0, 4, 3, 1)": 0.0006018490028422533, "(2, 1, 0, 3, 4)": 0.00114697670227235, "(2, 1, 0, 4, 3)": 0.003242769735204081, "(2, 1, 3, 0, 4)": 0.000339934634239516, "(2, 1, 3, 4, 0)": 0.0012256517540566833, "(2, 1, 4, 0, 3)": 0.0021853044537444967, "(2, 1, 4, 3, 0)": 0.003055414138141607, "(2, 3, 0, 1, 4)": 0.0009533566430716716, "(2, 3, 0, 4, 1)": 0.003985250584621024, "(2, 3, 1, 0, 4)": 0.0013638181696985841, "(2, 3, 1, 4, 0)": 0.0014055445761538587, "(2, 3, 4, 0, 1)": 0.0002624669291337322, "(2, 3, 4, 1, 0)": 0.0016679994670929078, "(2, 4, 0, 1, 3)": 0.001423610433604169, "(2, 4, 0, 3, 1)": 0.0013021349989749814, "(2, 4, 1, 0, 3)": 0.0006342099196813475, "(2, 4, 1, 3, 0)": 0.001592342788332834, "(2, 4, 3, 0, 1)": 4.714045207911106e-05, "(2, 4, 3, 1, 0)": 0.0014079141387961852, "(3, 0, 1, 2, 4)": 0.0010274023338281636, "(3, 0, 1, 4, 2)": 0.0012283683848458879, "(3, 0, 2, 1, 4)": 0.0006236095644623241, "(3, 0, 2, 4, 1)": 0.0003771236166328231, "(3, 0, 4, 1, 2)": 0.0018672618098881223, "(3, 0, 4, 2, 1)": 0.0016006942938057347, "(3, 1, 0, 2, 4)": 0.000967241208569792, "(3, 1, 0, 4, 2)": 0.0009463379711052238, "(3, 1, 2, 0, 4)": 0.0017326921891156013, "(3, 1, 2, 4, 0)": 0.0005715476066494051, "(3, 1, 4, 0, 2)": 0.000903081145609607, "(3, 1, 4, 2, 0)": 0.0004898979485566383, "(3, 2, 0, 1, 4)": 0.002863952203201415, "(3, 2, 0, 4, 1)": 0.0015412837362262458, "(3, 2, 1, 0, 4)": 0.0004966554808583755, "(3, 2, 1, 4, 0)": 0.0013123346456686365, "(3, 2, 4, 0, 1)": 0.0021076579946049693, "(3, 2, 4, 1, 0)": 0.0002624669291337322, "(3, 4, 0, 1, 2)": 0.001122497216032175, "(3, 4, 0, 2, 1)": 0.0011469767022723489, "(3, 4, 1, 0, 2)": 0.0014197026292697922, "(3, 4, 1, 2, 0)": 0.0012710450643291713, "(3, 4, 2, 0, 1)": 0.00016329931618554988, "(3, 4, 2, 1, 0)": 0.0017281975195754318, "(4, 0, 1, 2, 3)": 0.0016779617264871011, "(4, 0, 1, 3, 2)": 0.0023328570942563634, "(4, 0, 2, 1, 3)": 0.0010274023338281636, "(4, 0, 2, 3, 1)": 0.0010338708279513905, "(4, 0, 3, 1, 2)": 0.0005906681715556453, "(4, 0, 3, 2, 1)": 0.0011145502331533694, "(4, 1, 0, 2, 3)": 0.001222929088522937, "(4, 1, 0, 3, 2)": 0.0007318166133366695, "(4, 1, 2, 0, 3)": 0.0008259674462242584, "(4, 1, 2, 3, 0)": 0.00024944382578493654, "(4, 1, 3, 0, 2)": 0.0020848661028149093, "(4, 1, 3, 2, 0)": 0.0016131404843417203, "(4, 2, 0, 1, 3)": 0.0014522013940527986, "(4, 2, 0, 3, 1)": 0.0037025516726831636, "(4, 2, 1, 0, 3)": 0.0005099019513592786, "(4, 2, 1, 3, 0)": 0.0008956685895029663, "(4, 2, 3, 0, 1)": 0.00023570226039551604, "(4, 2, 3, 1, 0)": 0.0010498677165348995, "(4, 3, 0, 1, 2)": 0.0009416297927883674, "(4, 3, 0, 2, 1)": 0.0013474255287605147, "(4, 3, 1, 0, 2)": 0.001267543556122099, "(4, 3, 1, 2, 0)": 0.002120272519171909, "(4, 3, 2, 0, 1)": 0.0007483314773547874, "(4, 3, 2, 1, 0)": 0.0011145502331533627}