{"(0, 1, 2, 3, 4)": 0.020353388333804918, "(0, 1, 2, 4, 3)": 0.005720030594323764, "(0, 1, 3, 2, 4)": 0.04439762725141461, "(0, 1, 3, 4, 2)": 0.011424723434532477, "(0, 1, 4, 2, 3)": 0.011525786307232996, "(0, 1, 4, 3, 2)": 0.018323008456279422, "(0, 2, 1, 3, 4)": 0.014962801096942587, "(0, 2, 1, 4, 3)": 0.019307543862438856, "(0, 2, 3, 1, 4)": 0.029777181793372492, "(0, 2, 3, 4, 1)": 0.030496812219567362, "(0, 2, 4, 1, 3)": 0.006333059204593663, "(0, 2, 4, 3, 1)": 0.020573631316701375, "(0, 3, 1, 2, 4)": 0.008691670661552279, "(0, 3, 1, 4, 2)": 0.005813060008865098, "(0, 3, 2, 1, 4)": 0.025433805696793058, "(0, 3, 2, 4, 1)": 0.04910292478276848, "(0, 3, 4, 1, 2)": 0.02411582295229976, "(0, 3, 4, 2, 1)": 0.016654891673819613, "(0, 4, 1, 2, 3)": 0.035759759740057885, "(0, 4, 1, 3, 2)": 0.020903299181389216, "(0, 4, 2, 1, 3)": 0.013332812489827055, "(0, 4, 2, 3, 1)": 0.026504782063284802, "(0, 4, 3, 1, 2)": 0.030319364915658887, "(0, 4, 3, 2, 1)": 0.02507758793557839, "(1, 0, 2, 3, 4)": 0.018546768960896937, "(1, 0, 2, 4, 3)": 0.01717869724073652, "(1, 0, 3, 2, 4)": 0.0053281224543819065, "(1, 0, 3, 4, 2)": 0.022368209708323882, "(1, 0, 4, 2, 3)": 0.025235625721498463, "(1, 0, 4, 3, 2)": 0.020910772741978403, "(1, 2, 0, 3, 4)": 0.022182716620528377, "(1, 2, 0, 4, 3)": 0.013316004364005818, "(1, 2, 3, 0, 4)": 0.014376751101073637, "(1, 2, 3, 4, 0)": 0.026507925963546997, "(1, 2, 4, 0, 3)": 0.23901975017186805, "(1, 2, 4, 3, 0)": 0.007420645000417586, "(1, 3, 0, 2, 4)": 0.02011710507669199, "(1, 3, 0, 4, 2)": 0.03026038618759225, "(1, 3, 2, 0, 4)": 0.007929594707311496, "(1, 3, 2, 4, 0)": 0.014592497120857055, "(1, 3, 4, 0, 2)": 0.015271955961463768, "(1, 3, 4, 2, 0)": 0.023437935181145047, "(1, 4, 0, 2, 3)": 0.025518035560930036, "(1, 4, 0, 3, 2)": 0.009446302921719664, "(1, 4, 2, 0, 3)": 0.006608338587639787, "(1, 4, 2, 3, 0)": 0.018018027238173317, "(1, 4, 3, 0, 2)": 0.011977844129892501, "(1, 4, 3, 2, 0)": 0.027446981720319553, "(2, 0, 1, 3, 4)": 0.13526214260546898, "(2, 0, 1, 4, 3)": 0.027251592715941474, "(2, 0, 3, 1, 4)": 0.009265939719687871, "(2, 0, 3, 4, 1)": 0.09316888414176817, "(2, 0, 4, 1, 3)": 0.015797876967069545, "(2, 0, 4, 3, 1)": 0.06417605450806571, "(2, 1, 0, 3, 4)": 0.008562880161877012, "(2, 1, 0, 4, 3)": 0.01625715654377755, "(2, 1, 3, 0, 4)": 0.0036242815379971247, "(2, 1, 3, 4, 0)": 0.01950596418762447, "(2, 1, 4, 0, 3)": 0.11511408893885329, "(2, 1, 4, 3, 0)": 0.016249358961715, "(2, 3, 0, 1, 4)": 0.031291694407444455, "(2, 3, 0, 4, 1)": 0.029959868991702863, "(2, 3, 1, 0, 4)": 0.003397302851773272, "(2, 3, 1, 4, 0)": 0.025833064514730397, "(2, 3, 4, 0, 1)": 0.09420594682219731, "(2, 3, 4, 1, 0)": 0.02281774102656867, "(2, 4, 0, 1, 3)": 0.0160806344885877, "(2, 4, 0, 3, 1)": 0.037911263351263956, "(2, 4, 1, 0, 3)": 0.02944610189255389, "(2, 4, 1, 3, 0)": 0.07357273895042013, "(2, 4, 3, 0, 1)": 0.031351224945056835, "(2, 4, 3, 1, 0)": 0.021572793436795933, "(3, 0, 1, 2, 4)": 0.03478300790456293, "(3, 0, 1, 4, 2)": 0.012373246228141671, "(3, 0, 2, 1, 4)": 0.024048850746391633, "(3, 0, 2, 4, 1)": 0.026908086867870943, "(3, 0, 4, 1, 2)": 0.006897312278465216, "(3, 0, 4, 2, 1)": 0.09386572487098557, "(3, 1, 0, 2, 4)": 0.013777623767060359, "(3, 1, 0, 4, 2)": 0.0181975082238079, "(3, 1, 2, 0, 4)": 0.0161252691622669, "(3, 1, 2, 4, 0)": 0.003979548411007908, "(3, 1, 4, 0, 2)": 0.021828164146350013, "(3, 1, 4, 2, 0)": 0.016527859476922244, "(3, 2, 0, 1, 4)": 0.015538035768898055, "(3, 2, 0, 4, 1)": 0.009416297927883696, "(3, 2, 1, 0, 4)": 0.025120611833490226, "(3, 2, 1, 4, 0)": 0.025860402484622454, "(3, 2, 4, 0, 1)": 0.021814161429880533, "(3, 2, 4, 1, 0)": 0.007043269048452516, "(3, 4, 0, 1, 2)": 0.028740940601634218, "(3, 4, 0, 2, 1)": 0.017113692536160102, "(3, 4, 1, 0, 2)": 0.010735616993085357, "(3, 4, 1, 2, 0)": 0.025137607395206787, "(3, 4, 2, 0, 1)": 0.010933669964329845, "(3, 4, 2, 1, 0)": 0.06798490947752057, "(4, 0, 1, 2, 3)": 0.03868035856722232, "(4, 0, 1, 3, 2)": 0.023864853865045995, "(4, 0, 2, 1, 3)": 0.04065300316909768, "(4, 0, 2, 3, 1)": 0.05671027733626027, "(4, 0, 3, 1, 2)": 0.013533908033774538, "(4, 0, 3, 2, 1)": 0.016262495196002348, "(4, 1, 0, 2, 3)": 0.034020265610694794, "(4, 1, 0, 3, 2)": 0.03277850752483335, "(4, 1, 2, 0, 3)": 0.02468826475608737, "(4, 1, 2, 3, 0)": 0.03526875978350624, "(4, 1, 3, 0, 2)": 0.032713401942730855, "(4, 1, 3, 2, 0)": 0.028265666747251297, "(4, 2, 0, 1, 3)": 0.02117199736024503, "(4, 2, 0, 3, 1)": 0.014548887891824897, "(4, 2, 1, 0, 3)": 0.027302001859855506, "(4, 2, 1, 3, 0)": 0.13385122078470393, "(4, 2, 3, 0, 1)": 0.007850822674514216, "(4, 2, 3, 1, 0)": 0.024370049354803414, "(4, 3, 0, 1, 2)": 0.015258535862482601, "(4, 3, 0, 2, 1)": 0.010606601717798248, "(4, 3, 1, 0, 2)": 0.03812620672042901, "(4, 3, 1, 2, 0)": 0.019615841812168057, "(4, 3, 2, 0, 1)": 0.036272311141634636, "(4, 3, 2, 1, 0)": 0.017990448854878525}