{"(0, 1, 2, 3, 4)": [0.19833333333333333, 0.042333333333333334, 0.07683333333333332, 0.0775, 0.8816666666666667], "(0, 1, 2, 4, 3)": [0.1145, 0.062, 0.04083333333333333, 0.9153333333333333, 0.03133333333333333], "(0, 1, 3, 2, 4)": [0.19516666666666668, 0.055333333333333325, 0.1465, 0.019833333333333335, 0.8755000000000001], "(0, 1, 3, 4, 2)": [0.104, 0.1225, 0.8463333333333334, 0.06266666666666666, 0.3585], "(0, 1, 4, 2, 3)": [0.08966666666666667, 0.05933333333333333, 0.057999999999999996, 0.9176666666666667, 0.04766666666666667], "(0, 1, 4, 3, 2)": [0.11716666666666666, 0.11833333333333333, 0.8473333333333333, 0.14366666666666666, 0.19833333333333333], "(0, 2, 1, 3, 4)": [0.23816666666666667, 0.027, 0.1215, 0.083, 0.8908333333333333], "(0, 2, 1, 4, 3)": [0.12233333333333334, 0.035333333333333335, 0.06533333333333334, 0.9108333333333333, 0.11266666666666665], "(0, 2, 3, 1, 4)": [0.21333333333333335, 0.10433333333333332, 0.10833333333333334, 0.029333333333333333, 0.8690000000000001], "(0, 2, 3, 4, 1)": [0.09916666666666667, 0.9033333333333333, 0.052833333333333336, 0.009166666666666668, 0.05883333333333334], "(0, 2, 4, 1, 3)": [0.17233333333333334, 0.05583333333333334, 0.06383333333333334, 0.8919999999999999, 0.06233333333333333], "(0, 2, 4, 3, 1)": [0.15333333333333332, 0.8931666666666667, 0.0625, 0.04650000000000001, 0.017833333333333333], "(0, 3, 1, 2, 4)": [0.19699999999999998, 0.034, 0.21816666666666665, 0.036833333333333336, 0.8921666666666667], "(0, 3, 1, 4, 2)": [0.14516666666666667, 0.12766666666666668, 0.839, 0.041166666666666664, 0.33516666666666667], "(0, 3, 2, 1, 4)": [0.2173333333333333, 0.042166666666666665, 0.119, 0.05166666666666667, 0.8843333333333333], "(0, 3, 2, 4, 1)": [0.18416666666666667, 0.8958333333333334, 0.03916666666666667, 0.0255, 0.04516666666666666], "(0, 3, 4, 1, 2)": [0.11533333333333333, 0.2525, 0.8383333333333333, 0.08116666666666666, 0.17816666666666667], "(0, 3, 4, 2, 1)": [0.1475, 0.9081666666666667, 0.034333333333333334, 0.020833333333333332, 0.04033333333333333], "(0, 4, 1, 2, 3)": [0.107, 0.11216666666666668, 0.036, 0.9188333333333333, 0.07783333333333335], "(0, 4, 1, 3, 2)": [0.14400000000000002, 0.1345, 0.8411666666666666, 0.14883333333333335, 0.14633333333333334], "(0, 4, 2, 1, 3)": [0.08433333333333333, 0.09316666666666666, 0.034999999999999996, 0.9193333333333333, 0.04750000000000001], "(0, 4, 2, 3, 1)": [0.14683333333333334, 0.8968333333333334, 0.0315, 0.04066666666666666, 0.031166666666666665], "(0, 4, 3, 1, 2)": [0.09150000000000001, 0.221, 0.8361666666666666, 0.07866666666666666, 0.12250000000000001], "(0, 4, 3, 2, 1)": [0.16416666666666666, 0.9088333333333334, 0.0405, 0.031166666666666665, 0.041666666666666664], "(1, 0, 2, 3, 4)": [0.072, 0.16566666666666666, 0.1445, 0.10183333333333333, 0.8875000000000001], "(1, 0, 2, 4, 3)": [0.036333333333333336, 0.1958333333333333, 0.022166666666666668, 0.9128333333333334, 0.11199999999999999], "(1, 0, 3, 2, 4)": [0.07150000000000001, 0.14766666666666667, 0.155, 0.05483333333333334, 0.8896666666666665], "(1, 0, 3, 4, 2)": [0.04933333333333334, 0.2691666666666666, 0.827, 0.05333333333333334, 0.32416666666666666], "(1, 0, 4, 2, 3)": [0.03183333333333333, 0.1785, 0.03716666666666667, 0.9249999999999999, 0.06833333333333334], "(1, 0, 4, 3, 2)": [0.037, 0.2621666666666667, 0.8458333333333333, 0.15033333333333332, 0.1905], "(1, 2, 0, 3, 4)": [0.04650000000000001, 0.13416666666666668, 0.13683333333333333, 0.144, 0.8855], "(1, 2, 0, 4, 3)": [0.041, 0.162, 0.06766666666666667, 0.9279999999999999, 0.06616666666666667], "(1, 2, 3, 0, 4)": [0.20550000000000002, 0.17766666666666667, 0.09233333333333334, 0.043000000000000003, 0.8866666666666667], "(1, 2, 3, 4, 0)": [0.8073333333333332, 0.24533333333333332, 0.04016666666666667, 0.043666666666666666, 0.30483333333333335], "(1, 2, 4, 0, 3)": [0.0355, 0.18816666666666668, 0.028833333333333336, 0.9113333333333333, 0.0535], "(1, 2, 4, 3, 0)": [0.8133333333333334, 0.27516666666666667, 0.044000000000000004, 0.11699999999999999, 0.167], "(1, 3, 0, 2, 4)": [0.05733333333333334, 0.15266666666666664, 0.19533333333333333, 0.025666666666666667, 0.8801666666666668], "(1, 3, 0, 4, 2)": [0.03816666666666666, 0.26366666666666666, 0.8498333333333333, 0.074, 0.33316666666666667], "(1, 3, 2, 0, 4)": [0.18166666666666667, 0.2081666666666667, 0.12650000000000003, 0.05150000000000001, 0.8783333333333333], "(1, 3, 2, 4, 0)": [0.7963333333333334, 0.3005, 0.024833333333333336, 0.05633333333333334, 0.272], "(1, 3, 4, 0, 2)": [0.02416666666666667, 0.27116666666666667, 0.852, 0.054, 0.283], "(1, 3, 4, 2, 0)": [0.782, 0.2856666666666667, 0.020833333333333332, 0.034, 0.17416666666666666], "(1, 4, 0, 2, 3)": [0.033, 0.18716666666666668, 0.05233333333333332, 0.9216666666666667, 0.09549999999999999], "(1, 4, 0, 3, 2)": [0.022000000000000002, 0.25566666666666665, 0.8586666666666667, 0.13733333333333334, 0.219], "(1, 4, 2, 0, 3)": [0.035833333333333335, 0.17900000000000002, 0.021833333333333333, 0.908, 0.129], "(1, 4, 2, 3, 0)": [0.8061666666666666, 0.31516666666666665, 0.02266666666666667, 0.15166666666666664, 0.161], "(1, 4, 3, 0, 2)": [0.06283333333333334, 0.3146666666666667, 0.8333333333333334, 0.13183333333333333, 0.21166666666666667], "(1, 4, 3, 2, 0)": [0.8101666666666668, 0.2825, 0.051666666666666666, 0.11299999999999999, 0.2313333333333333], "(2, 0, 1, 3, 4)": [0.07466666666666667, 0.034999999999999996, 0.26266666666666666, 0.07783333333333332, 0.8959999999999999], "(2, 0, 1, 4, 3)": [0.0565, 0.03216666666666667, 0.21733333333333335, 0.9026666666666666, 0.1145], "(2, 0, 3, 1, 4)": [0.08633333333333333, 0.10033333333333333, 0.2735, 0.024333333333333335, 0.8935], "(2, 0, 3, 4, 1)": [0.07116666666666667, 0.899, 0.14483333333333334, 0.02366666666666667, 0.06816666666666667], "(2, 0, 4, 1, 3)": [0.033666666666666664, 0.06783333333333334, 0.2265, 0.9123333333333333, 0.018166666666666668], "(2, 0, 4, 3, 1)": [0.079, 0.9008333333333334, 0.15933333333333335, 0.050499999999999996, 0.018666666666666668], "(2, 1, 0, 3, 4)": [0.066, 0.027999999999999997, 0.24250000000000002, 0.109, 0.8828333333333332], "(2, 1, 0, 4, 3)": [0.03333333333333333, 0.09649999999999999, 0.15033333333333335, 0.91, 0.04933333333333333], "(2, 1, 3, 0, 4)": [0.135, 0.052333333333333336, 0.23650000000000002, 0.042833333333333334, 0.8811666666666667], "(2, 1, 3, 4, 0)": [0.7991666666666667, 0.09600000000000002, 0.11116666666666665, 0.043166666666666666, 0.29933333333333334], "(2, 1, 4, 0, 3)": [0.034333333333333334, 0.04566666666666667, 0.11283333333333334, 0.9088333333333334, 0.05766666666666667], "(2, 1, 4, 3, 0)": [0.798, 0.17166666666666666, 0.16949999999999998, 0.12683333333333333, 0.15516666666666667], "(2, 3, 0, 1, 4)": [0.10016666666666667, 0.09783333333333333, 0.255, 0.02616666666666666, 0.8890000000000001], "(2, 3, 0, 4, 1)": [0.044000000000000004, 0.8998333333333334, 0.16066666666666665, 0.030666666666666665, 0.05033333333333334], "(2, 3, 1, 0, 4)": [0.12716666666666668, 0.049499999999999995, 0.2335, 0.04016666666666666, 0.9025], "(2, 3, 1, 4, 0)": [0.7879999999999999, 0.07483333333333334, 0.13633333333333333, 0.03816666666666667, 0.3665], "(2, 3, 4, 0, 1)": [0.043833333333333335, 0.9036666666666667, 0.156, 0.023499999999999997, 0.058666666666666666], "(2, 3, 4, 1, 0)": [0.8193333333333334, 0.1998333333333333, 0.10266666666666667, 0.04733333333333334, 0.16566666666666666], "(2, 4, 0, 1, 3)": [0.037333333333333336, 0.052833333333333336, 0.17600000000000002, 0.9216666666666665, 0.043166666666666666], "(2, 4, 0, 3, 1)": [0.042666666666666665, 0.9073333333333333, 0.133, 0.05033333333333334, 0.0415], "(2, 4, 1, 0, 3)": [0.034666666666666665, 0.07416666666666667, 0.16116666666666668, 0.9228333333333333, 0.0775], "(2, 4, 1, 3, 0)": [0.7961666666666667, 0.17183333333333337, 0.18166666666666664, 0.13399999999999998, 0.11916666666666668], "(2, 4, 3, 0, 1)": [0.06216666666666667, 0.9026666666666666, 0.15016666666666667, 0.036166666666666666, 0.030666666666666665],