{"(0, 1, 2, 3, 4)": 0.008067630796377994, "(0, 1, 2, 4, 3)": 0.016372402253657076, "(0, 1, 3, 2, 4)": 0.012995469295959352, "(0, 1, 3, 4, 2)": 0.01683468641426583, "(0, 1, 4, 2, 3)": 0.009629468659623266, "(0, 1, 4, 3, 2)": 0.005354333654983477, "(0, 2, 1, 3, 4)": 0.00843221336436776, "(0, 2, 1, 4, 3)": 0.016821480975889775, "(0, 2, 3, 1, 4)": 0.005401440137181514, "(0, 2, 3, 4, 1)": 0.013227328612468293, "(0, 2, 4, 1, 3)": 0.017264028112426923, "(0, 2, 4, 3, 1)": 0.002465765601187592, "(0, 3, 1, 2, 4)": 0.01611321059117506, "(0, 3, 1, 4, 2)": 0.010370149468546731, "(0, 3, 2, 1, 4)": 0.01017283965599904, "(0, 3, 2, 4, 1)": 0.0031137687061751347, "(0, 3, 4, 1, 2)": 0.004151572660517406, "(0, 3, 4, 2, 1)": 0.01079392833443361, "(0, 4, 1, 2, 3)": 0.006045567706087562, "(0, 4, 1, 3, 2)": 0.011955844688779714, "(0, 4, 2, 1, 3)": 0.008256041558896261, "(0, 4, 2, 3, 1)": 0.006080752877362768, "(0, 4, 3, 1, 2)": 0.0026411277052720374, "(0, 4, 3, 2, 1)": 0.01377049986989095, "(1, 0, 2, 3, 4)": 0.010036046144883072, "(1, 0, 2, 4, 3)": 0.006959086785555187, "(1, 0, 3, 2, 4)": 0.004683540920666279, "(1, 0, 3, 4, 2)": 0.005675874871379359, "(1, 0, 4, 2, 3)": 0.022728005240720585, "(1, 0, 4, 3, 2)": 0.02156870160415061, "(1, 2, 0, 3, 4)": 0.0027652606869274887, "(1, 2, 0, 4, 3)": 0.008819674975114822, "(1, 2, 3, 0, 4)": 0.009863400360254418, "(1, 2, 3, 4, 0)": 0.003961761673240266, "(1, 2, 4, 0, 3)": 0.015731991468201194, "(1, 2, 4, 3, 0)": 0.007622044053635201, "(1, 3, 0, 2, 4)": 0.018882266813070925, "(1, 3, 0, 4, 2)": 0.022210508023606006, "(1, 3, 2, 0, 4)": 0.016151848879376693, "(1, 3, 2, 4, 0)": 0.011616750358378579, "(1, 3, 4, 0, 2)": 0.011753391945401225, "(1, 3, 4, 2, 0)": 0.023721766844445255, "(1, 4, 0, 2, 3)": 0.01986504467651657, "(1, 4, 0, 3, 2)": 0.012172190526861703, "(1, 4, 2, 0, 3)": 0.012643575443678893, "(1, 4, 2, 3, 0)": 0.022822065346209723, "(1, 4, 3, 0, 2)": 0.01369095402892809, "(1, 4, 3, 2, 0)": 0.011496376240653701, "(2, 0, 1, 3, 4)": 0.006128258770283417, "(2, 0, 1, 4, 3)": 0.008846468221838603, "(2, 0, 3, 1, 4)": 0.015926776893716525, "(2, 0, 3, 4, 1)": 0.007227878127239154, "(2, 0, 4, 1, 3)": 0.005249338582674546, "(2, 0, 4, 3, 1)": 0.016626150753824176, "(2, 1, 0, 3, 4)": 0.008101165896887233, "(2, 1, 0, 4, 3)": 0.013054075566231756, "(2, 1, 3, 0, 4)": 0.004584757354539044, "(2, 1, 3, 4, 0)": 0.017160872808675988, "(2, 1, 4, 0, 3)": 0.018383748862030893, "(2, 1, 4, 3, 0)": 0.01752889677709986, "(2, 3, 0, 1, 4)": 0.010042244105112477, "(2, 3, 0, 4, 1)": 0.01276253196752987, "(2, 3, 1, 0, 4)": 0.012873832201623385, "(2, 3, 1, 4, 0)": 0.006082945193097037, "(2, 3, 4, 0, 1)": 0.008777369892070303, "(2, 3, 4, 1, 0)": 0.00373482113211448, "(2, 4, 0, 1, 3)": 0.008974160437364338, "(2, 4, 0, 3, 1)": 0.008871051547339559, "(2, 4, 1, 0, 3)": 0.015667872294036045, "(2, 4, 1, 3, 0)": 0.010941054184431526, "(2, 4, 3, 0, 1)": 0.019800056116643254, "(2, 4, 3, 1, 0)": 0.005970482950873132, "(3, 0, 1, 2, 4)": 0.008581116218508834, "(3, 0, 1, 4, 2)": 0.009804874071376715, "(3, 0, 2, 1, 4)": 0.017952591889628524, "(3, 0, 2, 4, 1)": 0.007308594636149669, "(3, 0, 4, 1, 2)": 0.0048998866200034704, "(3, 0, 4, 2, 1)": 0.011561526235272276, "(3, 1, 0, 2, 4)": 0.011435131054002925, "(3, 1, 0, 4, 2)": 0.01336296706906401, "(3, 1, 2, 0, 4)": 0.021314522957103406, "(3, 1, 2, 4, 0)": 0.013514025635941685, "(3, 1, 4, 0, 2)": 0.011950546245069959, "(3, 1, 4, 2, 0)": 0.012709663864774547, "(3, 2, 0, 1, 4)": 0.0073712655328346, "(3, 2, 0, 4, 1)": 0.00695573304707867, "(3, 2, 1, 0, 4)": 0.005213017893270242, "(3, 2, 1, 4, 0)": 0.016412190591142916, "(3, 2, 4, 0, 1)": 0.011672284361778642, "(3, 2, 4, 1, 0)": 0.019256917948853845, "(3, 4, 0, 1, 2)": 0.014003094896010189, "(3, 4, 0, 2, 1)": 0.007185324550003912, "(3, 4, 1, 0, 2)": 0.0012229290885229463, "(3, 4, 1, 2, 0)": 0.016102656785622543, "(3, 4, 2, 0, 1)": 0.019522977914925455, "(3, 4, 2, 1, 0)": 0.01816718653690404, "(4, 0, 1, 2, 3)": 0.012298238356230812, "(4, 0, 1, 3, 2)": 0.018433544302590206, "(4, 0, 2, 1, 3)": 0.008335599691817162, "(4, 0, 2, 3, 1)": 0.004271871824960197, "(4, 0, 3, 1, 2)": 0.01759223313472928, "(4, 0, 3, 2, 1)": 0.008809464607265692, "(4, 1, 0, 2, 3)": 0.01167675754080159, "(4, 1, 0, 3, 2)": 0.01066802074738639, "(4, 1, 2, 0, 3)": 0.019870078006892673, "(4, 1, 2, 3, 0)": 0.019069405397710293, "(4, 1, 3, 0, 2)": 0.012512393855693636, "(4, 1, 3, 2, 0)": 0.012042240470757736, "(4, 2, 0, 1, 3)": 0.007283466817998765, "(4, 2, 0, 3, 1)": 0.0015084944665312923, "(4, 2, 1, 0, 3)": 0.010215021618511967, "(4, 2, 1, 3, 0)": 0.015919868787845657, "(4, 2, 3, 0, 1)": 0.005323532661682479, "(4, 2, 3, 1, 0)": 0.01441966250182946, "(4, 3, 0, 1, 2)": 0.01925310941698046, "(4, 3, 0, 2, 1)": 0.0044639295095987505, "(4, 3, 1, 0, 2)": 0.009808499715382914, "(4, 3, 1, 2, 0)": 0.015801476724238987, "(4, 3, 2, 0, 1)": 0.013616901262769, "(4, 3, 2, 1, 0)": 0.005969552374806303}