{"(0, 1, 2, 3, 4)": [0.0, 0.0, 0.0, 0.0, 0.859], "(0, 1, 2, 4, 3)": [0.0, 0.0, 0.0, 0.8946666666666667, 0.0], "(0, 1, 3, 2, 4)": [0.0, 0.0, 0.0, 0.0, 0.8523333333333333], "(0, 1, 3, 4, 2)": [0.0, 0.0, 0.8126666666666665, 0.0, 0.0], "(0, 1, 4, 2, 3)": [0.0, 0.0, 0.0, 0.8868333333333333, 0.0], "(0, 1, 4, 3, 2)": [0.0, 0.0, 0.8041666666666667, 0.0, 0.0], "(0, 2, 1, 3, 4)": [0.0, 0.0, 0.0, 0.0, 0.8546666666666667], "(0, 2, 1, 4, 3)": [0.0, 0.0, 0.0, 0.8981666666666667, 0.0], "(0, 2, 3, 1, 4)": [0.0, 0.0, 0.0, 0.0, 0.8508333333333334], "(0, 2, 3, 4, 1)": [0.0, 0.7479999999999999, 0.0, 0.0, 0.0], "(0, 2, 4, 1, 3)": [0.0, 0.0, 0.0, 0.8969999999999999, 0.0], "(0, 2, 4, 3, 1)": [0.0, 0.7636666666666666, 0.0, 0.0, 0.0], "(0, 3, 1, 2, 4)": [0.0, 0.0, 0.0, 0.0, 0.8503333333333334], "(0, 3, 1, 4, 2)": [0.0, 0.0, 0.7995, 0.0, 0.0], "(0, 3, 2, 1, 4)": [0.0, 0.0, 0.0, 0.0, 0.8490000000000001], "(0, 3, 2, 4, 1)": [0.0, 0.7473333333333333, 0.0, 0.0, 0.0], "(0, 3, 4, 1, 2)": [0.0, 0.0, 0.8066666666666666, 0.0, 0.0], "(0, 3, 4, 2, 1)": [0.0, 0.7563333333333334, 0.0, 0.0, 0.0], "(0, 4, 1, 2, 3)": [0.0, 0.0, 0.0, 0.8921666666666667, 0.0], "(0, 4, 1, 3, 2)": [0.0, 0.0, 0.8006666666666667, 0.0, 0.0], "(0, 4, 2, 1, 3)": [0.0, 0.0, 0.0, 0.8948333333333333, 0.0], "(0, 4, 2, 3, 1)": [0.0, 0.7679999999999999, 0.0, 0.0, 0.0], "(0, 4, 3, 1, 2)": [0.0, 0.0, 0.8088333333333333, 0.0, 0.0], "(0, 4, 3, 2, 1)": [0.0, 0.7454999999999999, 0.0, 0.0, 0.0], "(1, 0, 2, 3, 4)": [0.0, 0.0, 0.0, 0.0, 0.8593333333333333], "(1, 0, 2, 4, 3)": [0.0, 0.0, 0.0, 0.89, 0.0], "(1, 0, 3, 2, 4)": [0.0, 0.0, 0.0, 0.0, 0.85], "(1, 0, 3, 4, 2)": [0.0, 0.0, 0.7998333333333334, 0.0, 0.0], "(1, 0, 4, 2, 3)": [0.0, 0.0, 0.0, 0.891, 0.0], "(1, 0, 4, 3, 2)": [0.0, 0.0, 0.7998333333333334, 0.0, 0.0], "(1, 2, 0, 3, 4)": [0.0, 0.0, 0.0, 0.0, 0.8516666666666667], "(1, 2, 0, 4, 3)": [0.0, 0.0, 0.0, 0.8963333333333333, 0.0], "(1, 2, 3, 0, 4)": [0.0, 0.0, 0.0, 0.0, 0.8515], "(1, 2, 3, 4, 0)": [0.8851666666666667, 0.0, 0.0, 0.0, 0.0], "(1, 2, 4, 0, 3)": [0.0, 0.0, 0.0, 0.8938333333333333, 0.0], "(1, 2, 4, 3, 0)": [0.8835000000000001, 0.0, 0.0, 0.0, 0.0], "(1, 3, 0, 2, 4)": [0.0, 0.0, 0.0, 0.0, 0.8559999999999999], "(1, 3, 0, 4, 2)": [0.0, 0.0, 0.8063333333333333, 0.0, 0.0], "(1, 3, 2, 0, 4)": [0.0, 0.0, 0.0, 0.0, 0.8550000000000001], "(1, 3, 2, 4, 0)": [0.8906666666666666, 0.0, 0.0, 0.0, 0.0], "(1, 3, 4, 0, 2)": [0.0, 0.0, 0.8035, 0.0, 0.0], "(1, 3, 4, 2, 0)": [0.8715, 0.0, 0.0, 0.0, 0.0], "(1, 4, 0, 2, 3)": [0.0, 0.0, 0.0, 0.8901666666666666, 0.0], "(1, 4, 0, 3, 2)": [0.0, 0.0, 0.8013333333333335, 0.0, 0.0], "(1, 4, 2, 0, 3)": [0.0, 0.0, 0.0, 0.8826666666666667, 0.0], "(1, 4, 2, 3, 0)": [0.8873333333333333, 0.0, 0.0, 0.0, 0.0], "(1, 4, 3, 0, 2)": [0.0, 0.0, 0.8028333333333334, 0.0, 0.0], "(1, 4, 3, 2, 0)": [0.8851666666666667, 0.0, 0.0, 0.0, 0.0], "(2, 0, 1, 3, 4)": [0.0, 0.0, 0.0, 0.0, 0.8508333333333334], "(2, 0, 1, 4, 3)": [0.0, 0.0, 0.0, 0.8863333333333333, 0.0], "(2, 0, 3, 1, 4)": [0.0, 0.0, 0.0, 0.0, 0.8533333333333334], "(2, 0, 3, 4, 1)": [0.0, 0.7541666666666668, 0.0, 0.0, 0.0], "(2, 0, 4, 1, 3)": [0.0, 0.0, 0.0, 0.9025, 0.0], "(2, 0, 4, 3, 1)": [0.0, 0.7566666666666667, 0.0, 0.0, 0.0], "(2, 1, 0, 3, 4)": [0.0, 0.0, 0.0, 0.0, 0.8645], "(2, 1, 0, 4, 3)": [0.0, 0.0, 0.0, 0.8928333333333334, 0.0], "(2, 1, 3, 0, 4)": [0.0, 0.0, 0.0, 0.0, 0.8635], "(2, 1, 3, 4, 0)": [0.8813333333333334, 0.0, 0.0, 0.0, 0.0], "(2, 1, 4, 0, 3)": [0.0, 0.0, 0.0, 0.8938333333333333, 0.0], "(2, 1, 4, 3, 0)": [0.8831666666666665, 0.0, 0.0, 0.0, 0.0], "(2, 3, 0, 1, 4)": [0.0, 0.0, 0.0, 0.0, 0.8448333333333333], "(2, 3, 0, 4, 1)": [0.0, 0.7571666666666667, 0.0, 0.0, 0.0], "(2, 3, 1, 0, 4)": [0.0, 0.0, 0.0, 0.0, 0.8558333333333333], "(2, 3, 1, 4, 0)": [0.8728333333333333, 0.0, 0.0, 0.0, 0.0], "(2, 3, 4, 0, 1)": [0.0, 0.7738333333333333, 0.0, 0.0, 0.0], "(2, 3, 4, 1, 0)": [0.8798333333333334, 0.0, 0.0, 0.0, 0.0], "(2, 4, 0, 1, 3)": [0.0, 0.0, 0.0, 0.8935, 0.0], "(2, 4, 0, 3, 1)": [0.0, 0.7454999999999999, 0.0, 0.0, 0.0], "(2, 4, 1, 0, 3)": [0.0, 0.0, 0.0, 0.8959999999999999, 0.0], "(2, 4, 1, 3, 0)": [0.868, 0.0, 0.0, 0.0, 0.0], "(2, 4, 3, 0, 1)": [0.0, 0.7545000000000001, 0.0, 0.0, 0.0], "(2, 4, 3, 1, 0)": [0.8798333333333334, 0.0, 0.0, 0.0, 0.0], "(3, 0, 1, 2, 4)": [0.0, 0.0, 0.0, 0.0, 0.8561666666666667], "(3, 0, 1, 4, 2)": [0.0, 0.0, 0.8069999999999999, 0.0, 0.0], "(3, 0, 2, 1, 4)": [0.0, 0.0, 0.0, 0.0, 0.8388333333333332], "(3, 0, 2, 4, 1)": [0.0, 0.7558333333333334, 0.0, 0.0, 0.0], "(3, 0, 4, 1, 2)": [0.0, 0.0, 0.8078333333333334, 0.0, 0.0], "(3, 0, 4, 2, 1)": [0.0, 0.7666666666666666, 0.0, 0.0, 0.0], "(3, 1, 0, 2, 4)": [0.0, 0.0, 0.0, 0.0, 0.8461666666666666], "(3, 1, 0, 4, 2)": [0.0, 0.0, 0.8143333333333334, 0.0, 0.0], "(3, 1, 2, 0, 4)": [0.0, 0.0, 0.0, 0.0, 0.8538333333333333], "(3, 1, 2, 4, 0)": [0.8810000000000001, 0.0, 0.0, 0.0, 0.0], "(3, 1, 4, 0, 2)": [0.0, 0.0, 0.8053333333333333, 0.0, 0.0], "(3, 1, 4, 2, 0)": [0.8866666666666666, 0.0, 0.0, 0.0, 0.0], "(3, 2, 0, 1, 4)": [0.0, 0.0, 0.0, 0.0, 0.856], "(3, 2, 0, 4, 1)": [0.0, 0.7531666666666667, 0.0, 0.0, 0.0], "(3, 2, 1, 0, 4)": [0.0, 0.0, 0.0, 0.0, 0.8601666666666666], "(3, 2, 1, 4, 0)": [0.8763333333333333, 0.0, 0.0, 0.0, 0.0], "(3, 2, 4, 0, 1)": [0.0, 0.7561666666666667, 0.0, 0.0, 0.0], "(3, 2, 4, 1, 0)": [0.8828333333333332, 0.0, 0.0, 0.0, 0.0], "(3, 4, 0, 1, 2)": [0.0, 0.0, 0.8065000000000001, 0.0, 0.0], "(3, 4, 0, 2, 1)": [0.0, 0.7501666666666668, 0.0, 0.0, 0.0], "(3, 4, 1, 0, 2)": [0.0, 0.0, 0.8024999999999999, 0.0, 0.0], "(3, 4, 1, 2, 0)": [0.8698333333333333, 0.0, 0.0, 0.0, 0.0], "(3, 4, 2, 0, 1)": [0.0, 0.7573333333333333, 0.0, 0.0, 0.0], "(3, 4, 2, 1, 0)": [0.8808333333333334, 0.0, 0.0, 0.0, 0.0], "(4, 0, 1, 2, 3)": [0.0, 0.0, 0.0, 0.8911666666666666, 0.0], "(4, 0, 1, 3, 2)": [0.0, 0.0, 0.7948333333333334, 0.0, 0.0], "(4, 0, 2, 1, 3)": [0.0, 0.0, 0.0, 0.8961666666666667, 0.0], "(4, 0, 2, 3, 1)": [0.0, 0.7513333333333333, 0.0, 0.0, 0.0], "(4, 0, 3, 1, 2)": [0.0, 0.0, 0.7961666666666667, 0.0, 0.0], "(4, 0, 3, 2, 1)": [0.0, 0.759, 0.0, 0.0, 0.0], "(4, 1, 0, 2, 3)": [0.0, 0.0, 0.0, 0.8833333333333333, 0.0], "(4, 1, 0, 3, 2)": [0.0, 0.0, 0.806, 0.0, 0.0], "(4, 1, 2, 0, 3)": [0.0, 0.0, 0.0, 0.8953333333333333, 0.0], "(4, 1, 2, 3, 0)": [0.871, 0.0, 0.0, 0.0, 0.0], "(4, 1, 3, 0, 2)": [0.0, 0.0, 0.7978333333333333, 0.0, 0.0], "(4, 1, 3, 2, 0)": [0.8743333333333334, 0.0, 0.0, 0.0, 0.0], "(4, 2, 0, 1, 3)": [0.0, 0.0, 0.0, 0.8965, 0.0], "(4, 2, 0, 3, 1)": [0.0, 0.7631666666666667, 0.0, 0.0, 0.0], "(4, 2, 1, 0, 3)": [0.0, 0.0, 0.0, 0.891, 0.0], "(4, 2, 1, 3, 0)": [0.8918333333333334, 0.0, 0.0, 0.0, 0.0], "(4, 2, 3, 0, 1)": [0.0, 0.7576666666666666, 0.0, 0.0, 0.0], "(4, 2, 3, 1, 0)": [0.8741666666666666, 0.0, 0.0, 0.0, 0.0], "(4, 3, 0, 1, 2)": [0.0, 0.0, 0.8026666666666668, 0.0, 0.0], "(4, 3, 0, 2, 1)": [0.0, 0.7535, 0.0, 0.0, 0.0], "(4, 3, 1, 0, 2)": [0.0, 0.0, 0.8078333333333333, 0.0, 0.0], "(4, 3, 1, 2, 0)": [0.8848333333333334, 0.0, 0.0, 0.0, 0.0], "(4, 3, 2, 0, 1)": [0.0, 0.7536666666666667, 0.0, 0.0, 0.0], "(4, 3, 2, 1, 0)": [0.8713333333333333, 0.0, 0.0, 0.0, 0.0]}