{"(0, 1, 2, 3, 4)": 0.41723333333333334, "(0, 1, 2, 4, 3)": 0.3982666666666667, "(0, 1, 3, 2, 4)": 0.4108, "(0, 1, 3, 4, 2)": 0.4056, "(0, 1, 4, 2, 3)": 0.3861666666666667, "(0, 1, 4, 3, 2)": 0.4117333333333333, "(0, 2, 1, 3, 4)": 0.3985, "(0, 2, 1, 4, 3)": 0.39376666666666665, "(0, 2, 3, 1, 4)": 0.3720666666666667, "(0, 2, 3, 4, 1)": 0.38149999999999995, "(0, 2, 4, 1, 3)": 0.38210000000000005, "(0, 2, 4, 3, 1)": 0.34793333333333337, "(0, 3, 1, 2, 4)": 0.40090000000000003, "(0, 3, 1, 4, 2)": 0.41273333333333334, "(0, 3, 2, 1, 4)": 0.3992, "(0, 3, 2, 4, 1)": 0.3693666666666666, "(0, 3, 4, 1, 2)": 0.4042333333333333, "(0, 3, 4, 2, 1)": 0.3776333333333333, "(0, 4, 1, 2, 3)": 0.3983333333333334, "(0, 4, 1, 3, 2)": 0.39670000000000005, "(0, 4, 2, 1, 3)": 0.3799666666666666, "(0, 4, 2, 3, 1)": 0.36846666666666666, "(0, 4, 3, 1, 2)": 0.4022666666666667, "(0, 4, 3, 2, 1)": 0.3658666666666666, "(1, 0, 2, 3, 4)": 0.40066666666666667, "(1, 0, 2, 4, 3)": 0.3797333333333333, "(1, 0, 3, 2, 4)": 0.3939000000000001, "(1, 0, 3, 4, 2)": 0.4255, "(1, 0, 4, 2, 3)": 0.3922666666666667, "(1, 0, 4, 3, 2)": 0.4203666666666666, "(1, 2, 0, 3, 4)": 0.40196666666666664, "(1, 2, 0, 4, 3)": 0.3694333333333333, "(1, 2, 3, 0, 4)": 0.4104666666666667, "(1, 2, 3, 4, 0)": 0.40673333333333334, "(1, 2, 4, 0, 3)": 0.38943333333333335, "(1, 2, 4, 3, 0)": 0.40863333333333335, "(1, 3, 0, 2, 4)": 0.3983666666666667, "(1, 3, 0, 4, 2)": 0.4039333333333333, "(1, 3, 2, 0, 4)": 0.39643333333333336, "(1, 3, 2, 4, 0)": 0.41179999999999994, "(1, 3, 4, 0, 2)": 0.40576666666666666, "(1, 3, 4, 2, 0)": 0.4149333333333333, "(1, 4, 0, 2, 3)": 0.37503333333333333, "(1, 4, 0, 3, 2)": 0.4200333333333333, "(1, 4, 2, 0, 3)": 0.38820000000000005, "(1, 4, 2, 3, 0)": 0.3922333333333334, "(1, 4, 3, 0, 2)": 0.4341333333333333, "(1, 4, 3, 2, 0)": 0.4244666666666667, "(2, 0, 1, 3, 4)": 0.4042666666666666, "(2, 0, 1, 4, 3)": 0.3775, "(2, 0, 3, 1, 4)": 0.4022333333333334, "(2, 0, 3, 4, 1)": 0.36033333333333334, "(2, 0, 4, 1, 3)": 0.37279999999999996, "(2, 0, 4, 3, 1)": 0.34896666666666665, "(2, 1, 0, 3, 4)": 0.4041333333333333, "(2, 1, 0, 4, 3)": 0.37873333333333337, "(2, 1, 3, 0, 4)": 0.4030666666666667, "(2, 1, 3, 4, 0)": 0.4098333333333333, "(2, 1, 4, 0, 3)": 0.3931, "(2, 1, 4, 3, 0)": 0.41063333333333335, "(2, 3, 0, 1, 4)": 0.3930666666666667, "(2, 3, 0, 4, 1)": 0.3738666666666666, "(2, 3, 1, 0, 4)": 0.3834666666666667, "(2, 3, 1, 4, 0)": 0.41300000000000003, "(2, 3, 4, 0, 1)": 0.37866666666666665, "(2, 3, 4, 1, 0)": 0.40363333333333334, "(2, 4, 0, 1, 3)": 0.3811333333333333, "(2, 4, 0, 3, 1)": 0.35729999999999995, "(2, 4, 1, 0, 3)": 0.3944666666666667, "(2, 4, 1, 3, 0)": 0.4143666666666667, "(2, 4, 3, 0, 1)": 0.37650000000000006, "(2, 4, 3, 1, 0)": 0.41533333333333333, "(3, 0, 1, 2, 4)": 0.41073333333333334, "(3, 0, 1, 4, 2)": 0.4122666666666666, "(3, 0, 2, 1, 4)": 0.38433333333333336, "(3, 0, 2, 4, 1)": 0.3627, "(3, 0, 4, 1, 2)": 0.41559999999999997, "(3, 0, 4, 2, 1)": 0.37576666666666664, "(3, 1, 0, 2, 4)": 0.40263333333333334, "(3, 1, 0, 4, 2)": 0.42430000000000007, "(3, 1, 2, 0, 4)": 0.4019, "(3, 1, 2, 4, 0)": 0.4142666666666666, "(3, 1, 4, 0, 2)": 0.43546666666666667, "(3, 1, 4, 2, 0)": 0.4185666666666667, "(3, 2, 0, 1, 4)": 0.3922999999999999, "(3, 2, 0, 4, 1)": 0.34736666666666666, "(3, 2, 1, 0, 4)": 0.39866666666666667, "(3, 2, 1, 4, 0)": 0.41146666666666665, "(3, 2, 4, 0, 1)": 0.3643, "(3, 2, 4, 1, 0)": 0.42513333333333336, "(3, 4, 0, 1, 2)": 0.40606666666666663, "(3, 4, 0, 2, 1)": 0.3759333333333334, "(3, 4, 1, 0, 2)": 0.4007, "(3, 4, 1, 2, 0)": 0.4195, "(3, 4, 2, 0, 1)": 0.3772666666666667, "(3, 4, 2, 1, 0)": 0.4103666666666667, "(4, 0, 1, 2, 3)": 0.3995, "(4, 0, 1, 3, 2)": 0.42756666666666665, "(4, 0, 2, 1, 3)": 0.3764, "(4, 0, 2, 3, 1)": 0.37609999999999993, "(4, 0, 3, 1, 2)": 0.4199, "(4, 0, 3, 2, 1)": 0.3627666666666667, "(4, 1, 0, 2, 3)": 0.3847666666666667, "(4, 1, 0, 3, 2)": 0.42673333333333335, "(4, 1, 2, 0, 3)": 0.3979333333333333, "(4, 1, 2, 3, 0)": 0.3956, "(4, 1, 3, 0, 2)": 0.4286666666666667, "(4, 1, 3, 2, 0)": 0.42873333333333336, "(4, 2, 0, 1, 3)": 0.3826333333333333, "(4, 2, 0, 3, 1)": 0.36803333333333327, "(4, 2, 1, 0, 3)": 0.3972, "(4, 2, 1, 3, 0)": 0.42133333333333334, "(4, 2, 3, 0, 1)": 0.3844666666666667, "(4, 2, 3, 1, 0)": 0.4042333333333333, "(4, 3, 0, 1, 2)": 0.41640000000000005, "(4, 3, 0, 2, 1)": 0.37693333333333334, "(4, 3, 1, 0, 2)": 0.4134333333333333, "(4, 3, 1, 2, 0)": 0.4070666666666667, "(4, 3, 2, 0, 1)": 0.3613666666666666, "(4, 3, 2, 1, 0)": 0.40420000000000006}