{"(0, 1, 2, 3, 4)": [0.239, 0.0645, 0.12816666666666665, 0.3426666666666667, 0.7585000000000001], "(0, 1, 2, 4, 3)": [0.24866666666666667, 0.043166666666666666, 0.11983333333333335, 0.8275, 0.3363333333333334], "(0, 1, 3, 2, 4)": [0.20466666666666666, 0.08933333333333333, 0.2343333333333333, 0.23983333333333334, 0.7605000000000001], "(0, 1, 3, 4, 2)": [0.1835, 0.05833333333333333, 0.7385, 0.1655, 0.26016666666666666], "(0, 1, 4, 2, 3)": [0.31183333333333335, 0.108, 0.324, 0.7004999999999999, 0.301], "(0, 1, 4, 3, 2)": [0.25866666666666666, 0.11166666666666665, 0.6185, 0.34883333333333333, 0.32749999999999996], "(0, 2, 1, 3, 4)": [0.18099999999999997, 0.083, 0.159, 0.28683333333333333, 0.7888333333333334], "(0, 2, 1, 4, 3)": [0.2225, 0.09216666666666667, 0.1035, 0.8361666666666667, 0.30416666666666664], "(0, 2, 3, 1, 4)": [0.22599999999999998, 0.225, 0.12433333333333334, 0.23166666666666666, 0.757], "(0, 2, 3, 4, 1)": [0.21183333333333332, 0.6748333333333334, 0.07666666666666667, 0.19799999999999998, 0.3176666666666667], "(0, 2, 4, 1, 3)": [0.23233333333333336, 0.18133333333333335, 0.13083333333333333, 0.7586666666666667, 0.2985], "(0, 2, 4, 3, 1)": [0.22866666666666668, 0.5421666666666667, 0.15833333333333335, 0.40950000000000003, 0.24750000000000003], "(0, 3, 1, 2, 4)": [0.20350000000000001, 0.10766666666666665, 0.23366666666666666, 0.23566666666666666, 0.7816666666666667], "(0, 3, 1, 4, 2)": [0.23983333333333334, 0.11333333333333334, 0.6656666666666666, 0.24233333333333337, 0.3678333333333333], "(0, 3, 2, 1, 4)": [0.19433333333333333, 0.15633333333333332, 0.15316666666666665, 0.24266666666666667, 0.7598333333333334], "(0, 3, 2, 4, 1)": [0.19766666666666666, 0.6805, 0.07416666666666666, 0.2195, 0.31983333333333336], "(0, 3, 4, 1, 2)": [0.22816666666666666, 0.2658333333333333, 0.536, 0.2791666666666667, 0.3303333333333333], "(0, 3, 4, 2, 1)": [0.20333333333333334, 0.5635, 0.244, 0.26899999999999996, 0.2896666666666667], "(0, 4, 1, 2, 3)": [0.25766666666666665, 0.10133333333333333, 0.20083333333333334, 0.7771666666666667, 0.26783333333333337], "(0, 4, 1, 3, 2)": [0.23116666666666666, 0.10216666666666667, 0.6526666666666667, 0.2933333333333333, 0.296], "(0, 4, 2, 1, 3)": [0.24233333333333332, 0.1475, 0.15983333333333333, 0.7723333333333332, 0.25416666666666665], "(0, 4, 2, 3, 1)": [0.20299999999999999, 0.6465, 0.12250000000000001, 0.2668333333333333, 0.22833333333333336], "(0, 4, 3, 1, 2)": [0.2335, 0.27466666666666667, 0.49366666666666664, 0.3216666666666667, 0.308], "(0, 4, 3, 2, 1)": [0.2005, 0.5975, 0.19899999999999998, 0.256, 0.22683333333333333], "(1, 0, 2, 3, 4)": [0.13733333333333334, 0.07016666666666667, 0.11516666666666668, 0.276, 0.805], "(1, 0, 2, 4, 3)": [0.25233333333333335, 0.051833333333333335, 0.1035, 0.8473333333333333, 0.3196666666666667], "(1, 0, 3, 2, 4)": [0.20883333333333334, 0.0725, 0.2335, 0.20466666666666666, 0.7476666666666668], "(1, 0, 3, 4, 2)": [0.2055, 0.05416666666666667, 0.7328333333333333, 0.18500000000000003, 0.2906666666666667], "(1, 0, 4, 2, 3)": [0.24050000000000002, 0.09016666666666666, 0.25433333333333336, 0.7488333333333334, 0.2826666666666667], "(1, 0, 4, 3, 2)": [0.22083333333333333, 0.07666666666666666, 0.6631666666666667, 0.3223333333333333, 0.2905], "(1, 2, 0, 3, 4)": [0.17066666666666666, 0.06583333333333334, 0.10283333333333333, 0.25833333333333336, 0.785], "(1, 2, 0, 4, 3)": [0.217, 0.061, 0.09049999999999998, 0.8433333333333334, 0.33183333333333337], "(1, 2, 3, 0, 4)": [0.24483333333333335, 0.054, 0.09300000000000001, 0.20266666666666666, 0.7583333333333333], "(1, 2, 3, 4, 0)": [0.7826666666666666, 0.05399999999999999, 0.0845, 0.22683333333333333, 0.23516666666666666], "(1, 2, 4, 0, 3)": [0.26816666666666666, 0.042, 0.09216666666666666, 0.8486666666666668, 0.1758333333333333], "(1, 2, 4, 3, 0)": [0.819, 0.06, 0.08833333333333333, 0.28150000000000003, 0.15016666666666667], "(1, 3, 0, 2, 4)": [0.21033333333333334, 0.065, 0.23183333333333334, 0.15433333333333335, 0.7851666666666667], "(1, 3, 0, 4, 2)": [0.20300000000000004, 0.04783333333333333, 0.7333333333333333, 0.166, 0.2845], "(1, 3, 2, 0, 4)": [0.33666666666666667, 0.09416666666666666, 0.16366666666666665, 0.19899999999999998, 0.649], "(1, 3, 2, 4, 0)": [0.765, 0.08366666666666667, 0.14383333333333334, 0.22466666666666665, 0.285], "(1, 3, 4, 0, 2)": [0.263, 0.051, 0.7488333333333334, 0.1535, 0.21150000000000002], "(1, 3, 4, 2, 0)": [0.8135, 0.0635, 0.2025, 0.16949999999999998, 0.19000000000000003], "(1, 4, 0, 2, 3)": [0.24450000000000002, 0.0625, 0.208, 0.7895, 0.2406666666666667], "(1, 4, 0, 3, 2)": [0.26016666666666666, 0.08916666666666666, 0.6728333333333333, 0.32033333333333336, 0.22016666666666665], "(1, 4, 2, 0, 3)": [0.2953333333333334, 0.04633333333333334, 0.078, 0.858, 0.21150000000000002], "(1, 4, 2, 3, 0)": [0.8226666666666667, 0.045000000000000005, 0.12449999999999999, 0.30033333333333334, 0.13633333333333333], "(1, 4, 3, 0, 2)": [0.3426666666666667, 0.07733333333333332, 0.7185, 0.1915, 0.206], "(1, 4, 3, 2, 0)": [0.8210000000000001, 0.05016666666666667, 0.211, 0.20783333333333331, 0.17966666666666667], "(2, 0, 1, 3, 4)": [0.19000000000000003, 0.0805, 0.11583333333333333, 0.31216666666666665, 0.7719999999999999], "(2, 0, 1, 4, 3)": [0.20516666666666664, 0.057166666666666664, 0.1155, 0.8315, 0.3241666666666667], "(2, 0, 3, 1, 4)": [0.242, 0.16733333333333333, 0.11766666666666668, 0.2313333333333333, 0.7458333333333335], "(2, 0, 3, 4, 1)": [0.21983333333333333, 0.6761666666666666, 0.10583333333333333, 0.1935, 0.2836666666666667], "(2, 0, 4, 1, 3)": [0.20550000000000002, 0.1708333333333333, 0.151, 0.7693333333333333, 0.24983333333333335], "(2, 0, 4, 3, 1)": [0.1446666666666667, 0.6848333333333333, 0.07783333333333332, 0.2363333333333333, 0.229], "(2, 1, 0, 3, 4)": [0.20000000000000004, 0.06233333333333333, 0.11, 0.2901666666666667, 0.7651666666666666], "(2, 1, 0, 4, 3)": [0.20133333333333334, 0.04616666666666667, 0.07100000000000001, 0.8551666666666667, 0.29183333333333333], "(2, 1, 3, 0, 4)": [0.26899999999999996, 0.071, 0.09583333333333333, 0.23483333333333334, 0.7214999999999999], "(2, 1, 3, 4, 0)": [0.749, 0.08166666666666667, 0.11133333333333334, 0.23883333333333334, 0.29283333333333333], "(2, 1, 4, 0, 3)": [0.25183333333333335, 0.054833333333333324, 0.06733333333333334, 0.8603333333333333, 0.22966666666666669], "(2, 1, 4, 3, 0)": [0.828, 0.0595, 0.075, 0.24583333333333335, 0.12783333333333333], "(2, 3, 0, 1, 4)": [0.1845, 0.16949999999999998, 0.10266666666666667, 0.2011666666666667, 0.7871666666666668], "(2, 3, 0, 4, 1)": [0.1723333333333333, 0.6745000000000001, 0.08633333333333333, 0.19983333333333334, 0.30466666666666664], "(2, 3, 1, 0, 4)": [0.2783333333333334, 0.11383333333333334, 0.11416666666666668, 0.1978333333333333, 0.7148333333333333], "(2, 3, 1, 4, 0)": [0.7408333333333333, 0.08466666666666667, 0.15183333333333335, 0.21133333333333335, 0.31183333333333335], "(2, 3, 4, 0, 1)": [0.24133333333333332, 0.6605, 0.08583333333333333, 0.20550000000000002, 0.22433333333333336], "(2, 3, 4, 1, 0)": [0.8156666666666667, 0.15466666666666665, 0.09216666666666666, 0.17466666666666666, 0.16649999999999998], "(2, 4, 0, 1, 3)": [0.24083333333333334, 0.17600000000000002, 0.09849999999999999, 0.7855, 0.21133333333333335], "(2, 4, 0, 3, 1)": [0.19000000000000003, 0.6633333333333333, 0.081, 0.24116666666666667, 0.18683333333333332], "(2, 4, 1, 0, 3)": [0.3638333333333333, 0.07966666666666666, 0.12000000000000001, 0.8111666666666667, 0.23299999999999998], "(2, 4, 1, 3, 0)": [0.7869999999999999, 0.07416666666666667, 0.11699999999999999, 0.2713333333333333, 0.2161666666666667], "(2, 4, 3, 0, 1)": [0.29133333333333333, 0.6901666666666667, 0.08600000000000001, 0.14616666666666667, 0.25666666666666665], "(2, 4, 3, 1, 0)": [0.7851666666666667, 0.1658333333333333, 0.09400000000000001, 0.20750000000000002, 0.207], "(3, 0, 1, 2, 4)": [0.2125, 0.09833333333333333, 0.2161666666666667, 0.2145, 0.7391666666666666],