{"(0, 1, 2, 3, 4)": [0.06533333333333334, 0.08083333333333333, 0.2215, 0.41916666666666663, 0.8424999999999999], "(0, 1, 2, 4, 3)": [0.21333333333333335, 0.0265, 0.07133333333333335, 0.8713333333333333, 0.496], "(0, 1, 3, 2, 4)": [0.0765, 0.06216666666666667, 0.3938333333333333, 0.21566666666666667, 0.8304999999999999], "(0, 1, 3, 4, 2)": [0.19316666666666668, 0.015333333333333332, 0.7903333333333333, 0.12183333333333331, 0.4335], "(0, 1, 4, 2, 3)": [0.1935, 0.03666666666666667, 0.08766666666666667, 0.8798333333333334, 0.37033333333333335], "(0, 1, 4, 3, 2)": [0.2265, 0.013833333333333331, 0.7919999999999999, 0.1545, 0.379], "(0, 2, 1, 3, 4)": [0.08633333333333333, 0.15066666666666667, 0.10783333333333334, 0.44283333333333336, 0.8468333333333334], "(0, 2, 1, 4, 3)": [0.21166666666666667, 0.05416666666666666, 0.04566666666666667, 0.8861666666666667, 0.4623333333333333], "(0, 2, 3, 1, 4)": [0.06966666666666667, 0.30383333333333334, 0.102, 0.26499999999999996, 0.8448333333333333], "(0, 2, 3, 4, 1)": [0.152, 0.7363333333333332, 0.022166666666666668, 0.13383333333333333, 0.45716666666666667], "(0, 2, 4, 1, 3)": [0.24533333333333332, 0.08866666666666667, 0.030166666666666665, 0.8823333333333334, 0.4246666666666667], "(0, 2, 4, 3, 1)": [0.2195, 0.7353333333333335, 0.027499999999999997, 0.1615, 0.3615], "(0, 3, 1, 2, 4)": [0.09149999999999998, 0.13166666666666668, 0.3781666666666667, 0.20133333333333334, 0.8426666666666667], "(0, 3, 1, 4, 2)": [0.19449999999999998, 0.02, 0.7886666666666665, 0.09650000000000002, 0.46866666666666673], "(0, 3, 2, 1, 4)": [0.07816666666666668, 0.29233333333333333, 0.16366666666666665, 0.20533333333333334, 0.8415], "(0, 3, 2, 4, 1)": [0.19633333333333333, 0.735, 0.03166666666666667, 0.10566666666666667, 0.45883333333333337], "(0, 3, 4, 1, 2)": [0.19316666666666668, 0.0295, 0.7878333333333333, 0.08033333333333333, 0.35666666666666663], "(0, 3, 4, 2, 1)": [0.16866666666666666, 0.7370000000000001, 0.04466666666666667, 0.09799999999999999, 0.33816666666666667], "(0, 4, 1, 2, 3)": [0.255, 0.03716666666666667, 0.08600000000000001, 0.8793333333333333, 0.2823333333333333], "(0, 4, 1, 3, 2)": [0.21133333333333335, 0.01883333333333333, 0.7891666666666667, 0.14883333333333335, 0.31916666666666665], "(0, 4, 2, 1, 3)": [0.29033333333333333, 0.07383333333333332, 0.04733333333333334, 0.8806666666666666, 0.3065], "(0, 4, 2, 3, 1)": [0.16283333333333333, 0.7300000000000001, 0.018833333333333334, 0.16866666666666666, 0.2885], "(0, 4, 3, 1, 2)": [0.23483333333333334, 0.037500000000000006, 0.7911666666666667, 0.103, 0.2801666666666667], "(0, 4, 3, 2, 1)": [0.20416666666666664, 0.7363333333333332, 0.049166666666666664, 0.09549999999999999, 0.26833333333333337], "(1, 0, 2, 3, 4)": [0.07100000000000001, 0.06883333333333334, 0.18916666666666668, 0.42883333333333334, 0.8378333333333332], "(1, 0, 2, 4, 3)": [0.21383333333333332, 0.018833333333333337, 0.054, 0.8751666666666665, 0.4383333333333333], "(1, 0, 3, 2, 4)": [0.07066666666666667, 0.049166666666666664, 0.3993333333333333, 0.23883333333333334, 0.8391666666666667], "(1, 0, 3, 4, 2)": [0.19499999999999998, 0.011999999999999999, 0.7845, 0.108, 0.4363333333333333], "(1, 0, 4, 2, 3)": [0.2668333333333333, 0.022166666666666668, 0.08466666666666667, 0.8736666666666667, 0.3625], "(1, 0, 4, 3, 2)": [0.23083333333333333, 0.013666666666666666, 0.7795, 0.1495, 0.34383333333333327], "(1, 2, 0, 3, 4)": [0.10366666666666667, 0.06783333333333334, 0.13866666666666666, 0.4295, 0.8306666666666667], "(1, 2, 0, 4, 3)": [0.24766666666666667, 0.028499999999999998, 0.037, 0.8781666666666667, 0.42316666666666664], "(1, 2, 3, 0, 4)": [0.12166666666666666, 0.07033333333333334, 0.14333333333333334, 0.2743333333333333, 0.828], "(1, 2, 3, 4, 0)": [0.8671666666666668, 0.04666666666666667, 0.13849999999999998, 0.25066666666666665, 0.07633333333333332], "(1, 2, 4, 0, 3)": [0.3993333333333333, 0.027499999999999997, 0.044000000000000004, 0.8786666666666667, 0.19516666666666668], "(1, 2, 4, 3, 0)": [0.8650000000000001, 0.0525, 0.10583333333333333, 0.36450000000000005, 0.07683333333333332], "(1, 3, 0, 2, 4)": [0.08216666666666667, 0.05583333333333334, 0.3495, 0.17816666666666667, 0.8376666666666667], "(1, 3, 0, 4, 2)": [0.211, 0.014166666666666668, 0.7875, 0.09499999999999999, 0.4271666666666667], "(1, 3, 2, 0, 4)": [0.1125, 0.07416666666666666, 0.2663333333333333, 0.21116666666666664, 0.8331666666666667], "(1, 3, 2, 4, 0)": [0.8691666666666666, 0.06033333333333333, 0.2041666666666667, 0.18633333333333332, 0.08333333333333333], "(1, 3, 4, 0, 2)": [0.4073333333333333, 0.016666666666666666, 0.7795, 0.09433333333333332, 0.21783333333333332], "(1, 3, 4, 2, 0)": [0.8713333333333333, 0.05316666666666666, 0.3383333333333334, 0.18733333333333332, 0.05433333333333334], "(1, 4, 0, 2, 3)": [0.3581666666666667, 0.0255, 0.09000000000000001, 0.883, 0.23833333333333337], "(1, 4, 0, 3, 2)": [0.31183333333333335, 0.013833333333333335, 0.7731666666666667, 0.13699999999999998, 0.24050000000000002], "(1, 4, 2, 0, 3)": [0.43416666666666665, 0.026333333333333334, 0.05983333333333333, 0.8741666666666666, 0.18233333333333335], "(1, 4, 2, 3, 0)": [0.8730000000000001, 0.051833333333333335, 0.18433333333333335, 0.39749999999999996, 0.072], "(1, 4, 3, 0, 2)": [0.4423333333333333, 0.0135, 0.7821666666666666, 0.11533333333333333, 0.20466666666666666], "(1, 4, 3, 2, 0)": [0.8713333333333333, 0.044000000000000004, 0.3188333333333333, 0.23433333333333337, 0.059166666666666666], "(2, 0, 1, 3, 4)": [0.07283333333333335, 0.15333333333333335, 0.09766666666666668, 0.4173333333333333, 0.8365], "(2, 0, 1, 4, 3)": [0.22883333333333333, 0.06083333333333333, 0.038, 0.8734999999999999, 0.43533333333333335], "(2, 0, 3, 1, 4)": [0.064, 0.2945, 0.07600000000000001, 0.2615, 0.847], "(2, 0, 3, 4, 1)": [0.16016666666666665, 0.7358333333333333, 0.021333333333333333, 0.1375, 0.40633333333333327], "(2, 0, 4, 1, 3)": [0.23216666666666666, 0.08166666666666667, 0.029166666666666664, 0.8805, 0.357], "(2, 0, 4, 3, 1)": [0.19483333333333333, 0.7435, 0.015833333333333335, 0.18616666666666667, 0.31433333333333335], "(2, 1, 0, 3, 4)": [0.09949999999999999, 0.08850000000000001, 0.08750000000000001, 0.4078333333333333, 0.8366666666666666], "(2, 1, 0, 4, 3)": [0.21883333333333332, 0.03816666666666667, 0.04716666666666667, 0.8708333333333332, 0.4031666666666666], "(2, 1, 3, 0, 4)": [0.11366666666666665, 0.08616666666666666, 0.11883333333333335, 0.32133333333333336, 0.831], "(2, 1, 3, 4, 0)": [0.8696666666666667, 0.07666666666666666, 0.10733333333333334, 0.266, 0.06683333333333334], "(2, 1, 4, 0, 3)": [0.41983333333333334, 0.04033333333333333, 0.0305, 0.8833333333333333, 0.20950000000000002], "(2, 1, 4, 3, 0)": [0.8664999999999999, 0.06516666666666666, 0.08216666666666667, 0.38166666666666665, 0.0685], "(2, 3, 0, 1, 4)": [0.0855, 0.3016666666666667, 0.07983333333333334, 0.19283333333333333, 0.8388333333333332], "(2, 3, 0, 4, 1)": [0.18433333333333332, 0.73, 0.020833333333333332, 0.10033333333333333, 0.3765], "(2, 3, 1, 0, 4)": [0.10733333333333334, 0.20266666666666666, 0.09733333333333333, 0.18733333333333335, 0.8450000000000001], "(2, 3, 1, 4, 0)": [0.8666666666666666, 0.15966666666666665, 0.10533333333333332, 0.18916666666666668, 0.09333333333333334], "(2, 3, 4, 0, 1)": [0.3585, 0.7423333333333334, 0.018333333333333333, 0.09083333333333334, 0.24100000000000002], "(2, 3, 4, 1, 0)": [0.8724999999999999, 0.25016666666666665, 0.08966666666666667, 0.18216666666666667, 0.07233333333333333], "(2, 4, 0, 1, 3)": [0.3623333333333334, 0.079, 0.028999999999999998, 0.8793333333333333, 0.22283333333333333], "(2, 4, 0, 3, 1)": [0.28683333333333333, 0.7413333333333334, 0.017666666666666667, 0.15783333333333335, 0.23199999999999998], "(2, 4, 1, 0, 3)": [0.4623333333333333, 0.03883333333333333, 0.03233333333333333, 0.8791666666666668, 0.2091666666666667], "(2, 4, 1, 3, 0)": [0.875, 0.1135, 0.09699999999999999, 0.4124999999999999, 0.057999999999999996],