{"(0, 1, 2, 3, 4)": 0.006048691318514003, "(0, 1, 2, 4, 3)": 0.0039597979746446655, "(0, 1, 3, 2, 4)": 0.0009977753031397167, "(0, 1, 3, 4, 2)": 0.004109609335312649, "(0, 1, 4, 2, 3)": 0.003216623488483951, "(0, 1, 4, 3, 2)": 0.0037665191711534728, "(0, 2, 1, 3, 4)": 0.0030868898407440584, "(0, 2, 1, 4, 3)": 0.005666274496233541, "(0, 2, 3, 1, 4)": 0.0020741798914805398, "(0, 2, 3, 4, 1)": 0.0012364824660661034, "(0, 2, 4, 1, 3)": 0.0061013659672786965, "(0, 2, 4, 3, 1)": 0.0011775681155103788, "(0, 3, 1, 2, 4)": 0.0026733250207684575, "(0, 3, 1, 4, 2)": 0.005564969801255789, "(0, 3, 2, 1, 4)": 0.0019955506062794342, "(0, 3, 2, 4, 1)": 0.001423610433604182, "(0, 3, 4, 1, 2)": 0.0034922135609890136, "(0, 3, 4, 2, 1)": 0.0005656854249492412, "(0, 4, 1, 2, 3)": 0.0032166234884839495, "(0, 4, 1, 3, 2)": 0.0033146141052416145, "(0, 4, 2, 1, 3)": 0.0032055507413790156, "(0, 4, 2, 3, 1)": 0.0011313708498984691, "(0, 4, 3, 1, 2)": 0.00584541605780879, "(0, 4, 3, 2, 1)": 0.002815828277592385, "(1, 0, 2, 3, 4)": 0.00037712361663282964, "(1, 0, 2, 4, 3)": 0.0006798692684790402, "(1, 0, 3, 2, 4)": 0.0010498677165349081, "(1, 0, 3, 4, 2)": 0.004576267280461472, "(1, 0, 4, 2, 3)": 0.002939387691339813, "(1, 0, 4, 3, 2)": 0.006251044357189889, "(1, 2, 0, 3, 4)": 0.0010498677165349081, "(1, 2, 0, 4, 3)": 0.0006798692684790402, "(1, 2, 3, 0, 4)": 0.01255175950481313, "(1, 2, 3, 4, 0)": 0.0009797958971132653, "(1, 2, 4, 0, 3)": 0.00652380257212004, "(1, 2, 4, 3, 0)": 0.0026398653164297838, "(1, 3, 0, 2, 4)": 0.0032659863237109073, "(1, 3, 0, 4, 2)": 0.0033038697848970294, "(1, 3, 2, 0, 4)": 0.0037094473981982828, "(1, 3, 2, 4, 0)": 0.0008640987597877137, "(1, 3, 4, 0, 2)": 0.0026733250207684575, "(1, 3, 4, 2, 0)": 0.0011775681155103788, "(1, 4, 0, 2, 3)": 0.004135483311805551, "(1, 4, 0, 3, 2)": 0.0065074316490199595, "(1, 4, 2, 0, 3)": 0.0064442911859171025, "(1, 4, 2, 3, 0)": 0.0014727148022916318, "(1, 4, 3, 0, 2)": 0.0028472208672083474, "(1, 4, 3, 2, 0)": 0.0015084944665312923, "(2, 0, 1, 3, 4)": 0.0021249836600678983, "(2, 0, 1, 4, 3)": 0.0022939534045447038, "(2, 0, 3, 1, 4)": 0.0070225035105406335, "(2, 0, 3, 4, 1)": 0.003287687468250113, "(2, 0, 4, 1, 3)": 0.002141650453894533, "(2, 0, 4, 3, 1)": 0.0011775681155103788, "(2, 1, 0, 3, 4)": 0.0031496031496047227, "(2, 1, 0, 4, 3)": 0.0038134265722866902, "(2, 1, 3, 0, 4)": 0.004393935214209085, "(2, 1, 3, 4, 0)": 0.0028534579412043595, "(2, 1, 4, 0, 3)": 0.00489897948556636, "(2, 1, 4, 3, 0)": 0.001959591794226542, "(2, 3, 0, 1, 4)": 0.001913693345920978, "(2, 3, 0, 4, 1)": 0.0009797958971132766, "(2, 3, 1, 0, 4)": 0.003532704346531138, "(2, 3, 1, 4, 0)": 0.0034409301068170474, "(2, 3, 4, 0, 1)": 0.009835988342137598, "(2, 3, 4, 1, 0)": 0.0012364824660660953, "(2, 4, 0, 1, 3)": 0.002039607805437119, "(2, 4, 0, 3, 1)": 0.0026398653164297747, "(2, 4, 1, 0, 3)": 0.0011775681155103835, "(2, 4, 1, 3, 0)": 0.00032659863237109976, "(2, 4, 3, 0, 1)": 0.006976786907707273, "(2, 4, 3, 1, 0)": 0.002472964932132186, "(3, 0, 1, 2, 4)": 0.0016329931618554536, "(3, 0, 1, 4, 2)": 0.005468292441175967, "(3, 0, 2, 1, 4)": 0.004668571040003091, "(3, 0, 2, 4, 1)": 0.0034922135609890075, "(3, 0, 4, 1, 2)": 0.008698403429493382, "(3, 0, 4, 2, 1)": 0.0025922962793631455, "(3, 1, 0, 2, 4)": 0.0018571184369578864, "(3, 1, 0, 4, 2)": 0.00575345306943771, "(3, 1, 2, 0, 4)": 0.006233957188032514, "(3, 1, 2, 4, 0)": 0.0007542472332656462, "(3, 1, 4, 0, 2)": 0.0034097898273451784, "(3, 1, 4, 2, 0)": 0.0008640987597877137, "(3, 2, 0, 1, 4)": 0.002141650453894533, "(3, 2, 0, 4, 1)": 0.0013597385369580803, "(3, 2, 1, 0, 4)": 0.0025922962793631455, "(3, 2, 1, 4, 0)": 0.000188561808316405, "(3, 2, 4, 0, 1)": 0.005666274496233531, "(3, 2, 4, 1, 0)": 0.005435684562837199, "(3, 4, 0, 1, 2)": 0.0029028721409436317, "(3, 4, 0, 2, 1)": 0.0018571184369578888, "(3, 4, 1, 0, 2)": 0.0029454296045832687, "(3, 4, 1, 2, 0)": 0.0018571184369578888, "(3, 4, 2, 0, 1)": 0.005494239407476394, "(3, 4, 2, 1, 0)": 0.003104119127152749, "(4, 0, 1, 2, 3)": 0.0018571184369578823, "(4, 0, 1, 3, 2)": 0.000979795897113271, "(4, 0, 2, 1, 3)": 0.0024729649321321894, "(4, 0, 2, 3, 1)": 0.0016759740119968722, "(4, 0, 3, 1, 2)": 0.00344093010681705, "(4, 0, 3, 2, 1)": 0.0008219218670625312, "(4, 1, 0, 2, 3)": 0.0027904599381941807, "(4, 1, 0, 3, 2)": 0.0034922135609890105, "(4, 1, 2, 0, 3)": 0.0019136933459209778, "(4, 1, 2, 3, 0)": 0.0016329931618554536, "(4, 1, 3, 0, 2)": 0.00679607729993315, "(4, 1, 3, 2, 0)": 0.00032659863237108843, "(4, 2, 0, 1, 3)": 0.002465765601187587, "(4, 2, 0, 3, 1)": 0.0014966629547095724, "(4, 2, 1, 0, 3)": 0.0029454296045832687, "(4, 2, 1, 3, 0)": 0.00032659863237108843, "(4, 2, 3, 0, 1)": 0.0035925849560819955, "(4, 2, 3, 1, 0)": 0.01531535177526131, "(4, 3, 0, 1, 2)": 0.0041697322056298385, "(4, 3, 0, 2, 1)": 0.0018856180831641283, "(4, 3, 1, 0, 2)": 0.0013063945294843624, "(4, 3, 1, 2, 0)": 0.0024657656011875815, "(4, 3, 2, 0, 1)": 0.007744819056777384, "(4, 3, 2, 1, 0)": 0.00689991948423232}