{"(0, 1, 2, 3, 4)": 0.004143267631552017, "(0, 1, 2, 4, 3)": 0.015407429665226076, "(0, 1, 3, 2, 4)": 0.00855375161357092, "(0, 1, 3, 4, 2)": 0.014354635333422962, "(0, 1, 4, 2, 3)": 0.008508166012066795, "(0, 1, 4, 3, 2)": 0.0043652669512362985, "(0, 2, 1, 3, 4)": 0.008168367169895238, "(0, 2, 1, 4, 3)": 0.004708148963941873, "(0, 2, 3, 1, 4)": 0.010464224768228163, "(0, 2, 3, 4, 1)": 0.0014142135623731093, "(0, 2, 4, 1, 3)": 0.008806563209081965, "(0, 2, 4, 3, 1)": 0.003009245014211293, "(0, 3, 1, 2, 4)": 0.0017795130420052304, "(0, 3, 1, 4, 2)": 0.007884584115009877, "(0, 3, 2, 1, 4)": 0.007352248333370906, "(0, 3, 2, 4, 1)": 0.0010801234497346444, "(0, 3, 4, 1, 2)": 0.008605553762283717, "(0, 3, 4, 2, 1)": 0.0060138728508895775, "(0, 4, 1, 2, 3)": 0.00324037034920395, "(0, 4, 1, 3, 2)": 0.01828934115817191, "(0, 4, 2, 1, 3)": 0.007717224601860157, "(0, 4, 2, 3, 1)": 0.0010274023338281667, "(0, 4, 3, 1, 2)": 0.010849987199173185, "(0, 4, 3, 2, 1)": 0.008106924338010189, "(1, 0, 2, 3, 4)": 0.0027182510717166978, "(1, 0, 2, 4, 3)": 0.004109609335312703, "(1, 0, 3, 2, 4)": 0.008953584012375553, "(1, 0, 3, 4, 2)": 0.006018490028422586, "(1, 0, 4, 2, 3)": 0.0031180478223116403, "(1, 0, 4, 3, 2)": 0.00987702159335266, "(1, 2, 0, 3, 4)": 0.007329544475765339, "(1, 2, 0, 4, 3)": 0.00843603382322919, "(1, 2, 3, 0, 4)": 0.0035197853469904577, "(1, 2, 3, 4, 0)": 0.014696938456699081, "(1, 2, 4, 0, 3)": 0.007487025815072048, "(1, 2, 4, 3, 0)": 0.011085526098877248, "(1, 3, 0, 2, 4)": 0.008488554385497886, "(1, 3, 0, 4, 2)": 0.006164414002968982, "(1, 3, 2, 0, 4)": 0.006883958809354441, "(1, 3, 2, 4, 0)": 0.007168604389202173, "(1, 3, 4, 0, 2)": 0.004784233364802394, "(1, 3, 4, 2, 0)": 0.0050990195135927644, "(1, 4, 0, 2, 3)": 0.0077280154129131095, "(1, 4, 0, 3, 2)": 0.011242281302693356, "(1, 4, 2, 0, 3)": 0.008289886743630574, "(1, 4, 2, 3, 0)": 0.012344589458094128, "(1, 4, 3, 0, 2)": 0.0014337208778404606, "(1, 4, 3, 2, 0)": 0.007359800721939817, "(2, 0, 1, 3, 4)": 0.014584999904772756, "(2, 0, 1, 4, 3)": 0.00990790929846789, "(2, 0, 3, 1, 4)": 0.004766783215358393, "(2, 0, 3, 4, 1)": 0.002483277404291892, "(2, 0, 4, 1, 3)": 0.0010274023338281877, "(2, 0, 4, 3, 1)": 0.015542057635833035, "(2, 1, 0, 3, 4)": 0.003793268892247024, "(2, 1, 0, 4, 3)": 0.008891319112232775, "(2, 1, 3, 0, 4)": 0.0010274023338281396, "(2, 1, 3, 4, 0)": 0.006328945848682514, "(2, 1, 4, 0, 3)": 0.003922867431979964, "(2, 1, 4, 3, 0)": 0.0018856180831641283, "(2, 3, 0, 1, 4)": 0.015400216448695384, "(2, 3, 0, 4, 1)": 0.0065319726474218145, "(2, 3, 1, 0, 4)": 0.010424330514074601, "(2, 3, 1, 4, 0)": 0.001699673171197571, "(2, 3, 4, 0, 1)": 0.009040034414880393, "(2, 3, 4, 1, 0)": 0.003299831645537225, "(2, 4, 0, 1, 3)": 0.008831760866327804, "(2, 4, 0, 3, 1)": 0.007082843120291908, "(2, 4, 1, 0, 3)": 0.004129837231121281, "(2, 4, 1, 3, 0)": 0.0004082482904638634, "(2, 4, 3, 0, 1)": 0.007597514213360971, "(2, 4, 3, 1, 0)": 0.011664285471281805, "(3, 0, 1, 2, 4)": 0.004288226776756183, "(3, 0, 1, 4, 2)": 0.00503873881927704, "(3, 0, 2, 1, 4)": 0.005137011669140794, "(3, 0, 2, 4, 1)": 0.004870546398734157, "(3, 0, 4, 1, 2)": 0.014584999904772775, "(3, 0, 4, 2, 1)": 0.004415880433163928, "(3, 1, 0, 2, 4)": 0.018638371411925706, "(3, 1, 0, 4, 2)": 0.013224556283251617, "(3, 1, 2, 0, 4)": 0.009933109617167568, "(3, 1, 2, 4, 0)": 0.01823915202707262, "(3, 1, 4, 0, 2)": 0.015222424978373889, "(3, 1, 4, 2, 0)": 0.005201495511442405, "(3, 2, 0, 1, 4)": 0.0012472191289246482, "(3, 2, 0, 4, 1)": 0.004766783215358343, "(3, 2, 1, 0, 4)": 0.002273030282831002, "(3, 2, 1, 4, 0)": 0.009577171932372435, "(3, 2, 4, 0, 1)": 0.011735511161522615, "(3, 2, 4, 1, 0)": 0.0043204937989385775, "(3, 4, 0, 1, 2)": 0.005542763049438657, "(3, 4, 0, 2, 1)": 0.006570134448142325, "(3, 4, 1, 0, 2)": 0.015171244730300336, "(3, 4, 1, 2, 0)": 0.011182824131477467, "(3, 4, 2, 0, 1)": 0.0027788886667554883, "(3, 4, 2, 1, 0)": 0.0069801305304573, "(4, 0, 1, 2, 3)": 0.010036046144883114, "(4, 0, 1, 3, 2)": 0.01641307067214691, "(4, 0, 2, 1, 3)": 0.007717224601860157, "(4, 0, 2, 3, 1)": 0.0040069384267237464, "(4, 0, 3, 1, 2)": 0.008178562764256875, "(4, 0, 3, 2, 1)": 0.004636809247747824, "(4, 1, 0, 2, 3)": 0.008249579113843058, "(4, 1, 0, 3, 2)": 0.0055727511657668585, "(4, 1, 2, 0, 3)": 0.014613540144521995, "(4, 1, 2, 3, 0)": 0.010731573354670149, "(4, 1, 3, 0, 2)": 0.010606601717798196, "(4, 1, 3, 2, 0)": 0.012847394893734468, "(4, 2, 0, 1, 3)": 0.005212165257037276, "(4, 2, 0, 3, 1)": 0.004938510796676338, "(4, 2, 1, 0, 3)": 0.004552166761249199, "(4, 2, 1, 3, 0)": 0.01030372101071581, "(4, 2, 3, 0, 1)": 0.00580708379672811, "(4, 2, 3, 1, 0)": 0.006141841924229432, "(4, 3, 0, 1, 2)": 0.009877021593352712, "(4, 3, 0, 2, 1)": 0.0018708286933869723, "(4, 3, 1, 0, 2)": 0.022216110270602142, "(4, 3, 1, 2, 0)": 0.009741092797468298, "(4, 3, 2, 0, 1)": 0.002896357866163797, "(4, 3, 2, 1, 0)": 0.005265189666310468}