{"(0, 1, 2, 3, 4)": 0.0011469767022723545, "(0, 1, 2, 4, 3)": 0.00032659863237108843, "(0, 1, 3, 2, 4)": 0.005753453069437713, "(0, 1, 3, 4, 2)": 0.003813426572286691, "(0, 1, 4, 2, 3)": 0.004349201714746693, "(0, 1, 4, 3, 2)": 0.0023551362310207592, "(0, 2, 1, 3, 4)": 0.003923717058549912, "(0, 2, 1, 4, 3)": 0.002777688887466621, "(0, 2, 3, 1, 4)": 0.0031155523854794467, "(0, 2, 3, 4, 1)": 0.001959591794226542, "(0, 2, 4, 1, 3)": 0.004418144406874906, "(0, 2, 4, 3, 1)": 0.0016329931618554536, "(0, 3, 1, 2, 4)": 0.0022627416997969517, "(0, 3, 1, 4, 2)": 0.007065408693062279, "(0, 3, 2, 1, 4)": 0.004942334131426838, "(0, 3, 2, 4, 1)": 0.0006798692684790357, "(0, 3, 4, 1, 2)": 0.001959591794226545, "(0, 3, 4, 2, 1)": 0.0006798692684790357, "(0, 4, 1, 2, 3)": 0.00032659863237108843, "(0, 4, 1, 3, 2)": 0.007744819056777389, "(0, 4, 2, 1, 3)": 0.001697056274847717, "(0, 4, 2, 3, 1)": 0.004811098280711665, "(0, 4, 3, 1, 2)": 0.005986651818838308, "(0, 4, 3, 2, 1)": 0.009181624160366303, "(1, 0, 2, 3, 4)": 0.0031721006008987563, "(1, 0, 2, 4, 3)": 0.0029634814361190484, "(1, 0, 3, 2, 4)": 0.001959591794226542, "(1, 0, 3, 4, 2)": 0.006861162842809925, "(1, 0, 4, 2, 3)": 0.0014727148022916372, "(1, 0, 4, 3, 2)": 0.006048691318514003, "(1, 2, 0, 3, 4)": 0.003766519171153476, "(1, 2, 0, 4, 3)": 0.0030346151137976124, "(1, 2, 3, 0, 4)": 0.003582674358011839, "(1, 2, 3, 4, 0)": 0.001959591794226542, "(1, 2, 4, 0, 3)": 0.0009977753031397178, "(1, 2, 4, 3, 0)": 0.0014236104336041767, "(1, 3, 0, 2, 4)": 0.0021249836600679014, "(1, 3, 0, 4, 2)": 0.0026398653164297773, "(1, 3, 2, 0, 4)": 0.0024944382578492965, "(1, 3, 2, 4, 0)": 0.0024944382578492865, "(1, 3, 4, 0, 2)": 0.007406903686576611, "(1, 3, 4, 2, 0)": 0.0016110727964792756, "(1, 4, 0, 2, 3)": 0.0021746008573733443, "(1, 4, 0, 3, 2)": 0.005376492040974921, "(1, 4, 2, 0, 3)": 0.0011469767022723545, "(1, 4, 2, 3, 0)": 0.0017987650084309334, "(1, 4, 3, 0, 2)": 0.0038273866918419534, "(1, 4, 3, 2, 0)": 0.0021249836600678897, "(2, 0, 1, 3, 4)": 0.0019955506062794342, "(2, 0, 1, 4, 3)": 0.0013199326582148867, "(2, 0, 3, 1, 4)": 0.003973243846867026, "(2, 0, 3, 4, 1)": 0.0041483597829610796, "(2, 0, 4, 1, 3)": 0.0016110727964792795, "(2, 0, 4, 3, 1)": 0.002719477073916157, "(2, 1, 0, 3, 4)": 0.0020741798914805398, "(2, 1, 0, 4, 3)": 0.005027922035990615, "(2, 1, 3, 0, 4)": 0.0016970562748477103, "(2, 1, 3, 4, 0)": 0.002739018477889885, "(2, 1, 4, 0, 3)": 0.0032714251057027488, "(2, 1, 4, 3, 0)": 0.001049867716534904, "(2, 3, 0, 1, 4)": 0.0011469767022723486, "(2, 3, 0, 4, 1)": 0.0023551362310207575, "(2, 3, 1, 0, 4)": 0.0025922962793631455, "(2, 3, 1, 4, 0)": 0.0020997354330698163, "(2, 3, 4, 0, 1)": 0.003149603149604729, "(2, 3, 4, 1, 0)": 0.003086889840744063, "(2, 4, 0, 1, 3)": 0.001913693345920978, "(2, 4, 0, 3, 1)": 0.003597530016861878, "(2, 4, 1, 0, 3)": 0.0032221455929585525, "(2, 4, 1, 3, 0)": 0.0014236104336041765, "(2, 4, 3, 0, 1)": 0.0011469767022723489, "(2, 4, 3, 1, 0)": 0.0008219218670625192, "(3, 0, 1, 2, 4)": 0.0031155523854794467, "(3, 0, 1, 4, 2)": 0.0009977753031397171, "(3, 0, 2, 1, 4)": 0.0025508168626278667, "(3, 0, 2, 4, 1)": 0.006048691318514006, "(3, 0, 4, 1, 2)": 0.0021249836600678983, "(3, 0, 4, 2, 1)": 0.0008219218670625312, "(3, 1, 0, 2, 4)": 0.0016438437341250618, "(3, 1, 0, 4, 2)": 0.006984427121978024, "(3, 1, 2, 0, 4)": 0.0027776888874666214, "(3, 1, 2, 4, 0)": 0.0021746008573733555, "(3, 1, 4, 0, 2)": 0.0022627416997969517, "(3, 1, 4, 2, 0)": 0.0015084944665313053, "(3, 2, 0, 1, 4)": 0.0015084944665313053, "(3, 2, 0, 4, 1)": 0.002039607805437112, "(3, 2, 1, 0, 4)": 0.00317210060089875, "(3, 2, 1, 4, 0)": 0.0015084944665312923, "(3, 2, 4, 0, 1)": 0.0008640987597877137, "(3, 2, 4, 1, 0)": 0.008806058520511133, "(3, 4, 0, 1, 2)": 0.004931531202375179, "(3, 4, 0, 2, 1)": 0.00635819680936873, "(3, 4, 1, 0, 2)": 0.007449981357172796, "(3, 4, 1, 2, 0)": 0.0008219218670625312, "(3, 4, 2, 0, 1)": 0.0018856180831641283, "(3, 4, 2, 1, 0)": 0.010061146389287191, "(4, 0, 1, 2, 3)": 0.0009977753031397178, "(4, 0, 1, 3, 2)": 0.0028158282775923808, "(4, 0, 2, 1, 3)": 0.004572380853195264, "(4, 0, 2, 3, 1)": 0.005184592558726291, "(4, 0, 3, 1, 2)": 0.005389702115042062, "(4, 0, 3, 2, 1)": 0.0018184242262647757, "(4, 1, 0, 2, 3)": 0.0018571184369578823, "(4, 1, 0, 3, 2)": 0.00580880557621119, "(4, 1, 2, 0, 3)": 0.0026733250207684575, "(4, 1, 2, 3, 0)": 0.0013597385369580803, "(4, 1, 3, 0, 2)": 0.0029272664533466853, "(4, 1, 3, 2, 0)": 0.0013597385369580677, "(4, 2, 0, 1, 3)": 0.0027776888874666214, "(4, 2, 0, 3, 1)": 0.0024944382578492965, "(4, 2, 1, 0, 3)": 0.0013597385369580786, "(4, 2, 1, 3, 0)": 0.0016110727964792756, "(4, 2, 3, 0, 1)": 0.0044582009326134655, "(4, 2, 3, 1, 0)": 0.001959591794226542, "(4, 3, 0, 1, 2)": 0.0025508168626278667, "(4, 3, 0, 2, 1)": 0.0032714251057027375, "(4, 3, 1, 0, 2)": 0.001798765008430941, "(4, 3, 1, 2, 0)": 0.001798765008430945, "(4, 3, 2, 0, 1)": 0.005396295025292813, "(4, 3, 2, 1, 0)": 0.006251044357189885}