{"(0, 1, 2, 3, 4)": 0.8592916666666666, "(0, 1, 2, 4, 3)": 0.855375, "(0, 1, 3, 2, 4)": 0.8650833333333333, "(0, 1, 3, 4, 2)": 0.8723333333333333, "(0, 1, 4, 2, 3)": 0.8539166666666667, "(0, 1, 4, 3, 2)": 0.8664166666666667, "(0, 2, 1, 3, 4)": 0.8678750000000001, "(0, 2, 1, 4, 3)": 0.8509166666666665, "(0, 2, 3, 1, 4)": 0.8510416666666666, "(0, 2, 3, 4, 1)": 0.8600416666666666, "(0, 2, 4, 1, 3)": 0.8550416666666667, "(0, 2, 4, 3, 1)": 0.8555416666666668, "(0, 3, 1, 2, 4)": 0.8623333333333333, "(0, 3, 1, 4, 2)": 0.8751666666666665, "(0, 3, 2, 1, 4)": 0.8617500000000001, "(0, 3, 2, 4, 1)": 0.8598750000000001, "(0, 3, 4, 1, 2)": 0.8754166666666667, "(0, 3, 4, 2, 1)": 0.8552083333333332, "(0, 4, 1, 2, 3)": 0.8579166666666667, "(0, 4, 1, 3, 2)": 0.8691666666666666, "(0, 4, 2, 1, 3)": 0.8486666666666668, "(0, 4, 2, 3, 1)": 0.85925, "(0, 4, 3, 1, 2)": 0.8727083333333333, "(0, 4, 3, 2, 1)": 0.8577916666666668, "(1, 0, 2, 3, 4)": 0.8609583333333334, "(1, 0, 2, 4, 3)": 0.8577083333333334, "(1, 0, 3, 2, 4)": 0.8634166666666667, "(1, 0, 3, 4, 2)": 0.8780416666666667, "(1, 0, 4, 2, 3)": 0.8585833333333334, "(1, 0, 4, 3, 2)": 0.8782083333333333, "(1, 2, 0, 3, 4)": 0.8667083333333334, "(1, 2, 0, 4, 3)": 0.8584166666666667, "(1, 2, 3, 0, 4)": 0.8653333333333334, "(1, 2, 3, 4, 0)": 0.8893333333333332, "(1, 2, 4, 0, 3)": 0.8616666666666667, "(1, 2, 4, 3, 0)": 0.8854583333333333, "(1, 3, 0, 2, 4)": 0.8694583333333333, "(1, 3, 0, 4, 2)": 0.8782500000000001, "(1, 3, 2, 0, 4)": 0.8653749999999999, "(1, 3, 2, 4, 0)": 0.8893749999999999, "(1, 3, 4, 0, 2)": 0.8697083333333334, "(1, 3, 4, 2, 0)": 0.8896666666666665, "(1, 4, 0, 2, 3)": 0.85525, "(1, 4, 0, 3, 2)": 0.8679583333333335, "(1, 4, 2, 0, 3)": 0.8595833333333333, "(1, 4, 2, 3, 0)": 0.8864166666666667, "(1, 4, 3, 0, 2)": 0.8759583333333333, "(1, 4, 3, 2, 0)": 0.8894583333333332, "(2, 0, 1, 3, 4)": 0.8645, "(2, 0, 1, 4, 3)": 0.8559166666666668, "(2, 0, 3, 1, 4)": 0.8645, "(2, 0, 3, 4, 1)": 0.860125, "(2, 0, 4, 1, 3)": 0.8514166666666667, "(2, 0, 4, 3, 1)": 0.8564999999999999, "(2, 1, 0, 3, 4)": 0.8655416666666668, "(2, 1, 0, 4, 3)": 0.8589583333333334, "(2, 1, 3, 0, 4)": 0.8609583333333334, "(2, 1, 3, 4, 0)": 0.8909583333333334, "(2, 1, 4, 0, 3)": 0.851375, "(2, 1, 4, 3, 0)": 0.8844583333333333, "(2, 3, 0, 1, 4)": 0.8639166666666668, "(2, 3, 0, 4, 1)": 0.8574166666666666, "(2, 3, 1, 0, 4)": 0.8604999999999999, "(2, 3, 1, 4, 0)": 0.8845416666666667, "(2, 3, 4, 0, 1)": 0.8568333333333333, "(2, 3, 4, 1, 0)": 0.8861666666666667, "(2, 4, 0, 1, 3)": 0.8542916666666667, "(2, 4, 0, 3, 1)": 0.86075, "(2, 4, 1, 0, 3)": 0.851875, "(2, 4, 1, 3, 0)": 0.891375, "(2, 4, 3, 0, 1)": 0.8621666666666666, "(2, 4, 3, 1, 0)": 0.8902083333333334, "(3, 0, 1, 2, 4)": 0.8661249999999999, "(3, 0, 1, 4, 2)": 0.8788333333333332, "(3, 0, 2, 1, 4)": 0.8642916666666668, "(3, 0, 2, 4, 1)": 0.8550833333333333, "(3, 0, 4, 1, 2)": 0.87475, "(3, 0, 4, 2, 1)": 0.8600416666666666, "(3, 1, 0, 2, 4)": 0.8632499999999999, "(3, 1, 0, 4, 2)": 0.8743333333333334, "(3, 1, 2, 0, 4)": 0.869125, "(3, 1, 2, 4, 0)": 0.8820833333333334, "(3, 1, 4, 0, 2)": 0.8793333333333333, "(3, 1, 4, 2, 0)": 0.8845416666666667, "(3, 2, 0, 1, 4)": 0.8634583333333333, "(3, 2, 0, 4, 1)": 0.86375, "(3, 2, 1, 0, 4)": 0.8669583333333334, "(3, 2, 1, 4, 0)": 0.8838333333333331, "(3, 2, 4, 0, 1)": 0.8593333333333334, "(3, 2, 4, 1, 0)": 0.89025, "(3, 4, 0, 1, 2)": 0.8744999999999999, "(3, 4, 0, 2, 1)": 0.85575, "(3, 4, 1, 0, 2)": 0.878625, "(3, 4, 1, 2, 0)": 0.8844166666666666, "(3, 4, 2, 0, 1)": 0.8592083333333335, "(3, 4, 2, 1, 0)": 0.886375, "(4, 0, 1, 2, 3)": 0.8559166666666668, "(4, 0, 1, 3, 2)": 0.8694166666666666, "(4, 0, 2, 1, 3)": 0.852125, "(4, 0, 2, 3, 1)": 0.8544166666666667, "(4, 0, 3, 1, 2)": 0.8785833333333334, "(4, 0, 3, 2, 1)": 0.8516666666666667, "(4, 1, 0, 2, 3)": 0.8530833333333333, "(4, 1, 0, 3, 2)": 0.8734999999999999, "(4, 1, 2, 0, 3)": 0.8582083333333334, "(4, 1, 2, 3, 0)": 0.8864583333333332, "(4, 1, 3, 0, 2)": 0.8782916666666667, "(4, 1, 3, 2, 0)": 0.8901249999999999, "(4, 2, 0, 1, 3)": 0.85175, "(4, 2, 0, 3, 1)": 0.8561249999999999, "(4, 2, 1, 0, 3)": 0.84725, "(4, 2, 1, 3, 0)": 0.8861249999999999, "(4, 2, 3, 0, 1)": 0.8591666666666665, "(4, 2, 3, 1, 0)": 0.8857083333333332, "(4, 3, 0, 1, 2)": 0.8788333333333332, "(4, 3, 0, 2, 1)": 0.8592916666666666, "(4, 3, 1, 0, 2)": 0.8701249999999999, "(4, 3, 1, 2, 0)": 0.8874583333333333, "(4, 3, 2, 0, 1)": 0.8630833333333333, "(4, 3, 2, 1, 0)": 0.8907916666666668}