{"(0, 1, 2, 3, 4)": [0.0, 0.0, 0.0, 0.0, 0.8563333333333333], "(0, 1, 2, 4, 3)": [0.0, 0.0, 0.0, 0.8896666666666667, 0.0], "(0, 1, 3, 2, 4)": [0.0, 0.0, 0.0, 0.0, 0.8543333333333333], "(0, 1, 3, 4, 2)": [0.0, 0.0, 0.7973333333333334, 0.0, 0.0], "(0, 1, 4, 2, 3)": [0.0, 0.0, 0.0, 0.8923333333333332, 0.0], "(0, 1, 4, 3, 2)": [0.0, 0.0, 0.7933333333333333, 0.0, 0.0], "(0, 2, 1, 3, 4)": [0.0, 0.0, 0.0, 0.0, 0.8471666666666667], "(0, 2, 1, 4, 3)": [0.0, 0.0, 0.0, 0.8938333333333333, 0.0], "(0, 2, 3, 1, 4)": [0.0, 0.0, 0.0, 0.0, 0.8478333333333333], "(0, 2, 3, 4, 1)": [0.0, 0.7578333333333332, 0.0, 0.0, 0.0], "(0, 2, 4, 1, 3)": [0.0, 0.0, 0.0, 0.8908333333333333, 0.0], "(0, 2, 4, 3, 1)": [0.0, 0.75, 0.0, 0.0, 0.0], "(0, 3, 1, 2, 4)": [0.0, 0.0, 0.0, 0.0, 0.8521666666666666], "(0, 3, 1, 4, 2)": [0.0, 0.0, 0.8039999999999999, 0.0, 0.0], "(0, 3, 2, 1, 4)": [0.0, 0.0, 0.0, 0.0, 0.8581666666666666], "(0, 3, 2, 4, 1)": [0.0, 0.7638333333333334, 0.0, 0.0, 0.0], "(0, 3, 4, 1, 2)": [0.0, 0.0, 0.7916666666666666, 0.0, 0.0], "(0, 3, 4, 2, 1)": [0.0, 0.759, 0.0, 0.0, 0.0], "(0, 4, 1, 2, 3)": [0.0, 0.0, 0.0, 0.8928333333333334, 0.0], "(0, 4, 1, 3, 2)": [0.0, 0.0, 0.7965, 0.0, 0.0], "(0, 4, 2, 1, 3)": [0.0, 0.0, 0.0, 0.887, 0.0], "(0, 4, 2, 3, 1)": [0.0, 0.7533333333333334, 0.0, 0.0, 0.0], "(0, 4, 3, 1, 2)": [0.0, 0.0, 0.7926666666666667, 0.0, 0.0], "(0, 4, 3, 2, 1)": [0.0, 0.7494999999999999, 0.0, 0.0, 0.0], "(1, 0, 2, 3, 4)": [0.0, 0.0, 0.0, 0.0, 0.8536666666666667], "(1, 0, 2, 4, 3)": [0.0, 0.0, 0.0, 0.8691666666666666, 0.0], "(1, 0, 3, 2, 4)": [0.0, 0.0, 0.0, 0.0, 0.8553333333333334], "(1, 0, 3, 4, 2)": [0.0, 0.0, 0.7986666666666666, 0.0, 0.0], "(1, 0, 4, 2, 3)": [0.0, 0.0, 0.0, 0.8898333333333333, 0.0], "(1, 0, 4, 3, 2)": [0.0, 0.0, 0.7935, 0.0, 0.0], "(1, 2, 0, 3, 4)": [0.0, 0.0, 0.0, 0.0, 0.8476666666666667], "(1, 2, 0, 4, 3)": [0.0, 0.0, 0.0, 0.8865, 0.0], "(1, 2, 3, 0, 4)": [0.0, 0.0, 0.0, 0.0, 0.8451666666666666], "(1, 2, 3, 4, 0)": [0.8751666666666668, 0.0, 0.0, 0.0, 0.0], "(1, 2, 4, 0, 3)": [0.0, 0.0, 0.0, 0.8851666666666667, 0.0], "(1, 2, 4, 3, 0)": [0.8688333333333333, 0.0, 0.0, 0.0, 0.0], "(1, 3, 0, 2, 4)": [0.0, 0.0, 0.0, 0.0, 0.8453333333333334], "(1, 3, 0, 4, 2)": [0.0, 0.0, 0.7933333333333333, 0.0, 0.0], "(1, 3, 2, 0, 4)": [0.0, 0.0, 0.0, 0.0, 0.8536666666666667], "(1, 3, 2, 4, 0)": [0.8761666666666668, 0.0, 0.0, 0.0, 0.0], "(1, 3, 4, 0, 2)": [0.0, 0.0, 0.7856666666666667, 0.0, 0.0], "(1, 3, 4, 2, 0)": [0.8783333333333333, 0.0, 0.0, 0.0, 0.0], "(1, 4, 0, 2, 3)": [0.0, 0.0, 0.0, 0.8835000000000001, 0.0], "(1, 4, 0, 3, 2)": [0.0, 0.0, 0.7930000000000001, 0.0, 0.0], "(1, 4, 2, 0, 3)": [0.0, 0.0, 0.0, 0.8841666666666667, 0.0], "(1, 4, 2, 3, 0)": [0.8736666666666667, 0.0, 0.0, 0.0, 0.0], "(1, 4, 3, 0, 2)": [0.0, 0.0, 0.7891666666666667, 0.0, 0.0], "(1, 4, 3, 2, 0)": [0.8809999999999999, 0.0, 0.0, 0.0, 0.0], "(2, 0, 1, 3, 4)": [0.0, 0.0, 0.0, 0.0, 0.8523333333333333], "(2, 0, 1, 4, 3)": [0.0, 0.0, 0.0, 0.8879999999999999, 0.0], "(2, 0, 3, 1, 4)": [0.0, 0.0, 0.0, 0.0, 0.8443333333333333], "(2, 0, 3, 4, 1)": [0.0, 0.753, 0.0, 0.0, 0.0], "(2, 0, 4, 1, 3)": [0.0, 0.0, 0.0, 0.8781666666666667, 0.0], "(2, 0, 4, 3, 1)": [0.0, 0.7486666666666667, 0.0, 0.0, 0.0], "(2, 1, 0, 3, 4)": [0.0, 0.0, 0.0, 0.0, 0.8466666666666667], "(2, 1, 0, 4, 3)": [0.0, 0.0, 0.0, 0.8731666666666668, 0.0], "(2, 1, 3, 0, 4)": [0.0, 0.0, 0.0, 0.0, 0.8496666666666667], "(2, 1, 3, 4, 0)": [0.8723333333333333, 0.0, 0.0, 0.0, 0.0], "(2, 1, 4, 0, 3)": [0.0, 0.0, 0.0, 0.8853333333333332, 0.0], "(2, 1, 4, 3, 0)": [0.8696666666666667, 0.0, 0.0, 0.0, 0.0], "(2, 3, 0, 1, 4)": [0.0, 0.0, 0.0, 0.0, 0.8481666666666667], "(2, 3, 0, 4, 1)": [0.0, 0.7541666666666668, 0.0, 0.0, 0.0], "(2, 3, 1, 0, 4)": [0.0, 0.0, 0.0, 0.0, 0.8414999999999999], "(2, 3, 1, 4, 0)": [0.8763333333333333, 0.0, 0.0, 0.0, 0.0], "(2, 3, 4, 0, 1)": [0.0, 0.7518333333333334, 0.0, 0.0, 0.0], "(2, 3, 4, 1, 0)": [0.8713333333333333, 0.0, 0.0, 0.0, 0.0], "(2, 4, 0, 1, 3)": [0.0, 0.0, 0.0, 0.8865, 0.0], "(2, 4, 0, 3, 1)": [0.0, 0.7578333333333332, 0.0, 0.0, 0.0], "(2, 4, 1, 0, 3)": [0.0, 0.0, 0.0, 0.8923333333333333, 0.0], "(2, 4, 1, 3, 0)": [0.8786666666666667, 0.0, 0.0, 0.0, 0.0], "(2, 4, 3, 0, 1)": [0.0, 0.7518333333333332, 0.0, 0.0, 0.0], "(2, 4, 3, 1, 0)": [0.8708333333333332, 0.0, 0.0, 0.0, 0.0], "(3, 0, 1, 2, 4)": [0.0, 0.0, 0.0, 0.0, 0.8576666666666667], "(3, 0, 1, 4, 2)": [0.0, 0.0, 0.7898333333333335, 0.0, 0.0], "(3, 0, 2, 1, 4)": [0.0, 0.0, 0.0, 0.0, 0.8518333333333333], "(3, 0, 2, 4, 1)": [0.0, 0.7486666666666667, 0.0, 0.0, 0.0], "(3, 0, 4, 1, 2)": [0.0, 0.0, 0.7995000000000001, 0.0, 0.0], "(3, 0, 4, 2, 1)": [0.0, 0.7616666666666667, 0.0, 0.0, 0.0], "(3, 1, 0, 2, 4)": [0.0, 0.0, 0.0, 0.0, 0.8543333333333334], "(3, 1, 0, 4, 2)": [0.0, 0.0, 0.8061666666666668, 0.0, 0.0], "(3, 1, 2, 0, 4)": [0.0, 0.0, 0.0, 0.0, 0.8498333333333333], "(3, 1, 2, 4, 0)": [0.8875000000000001, 0.0, 0.0, 0.0, 0.0], "(3, 1, 4, 0, 2)": [0.0, 0.0, 0.7926666666666667, 0.0, 0.0], "(3, 1, 4, 2, 0)": [0.8825, 0.0, 0.0, 0.0, 0.0], "(3, 2, 0, 1, 4)": [0.0, 0.0, 0.0, 0.0, 0.8533333333333334], "(3, 2, 0, 4, 1)": [0.0, 0.7483333333333334, 0.0, 0.0, 0.0], "(3, 2, 1, 0, 4)": [0.0, 0.0, 0.0, 0.0, 0.8475], "(3, 2, 1, 4, 0)": [0.8851666666666667, 0.0, 0.0, 0.0, 0.0], "(3, 2, 4, 0, 1)": [0.0, 0.7483333333333334, 0.0, 0.0, 0.0], "(3, 2, 4, 1, 0)": [0.8811666666666667, 0.0, 0.0, 0.0, 0.0], "(3, 4, 0, 1, 2)": [0.0, 0.0, 0.7920000000000001, 0.0, 0.0], "(3, 4, 0, 2, 1)": [0.0, 0.7576666666666667, 0.0, 0.0, 0.0], "(3, 4, 1, 0, 2)": [0.0, 0.0, 0.7936666666666667, 0.0, 0.0], "(3, 4, 1, 2, 0)": [0.8921666666666667, 0.0, 0.0, 0.0, 0.0], "(3, 4, 2, 0, 1)": [0.0, 0.7544999999999998, 0.0, 0.0, 0.0], "(3, 4, 2, 1, 0)": [0.8725, 0.0, 0.0, 0.0, 0.0], "(4, 0, 1, 2, 3)": [0.0, 0.0, 0.0, 0.8918333333333334, 0.0], "(4, 0, 1, 3, 2)": [0.0, 0.0, 0.7866666666666666, 0.0, 0.0], "(4, 0, 2, 1, 3)": [0.0, 0.0, 0.0, 0.8943333333333333, 0.0], "(4, 0, 2, 3, 1)": [0.0, 0.7551666666666668, 0.0, 0.0, 0.0], "(4, 0, 3, 1, 2)": [0.0, 0.0, 0.7931666666666667, 0.0, 0.0], "(4, 0, 3, 2, 1)": [0.0, 0.7571666666666667, 0.0, 0.0, 0.0], "(4, 1, 0, 2, 3)": [0.0, 0.0, 0.0, 0.8851666666666667, 0.0], "(4, 1, 0, 3, 2)": [0.0, 0.0, 0.7928333333333333, 0.0, 0.0], "(4, 1, 2, 0, 3)": [0.0, 0.0, 0.0, 0.8901666666666667, 0.0], "(4, 1, 2, 3, 0)": [0.8813333333333334, 0.0, 0.0, 0.0, 0.0], "(4, 1, 3, 0, 2)": [0.0, 0.0, 0.7905000000000001, 0.0, 0.0], "(4, 1, 3, 2, 0)": [0.8773333333333334, 0.0, 0.0, 0.0, 0.0], "(4, 2, 0, 1, 3)": [0.0, 0.0, 0.0, 0.8833333333333333, 0.0], "(4, 2, 0, 3, 1)": [0.0, 0.7336666666666667, 0.0, 0.0, 0.0], "(4, 2, 1, 0, 3)": [0.0, 0.0, 0.0, 0.8905, 0.0], "(4, 2, 1, 3, 0)": [0.8831666666666665, 0.0, 0.0, 0.0, 0.0], "(4, 2, 3, 0, 1)": [0.0, 0.7583333333333333, 0.0, 0.0, 0.0], "(4, 2, 3, 1, 0)": [0.8913333333333333, 0.0, 0.0, 0.0, 0.0], "(4, 3, 0, 1, 2)": [0.0, 0.0, 0.7955, 0.0, 0.0], "(4, 3, 0, 2, 1)": [0.0, 0.7508333333333334, 0.0, 0.0, 0.0], "(4, 3, 1, 0, 2)": [0.0, 0.0, 0.7939999999999999, 0.0, 0.0], "(4, 3, 1, 2, 0)": [0.8726666666666666, 0.0, 0.0, 0.0, 0.0], "(4, 3, 2, 0, 1)": [0.0, 0.7545000000000001, 0.0, 0.0, 0.0], "(4, 3, 2, 1, 0)": [0.8818333333333334, 0.0, 0.0, 0.0, 0.0]}