{"(0, 1, 2, 3, 4)": 0.5724999999999999, "(0, 1, 2, 4, 3)": 0.576, "(0, 1, 3, 2, 4)": 0.5681666666666668, "(0, 1, 3, 4, 2)": 0.6111666666666666, "(0, 1, 4, 2, 3)": 0.5685000000000001, "(0, 1, 4, 3, 2)": 0.6133333333333333, "(0, 2, 1, 3, 4)": 0.5561666666666667, "(0, 2, 1, 4, 3)": 0.5680000000000001, "(0, 2, 3, 1, 4)": 0.5568333333333334, "(0, 2, 3, 4, 1)": 0.432, "(0, 2, 4, 1, 3)": 0.5481666666666667, "(0, 2, 4, 3, 1)": 0.4466666666666666, "(0, 3, 1, 2, 4)": 0.5778333333333333, "(0, 3, 1, 4, 2)": 0.6043333333333333, "(0, 3, 2, 1, 4)": 0.5591666666666667, "(0, 3, 2, 4, 1)": 0.42849999999999994, "(0, 3, 4, 1, 2)": 0.5951666666666667, "(0, 3, 4, 2, 1)": 0.4371666666666667, "(0, 4, 1, 2, 3)": 0.5591666666666667, "(0, 4, 1, 3, 2)": 0.602, "(0, 4, 2, 1, 3)": 0.553, "(0, 4, 2, 3, 1)": 0.43733333333333335, "(0, 4, 3, 1, 2)": 0.6083333333333334, "(0, 4, 3, 2, 1)": 0.437, "(1, 0, 2, 3, 4)": 0.5830000000000001, "(1, 0, 2, 4, 3)": 0.5710000000000001, "(1, 0, 3, 2, 4)": 0.5880000000000001, "(1, 0, 3, 4, 2)": 0.6071666666666666, "(1, 0, 4, 2, 3)": 0.5691666666666667, "(1, 0, 4, 3, 2)": 0.6103333333333333, "(1, 2, 0, 3, 4)": 0.5783333333333334, "(1, 2, 0, 4, 3)": 0.5588333333333333, "(1, 2, 3, 0, 4)": 0.5644999999999999, "(1, 2, 3, 4, 0)": 0.4086666666666667, "(1, 2, 4, 0, 3)": 0.5698333333333333, "(1, 2, 4, 3, 0)": 0.42533333333333334, "(1, 3, 0, 2, 4)": 0.5698333333333333, "(1, 3, 0, 4, 2)": 0.6080000000000001, "(1, 3, 2, 0, 4)": 0.5731666666666667, "(1, 3, 2, 4, 0)": 0.417, "(1, 3, 4, 0, 2)": 0.6113333333333334, "(1, 3, 4, 2, 0)": 0.41066666666666674, "(1, 4, 0, 2, 3)": 0.5591666666666667, "(1, 4, 0, 3, 2)": 0.6061666666666666, "(1, 4, 2, 0, 3)": 0.5586666666666668, "(1, 4, 2, 3, 0)": 0.42483333333333334, "(1, 4, 3, 0, 2)": 0.5988333333333333, "(1, 4, 3, 2, 0)": 0.41850000000000004, "(2, 0, 1, 3, 4)": 0.5575, "(2, 0, 1, 4, 3)": 0.5478333333333333, "(2, 0, 3, 1, 4)": 0.5595, "(2, 0, 3, 4, 1)": 0.4280000000000001, "(2, 0, 4, 1, 3)": 0.5503333333333333, "(2, 0, 4, 3, 1)": 0.4356666666666667, "(2, 1, 0, 3, 4)": 0.552, "(2, 1, 0, 4, 3)": 0.5471666666666666, "(2, 1, 3, 0, 4)": 0.5461666666666667, "(2, 1, 3, 4, 0)": 0.39766666666666667, "(2, 1, 4, 0, 3)": 0.548, "(2, 1, 4, 3, 0)": 0.4098333333333333, "(2, 3, 0, 1, 4)": 0.5545, "(2, 3, 0, 4, 1)": 0.43100000000000005, "(2, 3, 1, 0, 4)": 0.5636666666666666, "(2, 3, 1, 4, 0)": 0.4008333333333334, "(2, 3, 4, 0, 1)": 0.4251666666666667, "(2, 3, 4, 1, 0)": 0.3881666666666667, "(2, 4, 0, 1, 3)": 0.5498333333333334, "(2, 4, 0, 3, 1)": 0.42283333333333334, "(2, 4, 1, 0, 3)": 0.5575, "(2, 4, 1, 3, 0)": 0.4040000000000001, "(2, 4, 3, 0, 1)": 0.4346666666666667, "(2, 4, 3, 1, 0)": 0.4005, "(3, 0, 1, 2, 4)": 0.5635, "(3, 0, 1, 4, 2)": 0.6115, "(3, 0, 2, 1, 4)": 0.5655, "(3, 0, 2, 4, 1)": 0.4338333333333333, "(3, 0, 4, 1, 2)": 0.5935, "(3, 0, 4, 2, 1)": 0.4383333333333333, "(3, 1, 0, 2, 4)": 0.5691666666666667, "(3, 1, 0, 4, 2)": 0.6078333333333333, "(3, 1, 2, 0, 4)": 0.5661666666666667, "(3, 1, 2, 4, 0)": 0.4175, "(3, 1, 4, 0, 2)": 0.5931666666666666, "(3, 1, 4, 2, 0)": 0.4160000000000001, "(3, 2, 0, 1, 4)": 0.5486666666666666, "(3, 2, 0, 4, 1)": 0.4303333333333334, "(3, 2, 1, 0, 4)": 0.5596666666666666, "(3, 2, 1, 4, 0)": 0.4091666666666667, "(3, 2, 4, 0, 1)": 0.43966666666666665, "(3, 2, 4, 1, 0)": 0.38200000000000006, "(3, 4, 0, 1, 2)": 0.5945, "(3, 4, 0, 2, 1)": 0.4336666666666667, "(3, 4, 1, 0, 2)": 0.5966666666666667, "(3, 4, 1, 2, 0)": 0.42683333333333334, "(3, 4, 2, 0, 1)": 0.4216666666666667, "(3, 4, 2, 1, 0)": 0.403, "(4, 0, 1, 2, 3)": 0.5633333333333332, "(4, 0, 1, 3, 2)": 0.6061666666666666, "(4, 0, 2, 1, 3)": 0.5503333333333333, "(4, 0, 2, 3, 1)": 0.42566666666666664, "(4, 0, 3, 1, 2)": 0.6063333333333333, "(4, 0, 3, 2, 1)": 0.44199999999999995, "(4, 1, 0, 2, 3)": 0.5665, "(4, 1, 0, 3, 2)": 0.5988333333333333, "(4, 1, 2, 0, 3)": 0.5541666666666667, "(4, 1, 2, 3, 0)": 0.418, "(4, 1, 3, 0, 2)": 0.5978333333333333, "(4, 1, 3, 2, 0)": 0.41383333333333333, "(4, 2, 0, 1, 3)": 0.5458333333333334, "(4, 2, 0, 3, 1)": 0.4283333333333334, "(4, 2, 1, 0, 3)": 0.5526666666666666, "(4, 2, 1, 3, 0)": 0.41050000000000003, "(4, 2, 3, 0, 1)": 0.43383333333333335, "(4, 2, 3, 1, 0)": 0.3998333333333333, "(4, 3, 0, 1, 2)": 0.5968333333333334, "(4, 3, 0, 2, 1)": 0.43283333333333335, "(4, 3, 1, 0, 2)": 0.6028333333333333, "(4, 3, 1, 2, 0)": 0.4053333333333333, "(4, 3, 2, 0, 1)": 0.43166666666666664, "(4, 3, 2, 1, 0)": 0.40850000000000003}