{"(0, 1, 2, 3, 4)": 0.412375, "(0, 1, 2, 4, 3)": 0.437, "(0, 1, 3, 2, 4)": 0.37483333333333335, "(0, 1, 3, 4, 2)": 0.4260833333333333, "(0, 1, 4, 2, 3)": 0.4655, "(0, 1, 4, 3, 2)": 0.4110416666666667, "(0, 2, 1, 3, 4)": 0.420125, "(0, 2, 1, 4, 3)": 0.4255, "(0, 2, 3, 1, 4)": 0.47470833333333334, "(0, 2, 3, 4, 1)": 0.4598333333333333, "(0, 2, 4, 1, 3)": 0.46691666666666665, "(0, 2, 4, 3, 1)": 0.49170833333333325, "(0, 3, 1, 2, 4)": 0.4298333333333333, "(0, 3, 1, 4, 2)": 0.42475, "(0, 3, 2, 1, 4)": 0.4473333333333333, "(0, 3, 2, 4, 1)": 0.4699583333333333, "(0, 3, 4, 1, 2)": 0.41575, "(0, 3, 4, 2, 1)": 0.445125, "(0, 4, 1, 2, 3)": 0.43124999999999997, "(0, 4, 1, 3, 2)": 0.421375, "(0, 4, 2, 1, 3)": 0.4772083333333333, "(0, 4, 2, 3, 1)": 0.5030416666666667, "(0, 4, 3, 1, 2)": 0.4150833333333333, "(0, 4, 3, 2, 1)": 0.47737500000000005, "(1, 0, 2, 3, 4)": 0.4056666666666667, "(1, 0, 2, 4, 3)": 0.4451666666666667, "(1, 0, 3, 2, 4)": 0.41733333333333333, "(1, 0, 3, 4, 2)": 0.4049583333333333, "(1, 0, 4, 2, 3)": 0.44116666666666665, "(1, 0, 4, 3, 2)": 0.37925000000000003, "(1, 2, 0, 3, 4)": 0.40599999999999997, "(1, 2, 0, 4, 3)": 0.43745833333333334, "(1, 2, 3, 0, 4)": 0.4159583333333334, "(1, 2, 3, 4, 0)": 0.3868333333333333, "(1, 2, 4, 0, 3)": 0.2680833333333334, "(1, 2, 4, 3, 0)": 0.3994166666666666, "(1, 3, 0, 2, 4)": 0.42825, "(1, 3, 0, 4, 2)": 0.4140416666666667, "(1, 3, 2, 0, 4)": 0.38629166666666664, "(1, 3, 2, 4, 0)": 0.41154166666666664, "(1, 3, 4, 0, 2)": 0.40020833333333333, "(1, 3, 4, 2, 0)": 0.3904583333333333, "(1, 4, 0, 2, 3)": 0.4414166666666666, "(1, 4, 0, 3, 2)": 0.40454166666666663, "(1, 4, 2, 0, 3)": 0.43254166666666666, "(1, 4, 2, 3, 0)": 0.4151666666666667, "(1, 4, 3, 0, 2)": 0.37587499999999996, "(1, 4, 3, 2, 0)": 0.4015416666666667, "(2, 0, 1, 3, 4)": 0.33616666666666667, "(2, 0, 1, 4, 3)": 0.43179166666666663, "(2, 0, 3, 1, 4)": 0.4247916666666667, "(2, 0, 3, 4, 1)": 0.4249583333333334, "(2, 0, 4, 1, 3)": 0.47574999999999995, "(2, 0, 4, 3, 1)": 0.4324583333333334, "(2, 1, 0, 3, 4)": 0.4200000000000001, "(2, 1, 0, 4, 3)": 0.4502083333333333, "(2, 1, 3, 0, 4)": 0.3935, "(2, 1, 3, 4, 0)": 0.40458333333333335, "(2, 1, 4, 0, 3)": 0.30416666666666664, "(2, 1, 4, 3, 0)": 0.402375, "(2, 3, 0, 1, 4)": 0.4326666666666666, "(2, 3, 0, 4, 1)": 0.45587500000000003, "(2, 3, 1, 0, 4)": 0.44250000000000006, "(2, 3, 1, 4, 0)": 0.41008333333333336, "(2, 3, 4, 0, 1)": 0.38225, "(2, 3, 4, 1, 0)": 0.4579583333333333, "(2, 4, 0, 1, 3)": 0.4562083333333334, "(2, 4, 0, 3, 1)": 0.47070833333333334, "(2, 4, 1, 0, 3)": 0.445125, "(2, 4, 1, 3, 0)": 0.3536250000000001, "(2, 4, 3, 0, 1)": 0.4612083333333333, "(2, 4, 3, 1, 0)": 0.41362499999999996, "(3, 0, 1, 2, 4)": 0.4029583333333333, "(3, 0, 1, 4, 2)": 0.39695833333333336, "(3, 0, 2, 1, 4)": 0.45408333333333334, "(3, 0, 2, 4, 1)": 0.44616666666666666, "(3, 0, 4, 1, 2)": 0.39025, "(3, 0, 4, 2, 1)": 0.39291666666666664, "(3, 1, 0, 2, 4)": 0.41425, "(3, 1, 0, 4, 2)": 0.38491666666666663, "(3, 1, 2, 0, 4)": 0.3988333333333333, "(3, 1, 2, 4, 0)": 0.3801666666666667, "(3, 1, 4, 0, 2)": 0.3795, "(3, 1, 4, 2, 0)": 0.3794583333333333, "(3, 2, 0, 1, 4)": 0.4399583333333333, "(3, 2, 0, 4, 1)": 0.466875, "(3, 2, 1, 0, 4)": 0.42345833333333327, "(3, 2, 1, 4, 0)": 0.380625, "(3, 2, 4, 0, 1)": 0.4730833333333333, "(3, 2, 4, 1, 0)": 0.4014583333333333, "(3, 4, 0, 1, 2)": 0.418125, "(3, 4, 0, 2, 1)": 0.4359166666666667, "(3, 4, 1, 0, 2)": 0.4144583333333333, "(3, 4, 1, 2, 0)": 0.4058333333333333, "(3, 4, 2, 0, 1)": 0.41170833333333334, "(3, 4, 2, 1, 0)": 0.33675000000000005, "(4, 0, 1, 2, 3)": 0.4337083333333333, "(4, 0, 1, 3, 2)": 0.414625, "(4, 0, 2, 1, 3)": 0.46399999999999997, "(4, 0, 2, 3, 1)": 0.40329166666666666, "(4, 0, 3, 1, 2)": 0.40562499999999996, "(4, 0, 3, 2, 1)": 0.4655, "(4, 1, 0, 2, 3)": 0.42920833333333336, "(4, 1, 0, 3, 2)": 0.40529166666666666, "(4, 1, 2, 0, 3)": 0.43500000000000005, "(4, 1, 2, 3, 0)": 0.40149999999999997, "(4, 1, 3, 0, 2)": 0.37662500000000004, "(4, 1, 3, 2, 0)": 0.40275, "(4, 2, 0, 1, 3)": 0.44845833333333335, "(4, 2, 0, 3, 1)": 0.47208333333333335, "(4, 2, 1, 0, 3)": 0.4416666666666667, "(4, 2, 1, 3, 0)": 0.29733333333333334, "(4, 2, 3, 0, 1)": 0.44975000000000004, "(4, 2, 3, 1, 0)": 0.4093333333333333, "(4, 3, 0, 1, 2)": 0.405, "(4, 3, 0, 2, 1)": 0.45812499999999995, "(4, 3, 1, 0, 2)": 0.38158333333333333, "(4, 3, 1, 2, 0)": 0.42500000000000004, "(4, 3, 2, 0, 1)": 0.4628333333333334, "(4, 3, 2, 1, 0)": 0.41275}