{"(0, 1, 2, 3, 4)": 0.001423610433604169, "(0, 1, 2, 4, 3)": 0.001042433051407458, "(0, 1, 3, 2, 4)": 0.0006128258770283417, "(0, 1, 3, 4, 2)": 0.0035026973732951703, "(0, 1, 4, 2, 3)": 0.0006798692684790357, "(0, 1, 4, 3, 2)": 0.00196015872373189, "(0, 2, 1, 3, 4)": 0.0021853044537445063, "(0, 2, 1, 4, 3)": 0.0004921607686744376, "(0, 2, 3, 1, 4)": 0.0002449489742783135, "(0, 2, 3, 4, 1)": 0.0008993825042154725, "(0, 2, 4, 1, 3)": 0.00028284271247461403, "(0, 2, 4, 3, 1)": 0.0010143416036468554, "(0, 3, 1, 2, 4)": 0.0008730533902472483, "(0, 3, 1, 4, 2)": 0.001981581859693591, "(0, 3, 2, 1, 4)": 0.00014142135623730701, "(0, 3, 2, 4, 1)": 0.0009809292646374825, "(0, 3, 4, 1, 2)": 0.001429063407348391, "(0, 3, 4, 2, 1)": 0.0005887840577551847, "(0, 4, 1, 2, 3)": 0.0005887840577551846, "(0, 4, 1, 3, 2)": 0.0038732702232380156, "(0, 4, 2, 1, 3)": 0.000294392028877597, "(0, 4, 2, 3, 1)": 0.0011430952132988152, "(0, 4, 3, 1, 2)": 0.0022171052197754565, "(0, 4, 3, 2, 1)": 0.0005185449728701432, "(1, 0, 2, 3, 4)": 0.004550702021544469, "(1, 0, 2, 4, 3)": 0.0022065558884580457, "(1, 0, 3, 2, 4)": 0.001416568624058393, "(1, 0, 3, 4, 2)": 0.000697614984548537, "(1, 0, 4, 2, 3)": 0.0026449112566503197, "(1, 0, 4, 3, 2)": 0.0007039570693980999, "(1, 2, 0, 3, 4)": 0.0009977753031397117, "(1, 2, 0, 4, 3)": 0.0007788880963698672, "(1, 2, 3, 0, 4)": 0.001677961726487093, "(1, 2, 3, 4, 0)": 0.000555777733351101, "(1, 2, 4, 0, 3)": 0.0012192894105447906, "(1, 2, 4, 3, 0)": 0.0024362995619495414, "(1, 3, 0, 2, 4)": 0.0010208928554075712, "(1, 3, 0, 4, 2)": 0.0007760297817881817, "(1, 3, 2, 0, 4)": 0.0007874007874011801, "(1, 3, 2, 4, 0)": 0.0011575836902790236, "(1, 3, 4, 0, 2)": 0.0002494438257849267, "(1, 3, 4, 2, 0)": 0.0012675435561220996, "(1, 4, 0, 2, 3)": 0.0009533566430716716, "(1, 4, 0, 3, 2)": 0.0017016332024133705, "(1, 4, 2, 0, 3)": 0.0006976149845485477, "(1, 4, 2, 3, 0)": 0.0016309506430300055, "(1, 4, 3, 0, 2)": 0.0011556623882239844, "(1, 4, 3, 2, 0)": 0.0008831760866327817, "(2, 0, 1, 3, 4)": 0.000748331477354785, "(2, 0, 1, 4, 3)": 0.0010801234497346444, "(2, 0, 3, 1, 4)": 0.0007717224601860116, "(2, 0, 3, 4, 1)": 0.0011430952132988233, "(2, 0, 4, 1, 3)": 0.002530261295246456, "(2, 0, 4, 3, 1)": 0.0005715476066494133, "(2, 1, 0, 3, 4)": 0.00244994331000173, "(2, 1, 0, 4, 3)": 0.0010208928554075697, "(2, 1, 3, 0, 4)": 0.0015627610892974763, "(2, 1, 3, 4, 0)": 0.0013960261060914716, "(2, 1, 4, 0, 3)": 0.0010614455552060403, "(2, 1, 4, 3, 0)": 0.0010842303978193712, "(2, 3, 0, 1, 4)": 0.0006976149845485477, "(2, 3, 0, 4, 1)": 0.0014659088951530738, "(2, 3, 1, 0, 4)": 0.0010198039027185645, "(2, 3, 1, 4, 0)": 0.001510702559149952, "(2, 3, 4, 0, 1)": 0.0007717224601860156, "(2, 3, 4, 1, 0)": 0.0011575836902790238, "(2, 4, 0, 1, 3)": 0.0007586537784494042, "(2, 4, 0, 3, 1)": 0.0004546060565661919, "(2, 4, 1, 0, 3)": 0.00030912061651652833, "(2, 4, 1, 3, 0)": 0.003942080668885409, "(2, 4, 3, 0, 1)": 0.0006847546194724683, "(2, 4, 3, 1, 0)": 0.00040276819911982676, "(3, 0, 1, 2, 4)": 0.002714569742866976, "(3, 0, 1, 4, 2)": 0.0009463379711052336, "(3, 0, 2, 1, 4)": 0.0012727922061357894, "(3, 0, 2, 4, 1)": 0.0006377042156569614, "(3, 0, 4, 1, 2)": 0.000588784057755194, "(3, 0, 4, 2, 1)": 8.164965809277494e-05, "(3, 1, 0, 2, 4)": 0.001314026889628472, "(3, 1, 0, 4, 2)": 0.0009392668535737012, "(3, 1, 2, 0, 4)": 0.002411546299691452, "(3, 1, 2, 4, 0)": 0.0010780641085864128, "(3, 1, 4, 0, 2)": 0.0016391054470859018, "(3, 1, 4, 2, 0)": 0.00032659863237109976, "(3, 2, 0, 1, 4)": 0.002737801226450814, "(3, 2, 0, 4, 1)": 0.00028674417556809036, "(3, 2, 1, 0, 4)": 0.001756891193747258, "(3, 2, 1, 4, 0)": 0.00181536650722535, "(3, 2, 4, 0, 1)": 0.0005734883511361689, "(3, 2, 4, 1, 0)": 0.0006531972647421769, "(3, 4, 0, 1, 2)": 0.0026157641755751217, "(3, 4, 0, 2, 1)": 0.002245489305746563, "(3, 4, 1, 0, 2)": 0.0016110727964792834, "(3, 4, 1, 2, 0)": 0.001536952251119795, "(3, 4, 2, 0, 1)": 0.0009741092797468299, "(3, 4, 2, 1, 0)": 0.0023720595832876262, "(4, 0, 1, 2, 3)": 0.0006944222218666584, "(4, 0, 1, 3, 2)": 0.00032998316455373067, "(4, 0, 2, 1, 3)": 0.0009899494936611716, "(4, 0, 2, 3, 1)": 0.0011813363431112905, "(4, 0, 3, 1, 2)": 0.0013816254517375125, "(4, 0, 3, 2, 1)": 0.0004546060565662021, "(4, 1, 0, 2, 3)": 0.0010656244908763821, "(4, 1, 0, 3, 2)": 0.001132352516764206, "(4, 1, 2, 0, 3)": 0.0005792715732327643, "(4, 1, 2, 3, 0)": 0.0020885933597094035, "(4, 1, 3, 0, 2)": 9.428090415820904e-05, "(4, 1, 3, 2, 0)": 0.0015577761927397283, "(4, 2, 0, 1, 3)": 0.0024535688292770617, "(4, 2, 0, 3, 1)": 0.0005312459150169837, "(4, 2, 1, 0, 3)": 0.001395229969097085, "(4, 2, 1, 3, 0)": 0.0009533566430716717, "(4, 2, 3, 0, 1)": 0.0007586537784494009, "(4, 2, 3, 1, 0)": 0.001042433051407458, "(4, 3, 0, 1, 2)": 0.0005436502143433361, "(4, 3, 0, 2, 1)": 0.00012472191289247323, "(4, 3, 1, 0, 2)": 0.0016309506430300137, "(4, 3, 1, 2, 0)": 0.002124983660067901, "(4, 3, 2, 0, 1)": 0.0012256517540566913, "(4, 3, 2, 1, 0)": 0.0017133463034528528}