{"(0, 1, 2, 3, 4)": 0.013280645901293946, "(0, 1, 2, 4, 3)": 0.012320173158956267, "(0, 1, 3, 2, 4)": 0.01594413859559544, "(0, 1, 3, 4, 2)": 0.002122891110412089, "(0, 1, 4, 2, 3)": 0.013462127948021029, "(0, 1, 4, 3, 2)": 0.00693990073576144, "(0, 2, 1, 3, 4)": 0.006953176732017298, "(0, 2, 1, 4, 3)": 0.010433599570617999, "(0, 2, 3, 1, 4)": 0.014169529122576916, "(0, 2, 3, 4, 1)": 0.006216286851668145, "(0, 2, 4, 1, 3)": 0.016702561347157377, "(0, 2, 4, 3, 1)": 0.006358895781152227, "(0, 3, 1, 2, 4)": 0.015162746746183203, "(0, 3, 1, 4, 2)": 0.021421225195793276, "(0, 3, 2, 1, 4)": 0.008927859019197515, "(0, 3, 2, 4, 1)": 0.011393077820423331, "(0, 3, 4, 1, 2)": 0.0032751590292177586, "(0, 3, 4, 2, 1)": 0.0003299831645537204, "(0, 4, 1, 2, 3)": 0.008923502052943606, "(0, 4, 1, 3, 2)": 0.014754961500759294, "(0, 4, 2, 1, 3)": 0.0028122746823325984, "(0, 4, 2, 3, 1)": 0.00841704619606348, "(0, 4, 3, 1, 2)": 0.005604958122551448, "(0, 4, 3, 2, 1)": 0.0032293790252754377, "(1, 0, 2, 3, 4)": 0.010755773643335315, "(1, 0, 2, 4, 3)": 0.0019014614262602256, "(1, 0, 3, 2, 4)": 0.01652822501729155, "(1, 0, 3, 4, 2)": 0.016309710808799362, "(1, 0, 4, 2, 3)": 0.005366770185337019, "(1, 0, 4, 3, 2)": 0.008116375764807577, "(1, 2, 0, 3, 4)": 0.0033941125496954206, "(1, 2, 0, 4, 3)": 0.007110711794343957, "(1, 2, 3, 0, 4)": 0.016248350343616085, "(1, 2, 3, 4, 0)": 0.013877159491609087, "(1, 2, 4, 0, 3)": 0.008403306227643704, "(1, 2, 4, 3, 0)": 0.008581763610509607, "(1, 3, 0, 2, 4)": 0.013226320559987789, "(1, 3, 0, 4, 2)": 0.02739225356840061, "(1, 3, 2, 0, 4)": 0.019057165464873196, "(1, 3, 2, 4, 0)": 0.01552481883952273, "(1, 3, 4, 0, 2)": 0.006312597634008451, "(1, 3, 4, 2, 0)": 0.02129981742227435, "(1, 4, 0, 2, 3)": 0.01001809474013009, "(1, 4, 0, 3, 2)": 0.018179903434531464, "(1, 4, 2, 0, 3)": 0.006549469868283665, "(1, 4, 2, 3, 0)": 0.011127842957594645, "(1, 4, 3, 0, 2)": 0.01053069587233225, "(1, 4, 3, 2, 0)": 0.007984290130555677, "(2, 0, 1, 3, 4)": 0.007200617257491812, "(2, 0, 1, 4, 3)": 0.012509285440112962, "(2, 0, 3, 1, 4)": 0.01099302809359944, "(2, 0, 3, 4, 1)": 0.00842588603979165, "(2, 0, 4, 1, 3)": 0.004752543178832426, "(2, 0, 4, 3, 1)": 0.011358501466107025, "(2, 1, 0, 3, 4)": 0.016399457985623256, "(2, 1, 0, 4, 3)": 0.016204526116695497, "(2, 1, 3, 0, 4)": 0.008333599995733479, "(2, 1, 3, 4, 0)": 0.0066233593356308735, "(2, 1, 4, 0, 3)": 0.005002888054802834, "(2, 1, 4, 3, 0)": 0.018114880316714446, "(2, 3, 0, 1, 4)": 0.018882149124386134, "(2, 3, 0, 4, 1)": 0.004920027100196377, "(2, 3, 1, 0, 4)": 0.02094697008055235, "(2, 3, 1, 4, 0)": 0.027680839743203033, "(2, 3, 4, 0, 1)": 0.01591316715455754, "(2, 3, 4, 1, 0)": 0.011023107043338035, "(2, 4, 0, 1, 3)": 0.005511805511808278, "(2, 4, 0, 3, 1)": 0.014800075074884664, "(2, 4, 1, 0, 3)": 0.007774030843491393, "(2, 4, 1, 3, 0)": 0.007993886552999254, "(2, 4, 3, 0, 1)": 0.008883067538237496, "(2, 4, 3, 1, 0)": 0.02052028806382166, "(3, 0, 1, 2, 4)": 0.013383572019457285, "(3, 0, 1, 4, 2)": 0.007780888266915438, "(3, 0, 2, 1, 4)": 0.010227196857182107, "(3, 0, 2, 4, 1)": 0.0015282524515130185, "(3, 0, 4, 1, 2)": 0.006933974329343895, "(3, 0, 4, 2, 1)": 0.009140386570964415, "(3, 1, 0, 2, 4)": 0.005710224747474203, "(3, 1, 0, 4, 2)": 0.007144383963801383, "(3, 1, 2, 0, 4)": 0.00729215712636225, "(3, 1, 2, 4, 0)": 0.015633511015337095, "(3, 1, 4, 0, 2)": 0.005037415563119198, "(3, 1, 4, 2, 0)": 0.014837864476474439, "(3, 2, 0, 1, 4)": 0.02013989959149637, "(3, 2, 0, 4, 1)": 0.009765358274135261, "(3, 2, 1, 0, 4)": 0.01109424275118506, "(3, 2, 1, 4, 0)": 0.011461626799407194, "(3, 2, 4, 0, 1)": 0.009923149141723552, "(3, 2, 4, 1, 0)": 0.019707415412027595, "(3, 4, 0, 1, 2)": 0.009892870609124992, "(3, 4, 0, 2, 1)": 0.005606147419475239, "(3, 4, 1, 0, 2)": 0.024399772312234565, "(3, 4, 1, 2, 0)": 0.011928397489464657, "(3, 4, 2, 0, 1)": 0.016859616444826562, "(3, 4, 2, 1, 0)": 0.004551922670696431, "(4, 0, 1, 2, 3)": 0.01835883075434455, "(4, 0, 1, 3, 2)": 0.015346950475221104, "(4, 0, 2, 1, 3)": 0.005845416057808804, "(4, 0, 2, 3, 1)": 0.01349073756323204, "(4, 0, 3, 1, 2)": 0.00666049714527544, "(4, 0, 3, 2, 1)": 0.007367646993594513, "(4, 1, 0, 2, 3)": 0.013035933244519012, "(4, 1, 0, 3, 2)": 0.014566628527791408, "(4, 1, 2, 0, 3)": 0.004708148963941824, "(4, 1, 2, 3, 0)": 0.010368006344305321, "(4, 1, 3, 0, 2)": 0.008414669730100315, "(4, 1, 3, 2, 0)": 0.01096063664006591, "(4, 2, 0, 1, 3)": 0.012071269840226233, "(4, 2, 0, 3, 1)": 0.014968188489816209, "(4, 2, 1, 0, 3)": 0.008996419040682548, "(4, 2, 1, 3, 0)": 0.02094028546977227, "(4, 2, 3, 0, 1)": 0.0033767176699010947, "(4, 2, 3, 1, 0)": 0.008626445128530958, "(4, 3, 0, 1, 2)": 0.011719594228849774, "(4, 3, 0, 2, 1)": 0.006727720432822852, "(4, 3, 1, 0, 2)": 0.00783553160644226, "(4, 3, 1, 2, 0)": 0.0007318166133366838, "(4, 3, 2, 0, 1)": 0.010446796425486413, "(4, 3, 2, 1, 0)": 0.006000740695021643}