{"(0, 1, 2, 3, 4)": 0.013294694012608507, "(0, 1, 2, 4, 3)": 0.006188878914813408, "(0, 1, 3, 2, 4)": 0.01684893666278873, "(0, 1, 3, 4, 2)": 0.006453422864392715, "(0, 1, 4, 2, 3)": 0.007920577981154886, "(0, 1, 4, 3, 2)": 0.008704149712764725, "(0, 2, 1, 3, 4)": 0.01025962962294448, "(0, 2, 1, 4, 3)": 0.014457831403391337, "(0, 2, 3, 1, 4)": 0.013117249034085704, "(0, 2, 3, 4, 1)": 0.015342316209316866, "(0, 2, 4, 1, 3)": 0.010643620937757354, "(0, 2, 4, 3, 1)": 0.005468292441175967, "(0, 3, 1, 2, 4)": 0.005091823510950356, "(0, 3, 1, 4, 2)": 0.009613300970819309, "(0, 3, 2, 1, 4)": 0.011323427043081983, "(0, 3, 2, 4, 1)": 0.023322711868238834, "(0, 3, 4, 1, 2)": 0.010088387163246428, "(0, 3, 4, 2, 1)": 0.0037321426672742514, "(0, 4, 1, 2, 3)": 0.012020630414231829, "(0, 4, 1, 3, 2)": 0.012899870800386615, "(0, 4, 2, 1, 3)": 0.015186909567855546, "(0, 4, 2, 3, 1)": 0.012710188389197418, "(0, 4, 3, 1, 2)": 0.01714143777192826, "(0, 4, 3, 2, 1)": 0.012868911721233051, "(1, 0, 2, 3, 4)": 0.003141478774222251, "(1, 0, 2, 4, 3)": 0.015428616989938613, "(1, 0, 3, 2, 4)": 0.008902059686761644, "(1, 0, 3, 4, 2)": 0.005078057371344564, "(1, 0, 4, 2, 3)": 0.00949748504722287, "(1, 0, 4, 3, 2)": 0.012095269966212217, "(1, 2, 0, 3, 4)": 0.014578599231598209, "(1, 2, 0, 4, 3)": 0.0011323525167641966, "(1, 2, 3, 0, 4)": 0.0019955506062794433, "(1, 2, 3, 4, 0)": 0.00683975308196301, "(1, 2, 4, 0, 3)": 0.011457263586427985, "(1, 2, 4, 3, 0)": 0.0072370957956597315, "(1, 3, 0, 2, 4)": 0.01896880480039677, "(1, 3, 0, 4, 2)": 0.020591961754259563, "(1, 3, 2, 0, 4)": 0.016075101520329153, "(1, 3, 2, 4, 0)": 0.008491564441648359, "(1, 3, 4, 0, 2)": 0.011423465129090883, "(1, 3, 4, 2, 0)": 0.010400427341647511, "(1, 4, 0, 2, 3)": 0.018457578991358067, "(1, 4, 0, 3, 2)": 0.012848432675708824, "(1, 4, 2, 0, 3)": 0.0037211109452241304, "(1, 4, 2, 3, 0)": 0.000262466929133724, "(1, 4, 3, 0, 2)": 0.010292499966264544, "(1, 4, 3, 2, 0)": 0.008403306227643704, "(2, 0, 1, 3, 4)": 0.0035026973732951703, "(2, 0, 1, 4, 3)": 0.014469277798148734, "(2, 0, 3, 1, 4)": 0.0060334254136619825, "(2, 0, 3, 4, 1)": 0.0038852999312222287, "(2, 0, 4, 1, 3)": 0.014249444433614464, "(2, 0, 4, 3, 1)": 0.006781019261307399, "(2, 1, 0, 3, 4)": 0.015020060659738418, "(2, 1, 0, 4, 3)": 0.009765358274135286, "(2, 1, 3, 0, 4)": 0.0092499849849728, "(2, 1, 3, 4, 0)": 0.002752372713779074, "(2, 1, 4, 0, 3)": 0.008345457846437596, "(2, 1, 4, 3, 0)": 0.01859575817820349, "(2, 3, 0, 1, 4)": 0.005737207993053368, "(2, 3, 0, 4, 1)": 0.014740948258356893, "(2, 3, 1, 0, 4)": 0.010784659887492465, "(2, 3, 1, 4, 0)": 0.009132725040570666, "(2, 3, 4, 0, 1)": 0.00915107765360027, "(2, 3, 4, 1, 0)": 0.006843163660828885, "(2, 4, 0, 1, 3)": 0.013094612972092348, "(2, 4, 0, 3, 1)": 0.011696438204285377, "(2, 4, 1, 0, 3)": 0.012864507590870128, "(2, 4, 1, 3, 0)": 0.008167142843260547, "(2, 4, 3, 0, 1)": 0.004811098280711657, "(2, 4, 3, 1, 0)": 0.006690457549541906, "(3, 0, 1, 2, 4)": 0.005328122454381932, "(3, 0, 1, 4, 2)": 0.0038308687729489773, "(3, 0, 2, 1, 4)": 0.007722837705288263, "(3, 0, 2, 4, 1)": 0.00716286720990042, "(3, 0, 4, 1, 2)": 0.006456521251158926, "(3, 0, 4, 2, 1)": 0.015503189635971314, "(3, 1, 0, 2, 4)": 0.017824764296400186, "(3, 1, 0, 4, 2)": 0.006687799837515067, "(3, 1, 2, 0, 4)": 0.008825342297422054, "(3, 1, 2, 4, 0)": 0.01002873648848923, "(3, 1, 4, 0, 2)": 0.008403306227643704, "(3, 1, 4, 2, 0)": 0.015291900543170634, "(3, 2, 0, 1, 4)": 0.0033416562759605735, "(3, 2, 0, 4, 1)": 0.005493228154332887, "(3, 2, 1, 0, 4)": 0.011344700182121269, "(3, 2, 1, 4, 0)": 0.011437462811111361, "(3, 2, 4, 0, 1)": 0.007977886102638146, "(3, 2, 4, 1, 0)": 0.01116671641779962, "(3, 4, 0, 1, 2)": 0.0013299958228839993, "(3, 4, 0, 2, 1)": 0.004828618389928488, "(3, 4, 1, 0, 2)": 0.013237320977700385, "(3, 4, 1, 2, 0)": 0.0007788880963698542, "(3, 4, 2, 0, 1)": 0.002900957696271276, "(3, 4, 2, 1, 0)": 0.012539360253041459, "(4, 0, 1, 2, 3)": 0.01232909837200865, "(4, 0, 1, 3, 2)": 0.0137249974701475, "(4, 0, 2, 1, 3)": 0.027828881879562947, "(4, 0, 2, 3, 1)": 0.006899758449878272, "(4, 0, 3, 1, 2)": 0.006648809417231543, "(4, 0, 3, 2, 1)": 0.0077159286904141125, "(4, 1, 0, 2, 3)": 0.01591819364403164, "(4, 1, 0, 3, 2)": 0.004202644669993192, "(4, 1, 2, 0, 3)": 0.022718030039791948, "(4, 1, 2, 3, 0)": 0.02008249652475175, "(4, 1, 3, 0, 2)": 0.012144225879907794, "(4, 1, 3, 2, 0)": 0.013977203662472059, "(4, 2, 0, 1, 3)": 0.013765254164824648, "(4, 2, 0, 3, 1)": 0.004532352835142281, "(4, 2, 1, 0, 3)": 0.022132329294495882, "(4, 2, 1, 3, 0)": 0.011742893832252558, "(4, 2, 3, 0, 1)": 0.013781710908140397, "(4, 2, 3, 1, 0)": 0.007872878903058409, "(4, 3, 0, 1, 2)": 0.003182242395963362, "(4, 3, 0, 2, 1)": 0.01075804608446883, "(4, 3, 1, 0, 2)": 0.012070441398538637, "(4, 3, 1, 2, 0)": 0.010672810730491238, "(4, 3, 2, 0, 1)": 0.01798079222083634, "(4, 3, 2, 1, 0)": 0.01691626436303241}