{"(0, 1, 2, 3, 4)": 0.2896, "(0, 1, 2, 4, 3)": 0.2982666666666667, "(0, 1, 3, 2, 4)": 0.2774666666666667, "(0, 1, 3, 4, 2)": 0.3410666666666667, "(0, 1, 4, 2, 3)": 0.3001333333333333, "(0, 1, 4, 3, 2)": 0.3232, "(0, 2, 1, 3, 4)": 0.35600000000000004, "(0, 2, 1, 4, 3)": 0.33373333333333327, "(0, 2, 3, 1, 4)": 0.35746666666666665, "(0, 2, 3, 4, 1)": 0.3665333333333334, "(0, 2, 4, 1, 3)": 0.3548, "(0, 2, 4, 3, 1)": 0.36319999999999997, "(0, 3, 1, 2, 4)": 0.3636, "(0, 3, 1, 4, 2)": 0.3604, "(0, 3, 2, 1, 4)": 0.3745333333333334, "(0, 3, 2, 4, 1)": 0.3729333333333333, "(0, 3, 4, 1, 2)": 0.37546666666666667, "(0, 3, 4, 2, 1)": 0.3473333333333333, "(0, 4, 1, 2, 3)": 0.36146666666666666, "(0, 4, 1, 3, 2)": 0.3746666666666667, "(0, 4, 2, 1, 3)": 0.3492, "(0, 4, 2, 3, 1)": 0.35719999999999996, "(0, 4, 3, 1, 2)": 0.37506666666666666, "(0, 4, 3, 2, 1)": 0.3524, "(1, 0, 2, 3, 4)": 0.2962666666666667, "(1, 0, 2, 4, 3)": 0.28573333333333334, "(1, 0, 3, 2, 4)": 0.2728, "(1, 0, 3, 4, 2)": 0.22613333333333333, "(1, 0, 4, 2, 3)": 0.2725333333333333, "(1, 0, 4, 3, 2)": 0.23626666666666665, "(1, 2, 0, 3, 4)": 0.3682666666666667, "(1, 2, 0, 4, 3)": 0.37333333333333335, "(1, 2, 3, 0, 4)": 0.4052, "(1, 2, 3, 4, 0)": 0.3933333333333333, "(1, 2, 4, 0, 3)": 0.4073333333333333, "(1, 2, 4, 3, 0)": 0.40173333333333333, "(1, 3, 0, 2, 4)": 0.30186666666666667, "(1, 3, 0, 4, 2)": 0.3504, "(1, 3, 2, 0, 4)": 0.37200000000000005, "(1, 3, 2, 4, 0)": 0.3784, "(1, 3, 4, 0, 2)": 0.3758666666666666, "(1, 3, 4, 2, 0)": 0.37266666666666665, "(1, 4, 0, 2, 3)": 0.30373333333333336, "(1, 4, 0, 3, 2)": 0.3024, "(1, 4, 2, 0, 3)": 0.3806666666666667, "(1, 4, 2, 3, 0)": 0.4148, "(1, 4, 3, 0, 2)": 0.3748, "(1, 4, 3, 2, 0)": 0.38759999999999994, "(2, 0, 1, 3, 4)": 0.18666666666666668, "(2, 0, 1, 4, 3)": 0.19000000000000003, "(2, 0, 3, 1, 4)": 0.18173333333333333, "(2, 0, 3, 4, 1)": 0.27586666666666665, "(2, 0, 4, 1, 3)": 0.18800000000000003, "(2, 0, 4, 3, 1)": 0.2833333333333333, "(2, 1, 0, 3, 4)": 0.18946666666666667, "(2, 1, 0, 4, 3)": 0.2162666666666667, "(2, 1, 3, 0, 4)": 0.1829333333333333, "(2, 1, 3, 4, 0)": 0.3102666666666667, "(2, 1, 4, 0, 3)": 0.1838666666666667, "(2, 1, 4, 3, 0)": 0.2962666666666667, "(2, 3, 0, 1, 4)": 0.17293333333333336, "(2, 3, 0, 4, 1)": 0.2833333333333334, "(2, 3, 1, 0, 4)": 0.17866666666666667, "(2, 3, 1, 4, 0)": 0.28986666666666666, "(2, 3, 4, 0, 1)": 0.2768, "(2, 3, 4, 1, 0)": 0.298, "(2, 4, 0, 1, 3)": 0.18826666666666667, "(2, 4, 0, 3, 1)": 0.27413333333333334, "(2, 4, 1, 0, 3)": 0.1917333333333333, "(2, 4, 1, 3, 0)": 0.3101333333333333, "(2, 4, 3, 0, 1)": 0.2793333333333334, "(2, 4, 3, 1, 0)": 0.3026666666666667, "(3, 0, 1, 2, 4)": 0.13560000000000003, "(3, 0, 1, 4, 2)": 0.17600000000000002, "(3, 0, 2, 1, 4)": 0.2668, "(3, 0, 2, 4, 1)": 0.28440000000000004, "(3, 0, 4, 1, 2)": 0.25533333333333336, "(3, 0, 4, 2, 1)": 0.2969333333333333, "(3, 1, 0, 2, 4)": 0.18813333333333335, "(3, 1, 0, 4, 2)": 0.14906666666666668, "(3, 1, 2, 0, 4)": 0.28173333333333334, "(3, 1, 2, 4, 0)": 0.3034666666666667, "(3, 1, 4, 0, 2)": 0.27986666666666665, "(3, 1, 4, 2, 0)": 0.3252, "(3, 2, 0, 1, 4)": 0.36199999999999993, "(3, 2, 0, 4, 1)": 0.35253333333333337, "(3, 2, 1, 0, 4)": 0.3065333333333333, "(3, 2, 1, 4, 0)": 0.36613333333333326, "(3, 2, 4, 0, 1)": 0.33359999999999995, "(3, 2, 4, 1, 0)": 0.33946666666666664, "(3, 4, 0, 1, 2)": 0.23213333333333333, "(3, 4, 0, 2, 1)": 0.3193333333333333, "(3, 4, 1, 0, 2)": 0.27066666666666667, "(3, 4, 1, 2, 0)": 0.31266666666666665, "(3, 4, 2, 0, 1)": 0.35106666666666664, "(3, 4, 2, 1, 0)": 0.3706666666666667, "(4, 0, 1, 2, 3)": 0.16466666666666666, "(4, 0, 1, 3, 2)": 0.16426666666666664, "(4, 0, 2, 1, 3)": 0.22986666666666666, "(4, 0, 2, 3, 1)": 0.27653333333333335, "(4, 0, 3, 1, 2)": 0.2694666666666667, "(4, 0, 3, 2, 1)": 0.278, "(4, 1, 0, 2, 3)": 0.1468, "(4, 1, 0, 3, 2)": 0.20626666666666668, "(4, 1, 2, 0, 3)": 0.26226666666666665, "(4, 1, 2, 3, 0)": 0.2969333333333333, "(4, 1, 3, 0, 2)": 0.3074666666666666, "(4, 1, 3, 2, 0)": 0.29919999999999997, "(4, 2, 0, 1, 3)": 0.33866666666666667, "(4, 2, 0, 3, 1)": 0.3736, "(4, 2, 1, 0, 3)": 0.27786666666666665, "(4, 2, 1, 3, 0)": 0.3532, "(4, 2, 3, 0, 1)": 0.32186666666666663, "(4, 2, 3, 1, 0)": 0.28973333333333334, "(4, 3, 0, 1, 2)": 0.29000000000000004, "(4, 3, 0, 2, 1)": 0.28973333333333334, "(4, 3, 1, 0, 2)": 0.31293333333333334, "(4, 3, 1, 2, 0)": 0.3088, "(4, 3, 2, 0, 1)": 0.38133333333333336, "(4, 3, 2, 1, 0)": 0.3490666666666667}