{"(0, 1, 2, 3, 4)": 0.002782484900627906, "(0, 1, 2, 4, 3)": 0.0053485200445232235, "(0, 1, 3, 2, 4)": 0.006863105872869977, "(0, 1, 3, 4, 2)": 0.010825997516267125, "(0, 1, 4, 2, 3)": 0.011141214775178987, "(0, 1, 4, 3, 2)": 0.01114819367531001, "(0, 2, 1, 3, 4)": 0.007951519770878197, "(0, 2, 1, 4, 3)": 0.006017197575837657, "(0, 2, 3, 1, 4)": 0.012511949843605085, "(0, 2, 3, 4, 1)": 0.0019798989873223245, "(0, 2, 4, 1, 3)": 0.010216435560192003, "(0, 2, 4, 3, 1)": 0.00783553160644226, "(0, 3, 1, 2, 4)": 0.00342960963117118, "(0, 3, 1, 4, 2)": 0.008295112349383151, "(0, 3, 2, 1, 4)": 0.002041241452319317, "(0, 3, 2, 4, 1)": 0.008054812226240902, "(0, 3, 4, 1, 2)": 0.002902872140943647, "(0, 3, 4, 2, 1)": 0.004883304891839824, "(0, 4, 1, 2, 3)": 0.003147838764754123, "(0, 4, 1, 3, 2)": 0.006445842760174104, "(0, 4, 2, 1, 3)": 0.007595759050651593, "(0, 4, 2, 3, 1)": 0.0027353650985238315, "(0, 4, 3, 1, 2)": 0.011996203103019274, "(0, 4, 3, 2, 1)": 0.004630334761116103, "(1, 0, 2, 3, 4)": 0.0008730533902472352, "(1, 0, 2, 4, 3)": 0.0010370899457402864, "(1, 0, 3, 2, 4)": 0.005837998134825167, "(1, 0, 3, 4, 2)": 0.011882012549321015, "(1, 0, 4, 2, 3)": 0.0052372596736164215, "(1, 0, 4, 3, 2)": 0.010505342556157902, "(1, 2, 0, 3, 4)": 0.007009200303093695, "(1, 2, 0, 4, 3)": 0.008083316151184482, "(1, 2, 3, 0, 4)": 0.0017913371790059117, "(1, 2, 3, 4, 0)": 0.004158792559812955, "(1, 2, 4, 0, 3)": 0.008074789298936652, "(1, 2, 4, 3, 0)": 0.0012229290885229277, "(1, 3, 0, 2, 4)": 0.002361261433123317, "(1, 3, 0, 4, 2)": 0.0041201402349380556, "(1, 3, 2, 0, 4)": 0.009082706400382848, "(1, 3, 2, 4, 0)": 0.01170194665667024, "(1, 3, 4, 0, 2)": 0.002839405258539576, "(1, 3, 4, 2, 0)": 0.009609717304201345, "(1, 4, 0, 2, 3)": 0.011358110171444322, "(1, 4, 0, 3, 2)": 0.008684980649885682, "(1, 4, 2, 0, 3)": 0.009753745719238113, "(1, 4, 2, 3, 0)": 0.008986780414710398, "(1, 4, 3, 0, 2)": 0.0031843366656181347, "(1, 4, 3, 2, 0)": 0.006701906859659834, "(2, 0, 1, 3, 4)": 0.003477866523539326, "(2, 0, 1, 4, 3)": 0.00915459811606532, "(2, 0, 3, 1, 4)": 0.002857738033247044, "(2, 0, 3, 4, 1)": 0.005140903509003924, "(2, 0, 4, 1, 3)": 0.001979898987322351, "(2, 0, 4, 3, 1)": 0.014205710901683958, "(2, 1, 0, 3, 4)": 0.007179136438319042, "(2, 1, 0, 4, 3)": 0.0045087569117095655, "(2, 1, 3, 0, 4)": 0.003921734310225514, "(2, 1, 3, 4, 0)": 0.00793767388260986, "(2, 1, 4, 0, 3)": 0.01407195793057952, "(2, 1, 4, 3, 0)": 0.009443516294262417, "(2, 3, 0, 1, 4)": 0.004725345372445165, "(2, 3, 0, 4, 1)": 0.007055966742174082, "(2, 3, 1, 0, 4)": 0.004832068800098856, "(2, 3, 1, 4, 0)": 0.008286669348350335, "(2, 3, 4, 0, 1)": 0.0085537516135709, "(2, 3, 4, 1, 0)": 0.009013076919429644, "(2, 4, 0, 1, 3)": 0.0054552726787943364, "(2, 4, 0, 3, 1)": 0.004814792022738077, "(2, 4, 1, 0, 3)": 0.011897712198383176, "(2, 4, 1, 3, 0)": 0.001818424226264784, "(2, 4, 3, 0, 1)": 0.0007118052168020871, "(2, 4, 3, 1, 0)": 0.005616641938620152, "(3, 0, 1, 2, 4)": 0.004510727953076611, "(3, 0, 1, 4, 2)": 0.004220847729491731, "(3, 0, 2, 1, 4)": 0.01318863146804852, "(3, 0, 2, 4, 1)": 0.003510935297989213, "(3, 0, 4, 1, 2)": 0.0025927248643506503, "(3, 0, 4, 2, 1)": 0.0018080068829760805, "(3, 1, 0, 2, 4)": 0.00875099994286366, "(3, 1, 0, 4, 2)": 0.01109274036876772, "(3, 1, 2, 0, 4)": 0.004739432689913651, "(3, 1, 2, 4, 0)": 0.008777369892070288, "(3, 1, 4, 0, 2)": 0.00609972676983704, "(3, 1, 4, 2, 0)": 0.01587394790914416, "(3, 2, 0, 1, 4)": 0.0023795424396766364, "(3, 2, 0, 4, 1)": 0.0012083045973594697, "(3, 2, 1, 0, 4)": 0.005341868170926309, "(3, 2, 1, 4, 0)": 0.007281178170842653, "(3, 2, 4, 0, 1)": 0.0080371360294296, "(3, 2, 4, 1, 0)": 0.009922029362316304, "(3, 4, 0, 1, 2)": 0.00690265649345719, "(3, 4, 0, 2, 1)": 0.010601991427190552, "(3, 4, 1, 0, 2)": 0.003561210780369808, "(3, 4, 1, 2, 0)": 0.004926346403663554, "(3, 4, 2, 0, 1)": 0.005104464277037856, "(3, 4, 2, 1, 0)": 0.0037585458180879904, "(4, 0, 1, 2, 3)": 0.005553577425607932, "(4, 0, 1, 3, 2)": 0.012570954175753274, "(4, 0, 2, 1, 3)": 0.010574917914049672, "(4, 0, 2, 3, 1)": 0.012761138925137791, "(4, 0, 3, 1, 2)": 0.004023265671897219, "(4, 0, 3, 2, 1)": 0.00633771778061052, "(4, 1, 0, 2, 3)": 0.006655490632219056, "(4, 1, 0, 3, 2)": 0.0073712655328345995, "(4, 1, 2, 0, 3)": 0.0088642853945231, "(4, 1, 2, 3, 0)": 0.015576905982896601, "(4, 1, 3, 0, 2)": 0.0050605225904928886, "(4, 1, 3, 2, 0)": 0.007718952145351214, "(4, 2, 0, 1, 3)": 0.00743071702835977, "(4, 2, 0, 3, 1)": 0.010619897467594596, "(4, 2, 1, 0, 3)": 0.0077239886069310195, "(4, 2, 1, 3, 0)": 0.016365885928425083, "(4, 2, 3, 0, 1)": 0.00806570242170858, "(4, 2, 3, 1, 0)": 0.010429552030435222, "(4, 3, 0, 1, 2)": 0.003159465496286095, "(4, 3, 0, 2, 1)": 0.005991846311632334, "(4, 3, 1, 0, 2)": 0.00755954143230043, "(4, 3, 1, 2, 0)": 0.0027182510717166843, "(4, 3, 2, 0, 1)": 0.0077239886069310195, "(4, 3, 2, 1, 0)": 0.005740112271453304}