{"(0, 1, 2, 3, 4)": [0.9406666666666667, 0.8013333333333333, 0.26666666666666666, 0.24333333333333332, 0.15533333333333332], "(0, 1, 2, 4, 3)": [0.932, 0.8066666666666666, 0.2273333333333333, 0.11533333333333334, 0.27066666666666667], "(0, 1, 3, 2, 4)": [0.944, 0.7879999999999999, 0.16133333333333336, 0.248, 0.124], "(0, 1, 3, 4, 2)": [0.932, 0.816, 0.02666666666666667, 0.23066666666666666, 0.19200000000000003], "(0, 1, 4, 2, 3)": [0.9473333333333334, 0.7939999999999999, 0.15, 0.102, 0.276], "(0, 1, 4, 3, 2)": [0.9380000000000001, 0.8086666666666668, 0.022666666666666665, 0.18533333333333335, 0.25133333333333335], "(0, 2, 1, 3, 4)": [0.9306666666666668, 0.8006666666666667, 0.15133333333333332, 0.25666666666666665, 0.13066666666666668], "(0, 2, 1, 4, 3)": [0.9366666666666665, 0.8039999999999999, 0.23066666666666666, 0.104, 0.26666666666666666], "(0, 2, 3, 1, 4)": [0.9293333333333335, 0.7886666666666667, 0.18866666666666668, 0.27266666666666667, 0.13533333333333333], "(0, 2, 3, 4, 1)": [0.9326666666666666, 0.8046666666666668, 0.16333333333333333, 0.236, 0.23199999999999998], "(0, 2, 4, 1, 3)": [0.9266666666666667, 0.786, 0.11733333333333333, 0.14, 0.258], "(0, 2, 4, 3, 1)": [0.926, 0.7986666666666666, 0.13533333333333333, 0.2273333333333333, 0.25], "(0, 3, 1, 2, 4)": [0.9493333333333333, 0.8153333333333334, 0.12933333333333333, 0.27666666666666667, 0.168], "(0, 3, 1, 4, 2)": [0.9393333333333334, 0.7973333333333334, 0.008666666666666666, 0.22999999999999998, 0.22533333333333336], "(0, 3, 2, 1, 4)": [0.9366666666666666, 0.7933333333333333, 0.19799999999999998, 0.26533333333333337, 0.11599999999999999], "(0, 3, 2, 4, 1)": [0.9186666666666667, 0.7993333333333333, 0.21666666666666665, 0.258, 0.19466666666666668], "(0, 3, 4, 1, 2)": [0.9253333333333335, 0.7953333333333333, 0.007333333333333333, 0.25466666666666665, 0.248], "(0, 3, 4, 2, 1)": [0.9380000000000001, 0.7840000000000001, 0.15266666666666664, 0.27066666666666667, 0.248], "(0, 4, 1, 2, 3)": [0.9226666666666666, 0.8013333333333333, 0.13533333333333333, 0.09600000000000002, 0.2786666666666667], "(0, 4, 1, 3, 2)": [0.9380000000000001, 0.7833333333333333, 0.012666666666666666, 0.24133333333333332, 0.256], "(0, 4, 2, 1, 3)": [0.9420000000000001, 0.7986666666666666, 0.24266666666666667, 0.14133333333333334, 0.2833333333333334], "(0, 4, 2, 3, 1)": [0.9346666666666668, 0.794, 0.21066666666666667, 0.22866666666666668, 0.2893333333333333], "(0, 4, 3, 1, 2)": [0.9386666666666666, 0.7959999999999999, 0.006666666666666665, 0.21466666666666667, 0.264], "(0, 4, 3, 2, 1)": [0.93, 0.7893333333333334, 0.15666666666666665, 0.27466666666666667, 0.2866666666666667], "(1, 0, 2, 3, 4)": [0.9313333333333333, 0.8206666666666668, 0.18933333333333335, 0.24266666666666667, 0.13066666666666668], "(1, 0, 2, 4, 3)": [0.94, 0.7986666666666666, 0.22799999999999998, 0.09933333333333333, 0.27066666666666667], "(1, 0, 3, 2, 4)": [0.9326666666666666, 0.818, 0.18999999999999997, 0.26466666666666666, 0.15866666666666665], "(1, 0, 3, 4, 2)": [0.93, 0.8086666666666668, 0.02266666666666667, 0.24666666666666667, 0.17533333333333334], "(1, 0, 4, 2, 3)": [0.9393333333333332, 0.806, 0.16133333333333333, 0.114, 0.24533333333333332], "(1, 0, 4, 3, 2)": [0.9319999999999999, 0.7933333333333333, 0.012666666666666666, 0.22066666666666668, 0.2313333333333333], "(1, 2, 0, 3, 4)": [0.9386666666666666, 0.8079999999999999, 0.286, 0.26533333333333337, 0.09199999999999998], "(1, 2, 0, 4, 3)": [0.94, 0.818, 0.2773333333333334, 0.13133333333333333, 0.26666666666666666], "(1, 2, 3, 0, 4)": [0.9313333333333333, 0.816, 0.2933333333333334, 0.27999999999999997, 0.11533333333333334], "(1, 2, 3, 4, 0)": [0.94, 0.8153333333333332, 0.252, 0.216, 0.218], "(1, 2, 4, 0, 3)": [0.9306666666666668, 0.8113333333333334, 0.22666666666666666, 0.11066666666666665, 0.282], "(1, 2, 4, 3, 0)": [0.94, 0.8033333333333333, 0.242, 0.20000000000000004, 0.24866666666666667], "(1, 3, 0, 2, 4)": [0.93, 0.8073333333333333, 0.146, 0.26866666666666666, 0.15933333333333333], "(1, 3, 0, 4, 2)": [0.9293333333333335, 0.8166666666666665, 0.006000000000000001, 0.24866666666666667, 0.18866666666666665], "(1, 3, 2, 0, 4)": [0.9353333333333333, 0.8079999999999999, 0.25, 0.26066666666666666, 0.11599999999999999], "(1, 3, 2, 4, 0)": [0.9346666666666666, 0.7959999999999999, 0.26799999999999996, 0.24933333333333332, 0.204], "(1, 3, 4, 0, 2)": [0.924, 0.82, 0.004, 0.23666666666666666, 0.23933333333333331], "(1, 3, 4, 2, 0)": [0.9346666666666666, 0.7993333333333333, 0.15, 0.22666666666666666, 0.22533333333333336], "(1, 4, 0, 2, 3)": [0.93, 0.8053333333333335, 0.18266666666666667, 0.10733333333333334, 0.268], "(1, 4, 0, 3, 2)": [0.9206666666666666, 0.7933333333333333, 0.013999999999999999, 0.216, 0.25066666666666665], "(1, 4, 2, 0, 3)": [0.93, 0.8113333333333332, 0.26533333333333337, 0.11599999999999999, 0.30066666666666664], "(1, 4, 2, 3, 0)": [0.9386666666666668, 0.8146666666666667, 0.24466666666666667, 0.22599999999999998, 0.262], "(1, 4, 3, 0, 2)": [0.9253333333333335, 0.7906666666666666, 0.0013333333333333333, 0.2253333333333333, 0.2373333333333333], "(1, 4, 3, 2, 0)": [0.928, 0.8046666666666668, 0.15866666666666665, 0.26733333333333337, 0.26866666666666666], "(2, 0, 1, 3, 4)": [0.9213333333333334, 0.8053333333333333, 0.21866666666666668, 0.258, 0.15266666666666664], "(2, 0, 1, 4, 3)": [0.9313333333333333, 0.8099999999999999, 0.18933333333333335, 0.11266666666666665, 0.274], "(2, 0, 3, 1, 4)": [0.9279999999999999, 0.794, 0.22533333333333336, 0.22933333333333336, 0.1446666666666667], "(2, 0, 3, 4, 1)": [0.9146666666666667, 0.8000000000000002, 0.238, 0.24333333333333332, 0.20733333333333334], "(2, 0, 4, 1, 3)": [0.9286666666666666, 0.7926666666666667, 0.26133333333333336, 0.11066666666666665, 0.25933333333333336], "(2, 0, 4, 3, 1)": [0.9166666666666666, 0.7986666666666666, 0.20866666666666667, 0.19000000000000003, 0.23066666666666666], "(2, 1, 0, 3, 4)": [0.9273333333333333, 0.7926666666666667, 0.21, 0.24533333333333332, 0.14933333333333332], "(2, 1, 0, 4, 3)": [0.9366666666666666, 0.7906666666666666, 0.19666666666666668, 0.09333333333333334, 0.25333333333333335], "(2, 1, 3, 0, 4)": [0.9286666666666666, 0.7866666666666667, 0.18133333333333332, 0.278, 0.12866666666666668], "(2, 1, 3, 4, 0)": [0.9293333333333332, 0.79, 0.208, 0.21999999999999997, 0.20866666666666667], "(2, 1, 4, 0, 3)": [0.9386666666666666, 0.7966666666666665, 0.21866666666666668, 0.10333333333333333, 0.25], "(2, 1, 4, 3, 0)": [0.934, 0.8053333333333333, 0.16866666666666666, 0.21133333333333335, 0.24733333333333332], "(2, 3, 0, 1, 4)": [0.9346666666666668, 0.7793333333333333, 0.21066666666666667, 0.2853333333333334, 0.09799999999999999], "(2, 3, 0, 4, 1)": [0.8226666666666667, 0.7313333333333333, 0.17400000000000002, 0.248, 0.17666666666666667], "(2, 3, 1, 0, 4)": [0.9293333333333335, 0.7746666666666666, 0.17133333333333334, 0.28400000000000003, 0.11266666666666665], "(2, 3, 1, 4, 0)": [0.9346666666666668, 0.7959999999999999, 0.20333333333333334, 0.22, 0.21933333333333335], "(2, 3, 4, 0, 1)": [0.9113333333333333, 0.7906666666666666, 0.252, 0.2373333333333333, 0.23866666666666667], "(2, 3, 4, 1, 0)": [0.9253333333333335, 0.7853333333333333, 0.19466666666666668, 0.236, 0.21533333333333335], "(2, 4, 0, 1, 3)": [0.9333333333333332, 0.802, 0.23666666666666666, 0.09000000000000001, 0.292], "(2, 4, 0, 3, 1)": [0.9153333333333333, 0.7873333333333333, 0.21733333333333335, 0.19133333333333336, 0.25066666666666665], "(2, 4, 1, 0, 3)": [0.934, 0.7913333333333333, 0.18733333333333335, 0.1366666666666667, 0.29600000000000004], "(2, 4, 1, 3, 0)": [0.9286666666666666, 0.7953333333333333, 0.22333333333333336, 0.22666666666666668, 0.258], "(2, 4, 3, 0, 1)": [0.9193333333333333, 0.79, 0.22199999999999998, 0.21266666666666664, 0.25], "(2, 4, 3, 1, 0)": [0.924, 0.7760000000000001, 0.204, 0.22799999999999998, 0.26466666666666666], "(3, 0, 1, 2, 4)": [0.928, 0.8093333333333333, 0.13733333333333334, 0.242, 0.13066666666666668],