{"(0, 1, 2, 3, 4)": 0.003137939876203275, "(0, 1, 2, 4, 3)": 0.0003299831645537204, "(0, 1, 3, 2, 4)": 0.0006599663291074408, "(0, 1, 3, 4, 2)": 4.714045207909798e-05, "(0, 1, 4, 2, 3)": 0.001970335560817556, "(0, 1, 4, 3, 2)": 0.0014817407180595205, "(0, 2, 1, 3, 4)": 0.002036882148993628, "(0, 2, 1, 4, 3)": 0.0011145502331533679, "(0, 2, 3, 1, 4)": 0.0010498677165349125, "(0, 2, 3, 4, 1)": 0.0016309506430300055, "(0, 2, 4, 1, 3)": 0.0006480740698407832, "(0, 2, 4, 3, 1)": 0.000555777733351101, "(0, 3, 1, 2, 4)": 0.0028241026106633443, "(0, 3, 1, 4, 2)": 0.0010984838035522674, "(0, 3, 2, 1, 4)": 0.0015748015748023605, "(0, 3, 2, 4, 1)": 0.0014659088951530653, "(0, 3, 4, 1, 2)": 0.0011728408057172695, "(0, 3, 4, 2, 1)": 0.0013912424503139506, "(0, 4, 1, 2, 3)": 0.001554205763583302, "(0, 4, 1, 3, 2)": 0.001108552609887718, "(0, 4, 2, 1, 3)": 0.0006599663291074502, "(0, 4, 2, 3, 1)": 0.0018055470085267726, "(0, 4, 3, 1, 2)": 0.00143836326735943, "(0, 4, 3, 2, 1)": 0.0050937870653048195, "(1, 0, 2, 3, 4)": 0.0020417857108151424, "(1, 0, 2, 4, 3)": 0.0015577761927397153, "(1, 0, 3, 2, 4)": 0.0021463146709340282, "(1, 0, 3, 4, 2)": 0.001592342788332834, "(1, 0, 4, 2, 3)": 0.0005099019513592823, "(1, 0, 4, 3, 2)": 0.0018263503375736908, "(1, 2, 0, 3, 4)": 0.001376791761870899, "(1, 2, 0, 4, 3)": 0.0013424687043734824, "(1, 2, 3, 0, 4)": 0.0003741657386773999, "(1, 2, 3, 4, 0)": 0.0006128258770283422, "(1, 2, 4, 0, 3)": 0.00023570226039551604, "(1, 2, 4, 3, 0)": 0.0006480740698407832, "(1, 3, 0, 2, 4)": 0.00028284271247461403, "(1, 3, 0, 4, 2)": 0.0014383632673594326, "(1, 3, 2, 0, 4)": 0.0020116328359486213, "(1, 3, 2, 4, 0)": 0.0014337208778404272, "(1, 3, 4, 0, 2)": 0.0017682382946499875, "(1, 3, 4, 2, 0)": 0.004152910625894398, "(1, 4, 0, 2, 3)": 0.0009877021593352685, "(1, 4, 0, 3, 2)": 0.0008993825042154609, "(1, 4, 2, 0, 3)": 0.0024362995619495414, "(1, 4, 2, 3, 0)": 0.0006944222218666645, "(1, 4, 3, 0, 2)": 0.00030912061651652833, "(1, 4, 3, 2, 0)": 0.0015195028426721892, "(2, 0, 1, 3, 4)": 0.0012762793146051058, "(2, 0, 1, 4, 3)": 0.0004189935029992188, "(2, 0, 3, 1, 4)": 0.002192917893786473, "(2, 0, 3, 4, 1)": 0.0008498365855987983, "(2, 0, 4, 1, 3)": 0.0009797958971132766, "(2, 0, 4, 3, 1)": 0.0004027681991198214, "(2, 1, 0, 3, 4)": 0.0010614455552060403, "(2, 1, 0, 4, 3)": 0.000910433352249838, "(2, 1, 3, 0, 4)": 0.0008640987597877137, "(2, 1, 3, 4, 0)": 0.0015860503004493742, "(2, 1, 4, 0, 3)": 0.001265789169736508, "(2, 1, 4, 3, 0)": 0.0005906681715556395, "(2, 3, 0, 1, 4)": 0.003072819913731073, "(2, 3, 0, 4, 1)": 0.0010338708279513942, "(2, 3, 1, 0, 4)": 0.0016131404843417203, "(2, 3, 1, 4, 0)": 0.001746106780494504, "(2, 3, 4, 0, 1)": 0.0008806563209081956, "(2, 3, 4, 1, 0)": 0.0011556623882239844, "(2, 4, 0, 1, 3)": 0.0009416297927883674, "(2, 4, 0, 3, 1)": 0.0018055470085267856, "(2, 4, 1, 0, 3)": 0.00037416573867739744, "(2, 4, 1, 3, 0)": 0.0031315597817488093, "(2, 4, 3, 0, 1)": 0.0009416297927883596, "(2, 4, 3, 1, 0)": 0.0016110727964792834, "(3, 0, 1, 2, 4)": 0.0007408703590297602, "(3, 0, 1, 4, 2)": 0.0009273618495495799, "(3, 0, 2, 1, 4)": 0.001990533150244477, "(3, 0, 2, 4, 1)": 0.0010842303978193712, "(3, 0, 4, 1, 2)": 0.0008013876853447572, "(3, 0, 4, 2, 1)": 0.0010624918300339453, "(3, 1, 0, 2, 4)": 0.0019601587237318818, "(3, 1, 0, 4, 2)": 0.000997775303139724, "(3, 1, 2, 0, 4)": 0.0009977753031397217, "(3, 1, 2, 4, 0)": 0.0015577761927397283, "(3, 1, 4, 0, 2)": 0.0008055363982396482, "(3, 1, 4, 2, 0)": 0.0008576453553512366, "(3, 2, 0, 1, 4)": 0.0009416297927883724, "(3, 2, 0, 4, 1)": 0.0015839472494022322, "(3, 2, 1, 0, 4)": 0.0013960261060914588, "(3, 2, 1, 4, 0)": 0.0013274871834493298, "(3, 2, 4, 0, 1)": 0.0008498365855987983, "(3, 2, 4, 1, 0)": 0.001184154644555435, "(3, 4, 0, 1, 2)": 0.0004966554808583829, "(3, 4, 0, 2, 1)": 0.000817856276425682, "(3, 4, 1, 0, 2)": 0.0016872067646458325, "(3, 4, 1, 2, 0)": 0.0031541859312489567, "(3, 4, 2, 0, 1)": 0.0005312459150169837, "(3, 4, 2, 1, 0)": 0.0008259674462242654, "(4, 0, 1, 2, 3)": 0.0018571184369578888, "(4, 0, 1, 3, 2)": 0.0005312459150169726, "(4, 0, 2, 1, 3)": 0.00040276819911981375, "(4, 0, 2, 3, 1)": 0.0005792715732327643, "(4, 0, 3, 1, 2)": 0.0017913371790059245, "(4, 0, 3, 2, 1)": 0.0017107503227141757, "(4, 1, 0, 2, 3)": 0.00016996731711976256, "(4, 1, 0, 3, 2)": 0.0008640987597877137, "(4, 1, 2, 0, 3)": 0.0015326085243430212, "(4, 1, 2, 3, 0)": 0.002808320969310072, "(4, 1, 3, 0, 2)": 0.0016357125528513726, "(4, 1, 3, 2, 0)": 0.0027329267990359456, "(4, 2, 0, 1, 3)": 0.0007788880963698672, "(4, 2, 0, 3, 1)": 0.002969100125552442, "(4, 2, 1, 0, 3)": 0.0009416297927883723, "(4, 2, 1, 3, 0)": 0.0008956685895029686, "(4, 2, 3, 0, 1)": 0.0012229290885229463, "(4, 2, 3, 1, 0)": 0.0009568466729604944, "(4, 3, 0, 1, 2)": 0.0013912424503139422, "(4, 3, 0, 2, 1)": 0.001232882800593796, "(4, 3, 1, 0, 2)": 0.001007747763855391, "(4, 3, 1, 2, 0)": 0.0004921607686744495, "(4, 3, 2, 0, 1)": 0.0023156472577277897, "(4, 3, 2, 1, 0)": 0.002027039439401433}