{"(0, 1, 2, 3, 4)": 0.0664, "(0, 1, 2, 4, 3)": 0.07279999999999999, "(0, 1, 3, 2, 4)": 0.06933333333333334, "(0, 1, 3, 4, 2)": 0.05413333333333333, "(0, 1, 4, 2, 3)": 0.0712, "(0, 1, 4, 3, 2)": 0.0608, "(0, 2, 1, 3, 4)": 0.06453333333333335, "(0, 2, 1, 4, 3)": 0.0716, "(0, 2, 3, 1, 4)": 0.06706666666666668, "(0, 2, 3, 4, 1)": 0.16213333333333332, "(0, 2, 4, 1, 3)": 0.07319999999999999, "(0, 2, 4, 3, 1)": 0.16079999999999997, "(0, 3, 1, 2, 4)": 0.0724, "(0, 3, 1, 4, 2)": 0.06466666666666666, "(0, 3, 2, 1, 4)": 0.07346666666666667, "(0, 3, 2, 4, 1)": 0.1644, "(0, 3, 4, 1, 2)": 0.055733333333333336, "(0, 3, 4, 2, 1)": 0.1596, "(0, 4, 1, 2, 3)": 0.07279999999999999, "(0, 4, 1, 3, 2)": 0.0536, "(0, 4, 2, 1, 3)": 0.07333333333333333, "(0, 4, 2, 3, 1)": 0.162, "(0, 4, 3, 1, 2)": 0.05413333333333333, "(0, 4, 3, 2, 1)": 0.16053333333333333, "(1, 0, 2, 3, 4)": 0.06333333333333334, "(1, 0, 2, 4, 3)": 0.07053333333333334, "(1, 0, 3, 2, 4)": 0.06733333333333333, "(1, 0, 3, 4, 2)": 0.057066666666666675, "(1, 0, 4, 2, 3)": 0.07400000000000001, "(1, 0, 4, 3, 2)": 0.05173333333333333, "(1, 2, 0, 3, 4)": 0.06493333333333334, "(1, 2, 0, 4, 3)": 0.06853333333333332, "(1, 2, 3, 0, 4)": 0.0712, "(1, 2, 3, 4, 0)": 0.1844, "(1, 2, 4, 0, 3)": 0.0704, "(1, 2, 4, 3, 0)": 0.1869333333333333, "(1, 3, 0, 2, 4)": 0.0664, "(1, 3, 0, 4, 2)": 0.05346666666666666, "(1, 3, 2, 0, 4)": 0.06999999999999999, "(1, 3, 2, 4, 0)": 0.1856, "(1, 3, 4, 0, 2)": 0.047999999999999994, "(1, 3, 4, 2, 0)": 0.1832, "(1, 4, 0, 2, 3)": 0.06893333333333333, "(1, 4, 0, 3, 2)": 0.0604, "(1, 4, 2, 0, 3)": 0.06586666666666667, "(1, 4, 2, 3, 0)": 0.18426666666666666, "(1, 4, 3, 0, 2)": 0.0584, "(1, 4, 3, 2, 0)": 0.18373333333333333, "(2, 0, 1, 3, 4)": 0.061066666666666665, "(2, 0, 1, 4, 3)": 0.06266666666666666, "(2, 0, 3, 1, 4)": 0.05573333333333333, "(2, 0, 3, 4, 1)": 0.16266666666666665, "(2, 0, 4, 1, 3)": 0.0692, "(2, 0, 4, 3, 1)": 0.16119999999999998, "(2, 1, 0, 3, 4)": 0.0584, "(2, 1, 0, 4, 3)": 0.06653333333333333, "(2, 1, 3, 0, 4)": 0.0652, "(2, 1, 3, 4, 0)": 0.18413333333333334, "(2, 1, 4, 0, 3)": 0.0688, "(2, 1, 4, 3, 0)": 0.18359999999999999, "(2, 3, 0, 1, 4)": 0.06573333333333334, "(2, 3, 0, 4, 1)": 0.16280000000000003, "(2, 3, 1, 0, 4)": 0.064, "(2, 3, 1, 4, 0)": 0.18359999999999999, "(2, 3, 4, 0, 1)": 0.17120000000000002, "(2, 3, 4, 1, 0)": 0.19453333333333334, "(2, 4, 0, 1, 3)": 0.068, "(2, 4, 0, 3, 1)": 0.15893333333333334, "(2, 4, 1, 0, 3)": 0.06880000000000001, "(2, 4, 1, 3, 0)": 0.1832, "(2, 4, 3, 0, 1)": 0.18213333333333334, "(2, 4, 3, 1, 0)": 0.19146666666666667, "(3, 0, 1, 2, 4)": 0.066, "(3, 0, 1, 4, 2)": 0.05453333333333333, "(3, 0, 2, 1, 4)": 0.06266666666666666, "(3, 0, 2, 4, 1)": 0.16066666666666665, "(3, 0, 4, 1, 2)": 0.048133333333333334, "(3, 0, 4, 2, 1)": 0.15880000000000002, "(3, 1, 0, 2, 4)": 0.06306666666666667, "(3, 1, 0, 4, 2)": 0.049466666666666666, "(3, 1, 2, 0, 4)": 0.061733333333333335, "(3, 1, 2, 4, 0)": 0.18413333333333334, "(3, 1, 4, 0, 2)": 0.0504, "(3, 1, 4, 2, 0)": 0.1864, "(3, 2, 0, 1, 4)": 0.06680000000000001, "(3, 2, 0, 4, 1)": 0.15813333333333335, "(3, 2, 1, 0, 4)": 0.07279999999999999, "(3, 2, 1, 4, 0)": 0.18466666666666665, "(3, 2, 4, 0, 1)": 0.1712, "(3, 2, 4, 1, 0)": 0.19800000000000004, "(3, 4, 0, 1, 2)": 0.057999999999999996, "(3, 4, 0, 2, 1)": 0.16293333333333332, "(3, 4, 1, 0, 2)": 0.04293333333333333, "(3, 4, 1, 2, 0)": 0.18466666666666667, "(3, 4, 2, 0, 1)": 0.17320000000000002, "(3, 4, 2, 1, 0)": 0.1950666666666667, "(4, 0, 1, 2, 3)": 0.06866666666666667, "(4, 0, 1, 3, 2)": 0.0408, "(4, 0, 2, 1, 3)": 0.06626666666666665, "(4, 0, 2, 3, 1)": 0.16026666666666667, "(4, 0, 3, 1, 2)": 0.0396, "(4, 0, 3, 2, 1)": 0.16213333333333335, "(4, 1, 0, 2, 3)": 0.06879999999999999, "(4, 1, 0, 3, 2)": 0.041466666666666666, "(4, 1, 2, 0, 3)": 0.07013333333333334, "(4, 1, 2, 3, 0)": 0.1828, "(4, 1, 3, 0, 2)": 0.045599999999999995, "(4, 1, 3, 2, 0)": 0.18400000000000002, "(4, 2, 0, 1, 3)": 0.0684, "(4, 2, 0, 3, 1)": 0.164, "(4, 2, 1, 0, 3)": 0.07413333333333333, "(4, 2, 1, 3, 0)": 0.1828, "(4, 2, 3, 0, 1)": 0.1832, "(4, 2, 3, 1, 0)": 0.2004, "(4, 3, 0, 1, 2)": 0.0416, "(4, 3, 0, 2, 1)": 0.16013333333333332, "(4, 3, 1, 0, 2)": 0.042, "(4, 3, 1, 2, 0)": 0.1828, "(4, 3, 2, 0, 1)": 0.1829333333333333, "(4, 3, 2, 1, 0)": 0.18946666666666667}