{"(0, 1, 2, 3, 4)": 0.35341666666666666, "(0, 1, 2, 4, 3)": 0.3993333333333333, "(0, 1, 3, 2, 4)": 0.41858333333333336, "(0, 1, 3, 4, 2)": 0.49520833333333325, "(0, 1, 4, 2, 3)": 0.3004166666666666, "(0, 1, 4, 3, 2)": 0.3727916666666667, "(0, 2, 1, 3, 4)": 0.41654166666666664, "(0, 2, 1, 4, 3)": 0.40854166666666664, "(0, 2, 3, 1, 4)": 0.3951666666666667, "(0, 2, 3, 4, 1)": 0.47045833333333337, "(0, 2, 4, 1, 3)": 0.35800000000000004, "(0, 2, 4, 3, 1)": 0.35625, "(0, 3, 1, 2, 4)": 0.39291666666666664, "(0, 3, 1, 4, 2)": 0.3915, "(0, 3, 2, 1, 4)": 0.38166666666666665, "(0, 3, 2, 4, 1)": 0.39758333333333334, "(0, 3, 4, 1, 2)": 0.3247083333333334, "(0, 3, 4, 2, 1)": 0.38891666666666663, "(0, 4, 1, 2, 3)": 0.3305416666666666, "(0, 4, 1, 3, 2)": 0.370125, "(0, 4, 2, 1, 3)": 0.38604166666666667, "(0, 4, 2, 3, 1)": 0.41533333333333333, "(0, 4, 3, 1, 2)": 0.3229166666666667, "(0, 4, 3, 2, 1)": 0.37733333333333335, "(1, 0, 2, 3, 4)": 0.5101666666666667, "(1, 0, 2, 4, 3)": 0.43445833333333334, "(1, 0, 3, 2, 4)": 0.47025, "(1, 0, 3, 4, 2)": 0.488375, "(1, 0, 4, 2, 3)": 0.39349999999999996, "(1, 0, 4, 3, 2)": 0.4058333333333333, "(1, 2, 0, 3, 4)": 0.5354166666666667, "(1, 2, 0, 4, 3)": 0.437, "(1, 2, 3, 0, 4)": 0.5528333333333334, "(1, 2, 3, 4, 0)": 0.5089166666666668, "(1, 2, 4, 0, 3)": 0.4950833333333334, "(1, 2, 4, 3, 0)": 0.5043333333333333, "(1, 3, 0, 2, 4)": 0.5207083333333333, "(1, 3, 0, 4, 2)": 0.4805, "(1, 3, 2, 0, 4)": 0.48020833333333335, "(1, 3, 2, 4, 0)": 0.4782916666666666, "(1, 3, 4, 0, 2)": 0.5345833333333333, "(1, 3, 4, 2, 0)": 0.49383333333333335, "(1, 4, 0, 2, 3)": 0.4454583333333333, "(1, 4, 0, 3, 2)": 0.44966666666666666, "(1, 4, 2, 0, 3)": 0.43920833333333337, "(1, 4, 2, 3, 0)": 0.46570833333333334, "(1, 4, 3, 0, 2)": 0.4307083333333333, "(1, 4, 3, 2, 0)": 0.44487499999999996, "(2, 0, 1, 3, 4)": 0.39295833333333335, "(2, 0, 1, 4, 3)": 0.42454166666666665, "(2, 0, 3, 1, 4)": 0.39525000000000005, "(2, 0, 3, 4, 1)": 0.37962500000000005, "(2, 0, 4, 1, 3)": 0.39758333333333334, "(2, 0, 4, 3, 1)": 0.41820833333333335, "(2, 1, 0, 3, 4)": 0.4710833333333333, "(2, 1, 0, 4, 3)": 0.46662500000000007, "(2, 1, 3, 0, 4)": 0.46345833333333336, "(2, 1, 3, 4, 0)": 0.5025416666666667, "(2, 1, 4, 0, 3)": 0.48687499999999995, "(2, 1, 4, 3, 0)": 0.5419166666666666, "(2, 3, 0, 1, 4)": 0.47441666666666665, "(2, 3, 0, 4, 1)": 0.449, "(2, 3, 1, 0, 4)": 0.4480833333333334, "(2, 3, 1, 4, 0)": 0.44212500000000005, "(2, 3, 4, 0, 1)": 0.4609583333333333, "(2, 3, 4, 1, 0)": 0.4817916666666666, "(2, 4, 0, 1, 3)": 0.43012500000000004, "(2, 4, 0, 3, 1)": 0.473625, "(2, 4, 1, 0, 3)": 0.39683333333333337, "(2, 4, 1, 3, 0)": 0.42337500000000006, "(2, 4, 3, 0, 1)": 0.4519583333333333, "(2, 4, 3, 1, 0)": 0.42575, "(3, 0, 1, 2, 4)": 0.3842916666666667, "(3, 0, 1, 4, 2)": 0.42625, "(3, 0, 2, 1, 4)": 0.40066666666666667, "(3, 0, 2, 4, 1)": 0.443125, "(3, 0, 4, 1, 2)": 0.35370833333333335, "(3, 0, 4, 2, 1)": 0.383375, "(3, 1, 0, 2, 4)": 0.4028333333333334, "(3, 1, 0, 4, 2)": 0.40654166666666663, "(3, 1, 2, 0, 4)": 0.4322916666666667, "(3, 1, 2, 4, 0)": 0.4550416666666666, "(3, 1, 4, 0, 2)": 0.44766666666666666, "(3, 1, 4, 2, 0)": 0.40258333333333335, "(3, 2, 0, 1, 4)": 0.4788333333333334, "(3, 2, 0, 4, 1)": 0.41991666666666666, "(3, 2, 1, 0, 4)": 0.3959166666666667, "(3, 2, 1, 4, 0)": 0.41674999999999995, "(3, 2, 4, 0, 1)": 0.481125, "(3, 2, 4, 1, 0)": 0.44320833333333337, "(3, 4, 0, 1, 2)": 0.35591666666666666, "(3, 4, 0, 2, 1)": 0.36633333333333334, "(3, 4, 1, 0, 2)": 0.4281249999999999, "(3, 4, 1, 2, 0)": 0.3719166666666666, "(3, 4, 2, 0, 1)": 0.39033333333333337, "(3, 4, 2, 1, 0)": 0.40975, "(4, 0, 1, 2, 3)": 0.3654583333333333, "(4, 0, 1, 3, 2)": 0.3995416666666667, "(4, 0, 2, 1, 3)": 0.43216666666666675, "(4, 0, 2, 3, 1)": 0.3760833333333333, "(4, 0, 3, 1, 2)": 0.38762500000000005, "(4, 0, 3, 2, 1)": 0.41533333333333333, "(4, 1, 0, 2, 3)": 0.4071666666666666, "(4, 1, 0, 3, 2)": 0.4831666666666667, "(4, 1, 2, 0, 3)": 0.40929166666666666, "(4, 1, 2, 3, 0)": 0.47479166666666667, "(4, 1, 3, 0, 2)": 0.4539166666666667, "(4, 1, 3, 2, 0)": 0.5089166666666666, "(4, 2, 0, 1, 3)": 0.3880416666666666, "(4, 2, 0, 3, 1)": 0.40175, "(4, 2, 1, 0, 3)": 0.393125, "(4, 2, 1, 3, 0)": 0.46075, "(4, 2, 3, 0, 1)": 0.44379166666666664, "(4, 2, 3, 1, 0)": 0.46295833333333336, "(4, 3, 0, 1, 2)": 0.35575, "(4, 3, 0, 2, 1)": 0.394625, "(4, 3, 1, 0, 2)": 0.45320833333333327, "(4, 3, 1, 2, 0)": 0.47970833333333335, "(4, 3, 2, 0, 1)": 0.4001666666666666, "(4, 3, 2, 1, 0)": 0.4154583333333333}