{"(0, 1, 2, 3, 4)": 0.05541249984334663, "(0, 1, 2, 4, 3)": 0.002415948169054033, "(0, 1, 3, 2, 4)": 0.013497427738482407, "(0, 1, 3, 4, 2)": 0.008969276262144358, "(0, 1, 4, 2, 3)": 0.0067938391208506674, "(0, 1, 4, 3, 2)": 0.010186967436659259, "(0, 2, 1, 3, 4)": 0.022586946205472067, "(0, 2, 1, 4, 3)": 0.028080984075823778, "(0, 2, 3, 1, 4)": 0.011823499434976516, "(0, 2, 3, 4, 1)": 0.007934847544569175, "(0, 2, 4, 1, 3)": 0.0068017563091372635, "(0, 2, 4, 3, 1)": 0.03241307820755213, "(0, 3, 1, 2, 4)": 0.0058061868343651625, "(0, 3, 1, 4, 2)": 0.025751280982161295, "(0, 3, 2, 1, 4)": 0.00566176258382099, "(0, 3, 2, 4, 1)": 0.013821907932296814, "(0, 3, 4, 1, 2)": 0.021355701164378092, "(0, 3, 4, 2, 1)": 0.005223145603944041, "(0, 4, 1, 2, 3)": 0.02810934749628077, "(0, 4, 1, 3, 2)": 0.013697754276603956, "(0, 4, 2, 1, 3)": 0.015806226796916335, "(0, 4, 2, 3, 1)": 0.013938231794440623, "(0, 4, 3, 1, 2)": 0.02717043685495117, "(0, 4, 3, 2, 1)": 0.01359623620304122, "(1, 0, 2, 3, 4)": 0.004316875799309801, "(1, 0, 2, 4, 3)": 0.02160078123587201, "(1, 0, 3, 2, 4)": 0.07540932284686172, "(1, 0, 3, 4, 2)": 0.009296803512797002, "(1, 0, 4, 2, 3)": 0.0037179183243673804, "(1, 0, 4, 3, 2)": 0.06886326528386202, "(1, 2, 0, 3, 4)": 0.028711447581447818, "(1, 2, 0, 4, 3)": 0.0055342996144248004, "(1, 2, 3, 0, 4)": 0.008990929070766634, "(1, 2, 3, 4, 0)": 0.026130282560023452, "(1, 2, 4, 0, 3)": 0.020629755344054774, "(1, 2, 4, 3, 0)": 0.02383631974296558, "(1, 3, 0, 2, 4)": 0.01979065786902719, "(1, 3, 0, 4, 2)": 0.026095644059668077, "(1, 3, 2, 0, 4)": 0.02474586104561511, "(1, 3, 2, 4, 0)": 0.021659293617290465, "(1, 3, 4, 0, 2)": 0.018319312820687994, "(1, 3, 4, 2, 0)": 0.003212929608109542, "(1, 4, 0, 2, 3)": 0.013372208950738918, "(1, 4, 0, 3, 2)": 0.005885186204927271, "(1, 4, 2, 0, 3)": 0.17934525014619151, "(1, 4, 2, 3, 0)": 0.02230758777237509, "(1, 4, 3, 0, 2)": 0.03576694431392703, "(1, 4, 3, 2, 0)": 0.011080356743153903, "(2, 0, 1, 3, 4)": 0.008946794894759236, "(2, 0, 1, 4, 3)": 0.009935730974618877, "(2, 0, 3, 1, 4)": 0.00027003086243364825, "(2, 0, 3, 4, 1)": 0.007661003343049899, "(2, 0, 4, 1, 3)": 0.02382510055942403, "(2, 0, 4, 3, 1)": 0.0076337609050556084, "(2, 1, 0, 3, 4)": 0.01576167997250151, "(2, 1, 0, 4, 3)": 0.022211342822981293, "(2, 1, 3, 0, 4)": 0.016180728420631195, "(2, 1, 3, 4, 0)": 0.016995403790436955, "(2, 1, 4, 0, 3)": 0.01612677638794151, "(2, 1, 4, 3, 0)": 0.05008932992386922, "(2, 3, 0, 1, 4)": 0.004578406442809066, "(2, 3, 0, 4, 1)": 0.029984892029153606, "(2, 3, 1, 0, 4)": 0.004842304891956574, "(2, 3, 1, 4, 0)": 0.0015822364621706241, "(2, 3, 4, 0, 1)": 0.01373003601192977, "(2, 3, 4, 1, 0)": 0.01069072806999908, "(2, 4, 0, 1, 3)": 0.02860695088416258, "(2, 4, 0, 3, 1)": 0.008602527083492543, "(2, 4, 1, 0, 3)": 0.03887037753868625, "(2, 4, 1, 3, 0)": 0.027474672680286586, "(2, 4, 3, 0, 1)": 0.012582643468948315, "(2, 4, 3, 1, 0)": 0.02490251827961722, "(3, 0, 1, 2, 4)": 0.01076065363566113, "(3, 0, 1, 4, 2)": 0.03219186189430836, "(3, 0, 2, 1, 4)": 0.012934262208912018, "(3, 0, 2, 4, 1)": 0.02015469686091935, "(3, 0, 4, 1, 2)": 0.018969639485826407, "(3, 0, 4, 2, 1)": 0.020336321501742194, "(3, 1, 0, 2, 4)": 0.09529069194954053, "(3, 1, 0, 4, 2)": 0.010726880824462545, "(3, 1, 2, 0, 4)": 0.030069421991266963, "(3, 1, 2, 4, 0)": 0.008716802102198256, "(3, 1, 4, 0, 2)": 0.017520920035457268, "(3, 1, 4, 2, 0)": 0.008705242673240129, "(3, 2, 0, 1, 4)": 0.022876783476315485, "(3, 2, 0, 4, 1)": 0.19008014574267232, "(3, 2, 1, 0, 4)": 0.005961683207506675, "(3, 2, 1, 4, 0)": 0.01738663679061852, "(3, 2, 4, 0, 1)": 0.01640915648857878, "(3, 2, 4, 1, 0)": 0.01783294392098201, "(3, 4, 0, 1, 2)": 0.03464567673847155, "(3, 4, 0, 2, 1)": 0.012869672576341046, "(3, 4, 1, 0, 2)": 0.018332954541541362, "(3, 4, 1, 2, 0)": 0.01633854083652104, "(3, 4, 2, 0, 1)": 0.005536181495900867, "(3, 4, 2, 1, 0)": 0.0038206311287825568, "(4, 0, 1, 2, 3)": 0.04312413445186142, "(4, 0, 1, 3, 2)": 0.02134447951006436, "(4, 0, 2, 1, 3)": 0.03726970955078672, "(4, 0, 2, 3, 1)": 0.029433364005269063, "(4, 0, 3, 1, 2)": 0.0273218344715154, "(4, 0, 3, 2, 1)": 0.043807620785531035, "(4, 1, 0, 2, 3)": 0.014123832301782989, "(4, 1, 0, 3, 2)": 0.02401655968053897, "(4, 1, 2, 0, 3)": 0.013476187847046666, "(4, 1, 2, 3, 0)": 0.027048759983900692, "(4, 1, 3, 0, 2)": 0.007063944050992726, "(4, 1, 3, 2, 0)": 0.004900396809329702, "(4, 2, 0, 1, 3)": 0.008593440650997843, "(4, 2, 0, 3, 1)": 0.017844914463852758, "(4, 2, 1, 0, 3)": 0.014792664285606771, "(4, 2, 1, 3, 0)": 0.023286560263140847, "(4, 2, 3, 0, 1)": 0.002493742167907491, "(4, 2, 3, 1, 0)": 0.03444384520088054, "(4, 3, 0, 1, 2)": 0.006280204791423791, "(4, 3, 0, 2, 1)": 0.006638220561432287, "(4, 3, 1, 0, 2)": 0.024261237373408805, "(4, 3, 1, 2, 0)": 0.010160346396107162, "(4, 3, 2, 0, 1)": 0.04947288117971524, "(4, 3, 2, 1, 0)": 0.15633568761553526}