{"(0, 1, 2, 3, 4)": 0.3519583333333333, "(0, 1, 2, 4, 3)": 0.36633333333333323, "(0, 1, 3, 2, 4)": 0.40008333333333335, "(0, 1, 3, 4, 2)": 0.37162500000000004, "(0, 1, 4, 2, 3)": 0.3625, "(0, 1, 4, 3, 2)": 0.3460000000000001, "(0, 2, 1, 3, 4)": 0.3770833333333334, "(0, 2, 1, 4, 3)": 0.34725, "(0, 2, 3, 1, 4)": 0.38429166666666664, "(0, 2, 3, 4, 1)": 0.3734166666666667, "(0, 2, 4, 1, 3)": 0.3385416666666667, "(0, 2, 4, 3, 1)": 0.310625, "(0, 3, 1, 2, 4)": 0.37316666666666665, "(0, 3, 1, 4, 2)": 0.3824166666666667, "(0, 3, 2, 1, 4)": 0.36812500000000004, "(0, 3, 2, 4, 1)": 0.39250000000000007, "(0, 3, 4, 1, 2)": 0.38387499999999997, "(0, 3, 4, 2, 1)": 0.37999999999999995, "(0, 4, 1, 2, 3)": 0.34320833333333334, "(0, 4, 1, 3, 2)": 0.3612916666666666, "(0, 4, 2, 1, 3)": 0.3405416666666667, "(0, 4, 2, 3, 1)": 0.35650000000000004, "(0, 4, 3, 1, 2)": 0.37399999999999994, "(0, 4, 3, 2, 1)": 0.4019166666666667, "(1, 0, 2, 3, 4)": 0.4010416666666667, "(1, 0, 2, 4, 3)": 0.37666666666666665, "(1, 0, 3, 2, 4)": 0.3921666666666666, "(1, 0, 3, 4, 2)": 0.289125, "(1, 0, 4, 2, 3)": 0.3627916666666667, "(1, 0, 4, 3, 2)": 0.36062500000000003, "(1, 2, 0, 3, 4)": 0.37879166666666664, "(1, 2, 0, 4, 3)": 0.27237500000000003, "(1, 2, 3, 0, 4)": 0.300875, "(1, 2, 3, 4, 0)": 0.346875, "(1, 2, 4, 0, 3)": 0.2942916666666666, "(1, 2, 4, 3, 0)": 0.21441666666666667, "(1, 3, 0, 2, 4)": 0.41170833333333334, "(1, 3, 0, 4, 2)": 0.3901666666666667, "(1, 3, 2, 0, 4)": 0.36900000000000005, "(1, 3, 2, 4, 0)": 0.2804166666666667, "(1, 3, 4, 0, 2)": 0.32929166666666665, "(1, 3, 4, 2, 0)": 0.4025, "(1, 4, 0, 2, 3)": 0.3724166666666667, "(1, 4, 0, 3, 2)": 0.3708333333333334, "(1, 4, 2, 0, 3)": 0.38800000000000007, "(1, 4, 2, 3, 0)": 0.38075, "(1, 4, 3, 0, 2)": 0.3751666666666667, "(1, 4, 3, 2, 0)": 0.38875, "(2, 0, 1, 3, 4)": 0.31175, "(2, 0, 1, 4, 3)": 0.36879166666666663, "(2, 0, 3, 1, 4)": 0.400125, "(2, 0, 3, 4, 1)": 0.37445833333333334, "(2, 0, 4, 1, 3)": 0.3759166666666666, "(2, 0, 4, 3, 1)": 0.35508333333333325, "(2, 1, 0, 3, 4)": 0.32329166666666664, "(2, 1, 0, 4, 3)": 0.3383333333333334, "(2, 1, 3, 0, 4)": 0.34370833333333334, "(2, 1, 3, 4, 0)": 0.4190833333333333, "(2, 1, 4, 0, 3)": 0.27275, "(2, 1, 4, 3, 0)": 0.40970833333333334, "(2, 3, 0, 1, 4)": 0.38375000000000004, "(2, 3, 0, 4, 1)": 0.238625, "(2, 3, 1, 0, 4)": 0.3975416666666667, "(2, 3, 1, 4, 0)": 0.36937500000000006, "(2, 3, 4, 0, 1)": 0.38604166666666667, "(2, 3, 4, 1, 0)": 0.3515833333333333, "(2, 4, 0, 1, 3)": 0.27908333333333335, "(2, 4, 0, 3, 1)": 0.36562500000000003, "(2, 4, 1, 0, 3)": 0.389, "(2, 4, 1, 3, 0)": 0.3702083333333333, "(2, 4, 3, 0, 1)": 0.4078333333333333, "(2, 4, 3, 1, 0)": 0.40720833333333334, "(3, 0, 1, 2, 4)": 0.39225, "(3, 0, 1, 4, 2)": 0.3987083333333334, "(3, 0, 2, 1, 4)": 0.38045833333333334, "(3, 0, 2, 4, 1)": 0.38599999999999995, "(3, 0, 4, 1, 2)": 0.38291666666666674, "(3, 0, 4, 2, 1)": 0.37866666666666665, "(3, 1, 0, 2, 4)": 0.38083333333333336, "(3, 1, 0, 4, 2)": 0.3975416666666667, "(3, 1, 2, 0, 4)": 0.38987499999999997, "(3, 1, 2, 4, 0)": 0.3824583333333333, "(3, 1, 4, 0, 2)": 0.38633333333333325, "(3, 1, 4, 2, 0)": 0.38958333333333334, "(3, 2, 0, 1, 4)": 0.38729166666666665, "(3, 2, 0, 4, 1)": 0.2582083333333333, "(3, 2, 1, 0, 4)": 0.37837499999999996, "(3, 2, 1, 4, 0)": 0.3645, "(3, 2, 4, 0, 1)": 0.40325000000000005, "(3, 2, 4, 1, 0)": 0.3852500000000001, "(3, 4, 0, 1, 2)": 0.3781666666666667, "(3, 4, 0, 2, 1)": 0.3708333333333333, "(3, 4, 1, 0, 2)": 0.40537500000000004, "(3, 4, 1, 2, 0)": 0.371125, "(3, 4, 2, 0, 1)": 0.40679166666666666, "(3, 4, 2, 1, 0)": 0.374125, "(4, 0, 1, 2, 3)": 0.36916666666666664, "(4, 0, 1, 3, 2)": 0.3408333333333333, "(4, 0, 2, 1, 3)": 0.31504166666666666, "(4, 0, 2, 3, 1)": 0.3489166666666666, "(4, 0, 3, 1, 2)": 0.3895, "(4, 0, 3, 2, 1)": 0.33804166666666674, "(4, 1, 0, 2, 3)": 0.3555, "(4, 1, 0, 3, 2)": 0.3360833333333333, "(4, 1, 2, 0, 3)": 0.3622916666666667, "(4, 1, 2, 3, 0)": 0.3682916666666667, "(4, 1, 3, 0, 2)": 0.3737916666666667, "(4, 1, 3, 2, 0)": 0.35675000000000007, "(4, 2, 0, 1, 3)": 0.3409166666666667, "(4, 2, 0, 3, 1)": 0.3187916666666667, "(4, 2, 1, 0, 3)": 0.36570833333333336, "(4, 2, 1, 3, 0)": 0.2509166666666667, "(4, 2, 3, 0, 1)": 0.34712499999999996, "(4, 2, 3, 1, 0)": 0.36237499999999995, "(4, 3, 0, 1, 2)": 0.34441666666666676, "(4, 3, 0, 2, 1)": 0.3726666666666667, "(4, 3, 1, 0, 2)": 0.3728749999999999, "(4, 3, 1, 2, 0)": 0.24833333333333332, "(4, 3, 2, 0, 1)": 0.38766666666666666, "(4, 3, 2, 1, 0)": 0.3789583333333333}