{"(0, 1, 2, 3, 4)": [0.832, 0.758, 0.21866666666666668, 0.16866666666666666, 0.2313333333333333], "(0, 1, 2, 4, 3)": [0.8606666666666666, 0.7520000000000001, 0.23466666666666666, 0.3213333333333333, 0.15866666666666665], "(0, 1, 3, 2, 4)": [0.8593333333333333, 0.7446666666666667, 0.14066666666666666, 0.18400000000000002, 0.24466666666666667], "(0, 1, 3, 4, 2)": [0.8326666666666666, 0.754, 0.11, 0.15133333333333335, 0.23666666666666666], "(0, 1, 4, 2, 3)": [0.8633333333333333, 0.7573333333333334, 0.12266666666666666, 0.3193333333333333, 0.19600000000000004], "(0, 1, 4, 3, 2)": [0.8386666666666667, 0.7686666666666667, 0.08533333333333333, 0.22133333333333335, 0.18666666666666668], "(0, 2, 1, 3, 4)": [0.8513333333333333, 0.754, 0.24533333333333332, 0.14733333333333334, 0.29533333333333334], "(0, 2, 1, 4, 3)": [0.86, 0.746, 0.23533333333333337, 0.316, 0.17933333333333334], "(0, 2, 3, 1, 4)": [0.84, 0.7613333333333333, 0.20333333333333334, 0.168, 0.25666666666666665], "(0, 2, 3, 4, 1)": [0.88, 0.766, 0.16, 0.22799999999999998, 0.27266666666666667], "(0, 2, 4, 1, 3)": [0.8626666666666667, 0.7406666666666667, 0.2153333333333333, 0.30133333333333334, 0.16933333333333334], "(0, 2, 4, 3, 1)": [0.8906666666666667, 0.7853333333333333, 0.18999999999999997, 0.27266666666666667, 0.2293333333333333], "(0, 3, 1, 2, 4)": [0.86, 0.7406666666666667, 0.122, 0.166, 0.27266666666666667], "(0, 3, 1, 4, 2)": [0.8353333333333333, 0.7506666666666666, 0.09066666666666667, 0.18266666666666667, 0.22066666666666668], "(0, 3, 2, 1, 4)": [0.872, 0.758, 0.20666666666666667, 0.16266666666666665, 0.26533333333333337], "(0, 3, 2, 4, 1)": [0.9066666666666667, 0.7606666666666667, 0.14733333333333332, 0.22, 0.27466666666666667], "(0, 3, 4, 1, 2)": [0.8606666666666666, 0.774, 0.10066666666666667, 0.13266666666666665, 0.23666666666666666], "(0, 3, 4, 2, 1)": [0.8886666666666666, 0.7719999999999999, 0.12733333333333333, 0.24133333333333332, 0.25333333333333335], "(0, 4, 1, 2, 3)": [0.86, 0.7433333333333333, 0.14333333333333334, 0.302, 0.15666666666666665], "(0, 4, 1, 3, 2)": [0.8220000000000001, 0.7706666666666667, 0.07066666666666667, 0.23466666666666666, 0.16733333333333333], "(0, 4, 2, 1, 3)": [0.874, 0.7413333333333334, 0.14266666666666666, 0.292, 0.19066666666666665], "(0, 4, 2, 3, 1)": [0.8873333333333333, 0.7639999999999999, 0.1506666666666667, 0.3073333333333333, 0.20400000000000004], "(0, 4, 3, 1, 2)": [0.8546666666666667, 0.7786666666666667, 0.09200000000000001, 0.20733333333333334, 0.18333333333333335], "(0, 4, 3, 2, 1)": [0.878, 0.766, 0.13733333333333334, 0.25066666666666665, 0.2313333333333333], "(1, 0, 2, 3, 4)": [0.8633333333333333, 0.7513333333333333, 0.19533333333333336, 0.17200000000000001, 0.254], "(1, 0, 2, 4, 3)": [0.866, 0.7493333333333334, 0.13266666666666668, 0.3193333333333333, 0.20266666666666666], "(1, 0, 3, 2, 4)": [0.8746666666666667, 0.7760000000000001, 0.146, 0.15333333333333332, 0.28600000000000003], "(1, 0, 3, 4, 2)": [0.858, 0.7593333333333333, 0.10266666666666667, 0.14333333333333334, 0.20666666666666667], "(1, 0, 4, 2, 3)": [0.8753333333333333, 0.7633333333333333, 0.13066666666666668, 0.3033333333333333, 0.19133333333333336], "(1, 0, 4, 3, 2)": [0.828, 0.7566666666666667, 0.018000000000000002, 0.18400000000000002, 0.18066666666666667], "(1, 2, 0, 3, 4)": [0.8646666666666666, 0.7486666666666667, 0.25666666666666665, 0.12666666666666668, 0.31266666666666665], "(1, 2, 0, 4, 3)": [0.878, 0.7360000000000001, 0.27666666666666667, 0.3006666666666667, 0.1466666666666667], "(1, 2, 3, 0, 4)": [0.87, 0.7406666666666667, 0.22999999999999998, 0.14866666666666667, 0.266], "(1, 2, 3, 4, 0)": [0.916, 0.766, 0.30333333333333334, 0.212, 0.2773333333333334], "(1, 2, 4, 0, 3)": [0.876, 0.754, 0.23666666666666666, 0.3193333333333333, 0.16866666666666666], "(1, 2, 4, 3, 0)": [0.93, 0.7746666666666666, 0.26733333333333337, 0.294, 0.20866666666666667], "(1, 3, 0, 2, 4)": [0.8786666666666667, 0.7680000000000001, 0.1386666666666667, 0.12933333333333333, 0.26533333333333337], "(1, 3, 0, 4, 2)": [0.866, 0.7760000000000001, 0.09533333333333334, 0.12066666666666666, 0.214], "(1, 3, 2, 0, 4)": [0.882, 0.7766666666666667, 0.13733333333333334, 0.11466666666666668, 0.26333333333333336], "(1, 3, 2, 4, 0)": [0.924, 0.7726666666666667, 0.16, 0.16066666666666665, 0.2786666666666667], "(1, 3, 4, 0, 2)": [0.8753333333333333, 0.7846666666666667, 0.08666666666666667, 0.14533333333333334, 0.18733333333333335], "(1, 3, 4, 2, 0)": [0.9266666666666667, 0.7906666666666666, 0.1486666666666667, 0.20666666666666667, 0.24533333333333332], "(1, 4, 0, 2, 3)": [0.8726666666666666, 0.7646666666666667, 0.13466666666666668, 0.32866666666666666, 0.15333333333333335], "(1, 4, 0, 3, 2)": [0.8573333333333334, 0.7719999999999999, 0.032, 0.20466666666666666, 0.17], "(1, 4, 2, 0, 3)": [0.8466666666666667, 0.7853333333333333, 0.17133333333333334, 0.33, 0.13533333333333333], "(1, 4, 2, 3, 0)": [0.916, 0.7833333333333333, 0.19466666666666668, 0.296, 0.21333333333333335], "(1, 4, 3, 0, 2)": [0.8686666666666666, 0.7719999999999999, 0.09400000000000001, 0.18000000000000002, 0.16933333333333334], "(1, 4, 3, 2, 0)": [0.926, 0.7913333333333333, 0.1466666666666667, 0.27666666666666667, 0.236], "(2, 0, 1, 3, 4)": [0.8533333333333334, 0.7373333333333333, 0.3233333333333333, 0.12266666666666666, 0.2753333333333334], "(2, 0, 1, 4, 3)": [0.8866666666666667, 0.7566666666666667, 0.29600000000000004, 0.32066666666666666, 0.14533333333333334], "(2, 0, 3, 1, 4)": [0.8746666666666667, 0.7433333333333333, 0.314, 0.10466666666666667, 0.27666666666666667], "(2, 0, 3, 4, 1)": [0.8893333333333334, 0.7826666666666666, 0.314, 0.18733333333333335, 0.214], "(2, 0, 4, 1, 3)": [0.8633333333333333, 0.7613333333333333, 0.3153333333333333, 0.3286666666666667, 0.168], "(2, 0, 4, 3, 1)": [0.8753333333333333, 0.782, 0.3013333333333333, 0.24466666666666667, 0.2353333333333333], "(2, 1, 0, 3, 4)": [0.8773333333333334, 0.742, 0.302, 0.12466666666666666, 0.26933333333333337], "(2, 1, 0, 4, 3)": [0.876, 0.7566666666666667, 0.336, 0.318, 0.15333333333333335], "(2, 1, 3, 0, 4)": [0.8826666666666667, 0.73, 0.322, 0.11066666666666668, 0.27599999999999997], "(2, 1, 3, 4, 0)": [0.92, 0.7799999999999999, 0.34800000000000003, 0.18866666666666668, 0.26333333333333336], "(2, 1, 4, 0, 3)": [0.8706666666666667, 0.7413333333333334, 0.2986666666666667, 0.31666666666666665, 0.14133333333333334], "(2, 1, 4, 3, 0)": [0.9199999999999999, 0.7799999999999999, 0.34800000000000003, 0.26466666666666666, 0.22133333333333335], "(2, 3, 0, 1, 4)": [0.8653333333333334, 0.7633333333333333, 0.3233333333333333, 0.10466666666666664, 0.26466666666666666], "(2, 3, 0, 4, 1)": [0.878, 0.7593333333333333, 0.38066666666666665, 0.14266666666666666, 0.2753333333333334], "(2, 3, 1, 0, 4)": [0.8773333333333334, 0.7399999999999999, 0.3086666666666667, 0.12733333333333333, 0.28200000000000003], "(2, 3, 1, 4, 0)": [0.928, 0.7693333333333333, 0.33, 0.1486666666666667, 0.2826666666666667], "(2, 3, 4, 0, 1)": [0.8866666666666667, 0.778, 0.3106666666666667, 0.18600000000000003, 0.25466666666666665], "(2, 3, 4, 1, 0)": [0.9293333333333335, 0.782, 0.32466666666666666, 0.20666666666666667, 0.25866666666666666], "(2, 4, 0, 1, 3)": [0.8926666666666666, 0.754, 0.3006666666666667, 0.2993333333333333, 0.15733333333333335], "(2, 4, 0, 3, 1)": [0.8813333333333334, 0.7813333333333334, 0.3153333333333333, 0.30266666666666664, 0.17466666666666666], "(2, 4, 1, 0, 3)": [0.882, 0.762, 0.3173333333333333, 0.322, 0.14533333333333334], "(2, 4, 1, 3, 0)": [0.9233333333333333, 0.7760000000000001, 0.29133333333333333, 0.30866666666666664, 0.18733333333333335], "(2, 4, 3, 0, 1)": [0.89, 0.7639999999999999, 0.2913333333333334, 0.268, 0.22466666666666665], "(2, 4, 3, 1, 0)": [0.922, 0.7760000000000001, 0.31666666666666665, 0.2793333333333334, 0.218], "(3, 0, 1, 2, 4)": [0.8673333333333333, 0.7653333333333334, 0.12933333333333333, 0.10733333333333334, 0.3113333333333333],