{"(0, 1, 2, 3, 4)": [0.21966666666666668, 0.18699999999999997, 0.3835, 0.5436666666666667, 0.7338333333333334], "(0, 1, 2, 4, 3)": [0.36516666666666664, 0.13549999999999998, 0.20366666666666666, 0.7765, 0.5884999999999999], "(0, 1, 3, 2, 4)": [0.22083333333333333, 0.19483333333333333, 0.4716666666666667, 0.365, 0.7479999999999999], "(0, 1, 3, 4, 2)": [0.35200000000000004, 0.10099999999999999, 0.6485, 0.3463333333333333, 0.6306666666666666], "(0, 1, 4, 2, 3)": [0.37483333333333335, 0.09549999999999999, 0.3213333333333333, 0.7699999999999999, 0.5305], "(0, 1, 4, 3, 2)": [0.4041666666666666, 0.10983333333333334, 0.6056666666666667, 0.47433333333333333, 0.5126666666666667], "(0, 2, 1, 3, 4)": [0.2728333333333333, 0.258, 0.242, 0.5193333333333333, 0.7226666666666667], "(0, 2, 1, 4, 3)": [0.39766666666666667, 0.255, 0.1386666666666667, 0.7523333333333334, 0.5333333333333333], "(0, 2, 3, 1, 4)": [0.16266666666666665, 0.37316666666666665, 0.27849999999999997, 0.4613333333333333, 0.75], "(0, 2, 3, 4, 1)": [0.359, 0.5630000000000001, 0.14333333333333334, 0.34783333333333327, 0.5931666666666667], "(0, 2, 4, 1, 3)": [0.4051666666666667, 0.32949999999999996, 0.134, 0.7843333333333332, 0.45133333333333336], "(0, 2, 4, 3, 1)": [0.39266666666666666, 0.561, 0.14216666666666666, 0.46199999999999997, 0.5411666666666667], "(0, 3, 1, 2, 4)": [0.24583333333333335, 0.27166666666666667, 0.46950000000000003, 0.33899999999999997, 0.6945], "(0, 3, 1, 4, 2)": [0.31516666666666665, 0.17300000000000001, 0.6586666666666666, 0.29283333333333333, 0.5998333333333333], "(0, 3, 2, 1, 4)": [0.259, 0.37233333333333335, 0.27616666666666667, 0.4160000000000001, 0.722], "(0, 3, 2, 4, 1)": [0.3645, 0.5683333333333334, 0.19066666666666668, 0.2896666666666667, 0.5676666666666667], "(0, 3, 4, 1, 2)": [0.34299999999999997, 0.2738333333333334, 0.6408333333333334, 0.2565, 0.4951666666666667], "(0, 3, 4, 2, 1)": [0.3373333333333333, 0.5428333333333333, 0.36516666666666664, 0.294, 0.4923333333333333], "(0, 4, 1, 2, 3)": [0.4056666666666667, 0.1855, 0.3086666666666667, 0.7676666666666666, 0.4566666666666667], "(0, 4, 1, 3, 2)": [0.39166666666666666, 0.1695, 0.6028333333333333, 0.4393333333333333, 0.45416666666666666], "(0, 4, 2, 1, 3)": [0.40700000000000003, 0.3296666666666666, 0.18200000000000002, 0.7443333333333334, 0.418], "(0, 4, 2, 3, 1)": [0.37316666666666665, 0.5368333333333334, 0.15733333333333333, 0.4955, 0.5146666666666667], "(0, 4, 3, 1, 2)": [0.3835, 0.3056666666666667, 0.6366666666666667, 0.26416666666666666, 0.49416666666666664], "(0, 4, 3, 2, 1)": [0.3481666666666667, 0.5426666666666667, 0.32516666666666666, 0.3066666666666667, 0.4726666666666666], "(1, 0, 2, 3, 4)": [0.24833333333333332, 0.14733333333333332, 0.33, 0.5365000000000001, 0.7246666666666667], "(1, 0, 2, 4, 3)": [0.35233333333333333, 0.1045, 0.23033333333333336, 0.7846666666666667, 0.5451666666666667], "(1, 0, 3, 2, 4)": [0.22133333333333335, 0.11733333333333333, 0.5201666666666667, 0.4423333333333333, 0.738], "(1, 0, 3, 4, 2)": [0.35250000000000004, 0.09466666666666668, 0.6346666666666666, 0.32516666666666666, 0.5753333333333334], "(1, 0, 4, 2, 3)": [0.39316666666666666, 0.11483333333333334, 0.33066666666666666, 0.7680000000000001, 0.4945], "(1, 0, 4, 3, 2)": [0.413, 0.09583333333333333, 0.6246666666666666, 0.4748333333333334, 0.509], "(1, 2, 0, 3, 4)": [0.30733333333333335, 0.18483333333333332, 0.22616666666666665, 0.5800000000000001, 0.7006666666666667], "(1, 2, 0, 4, 3)": [0.3443333333333333, 0.13316666666666668, 0.18833333333333332, 0.6403333333333333, 0.538], "(1, 2, 3, 0, 4)": [0.3625, 0.23399999999999999, 0.29316666666666663, 0.4135, 0.6476666666666667], "(1, 2, 3, 4, 0)": [0.7198333333333333, 0.16966666666666666, 0.2715, 0.48899999999999993, 0.3973333333333333], "(1, 2, 4, 0, 3)": [0.5096666666666667, 0.13316666666666668, 0.20933333333333334, 0.767, 0.387], "(1, 2, 4, 3, 0)": [0.7606666666666667, 0.17233333333333334, 0.27666666666666667, 0.5316666666666666, 0.21150000000000002], "(1, 3, 0, 2, 4)": [0.25666666666666665, 0.14533333333333334, 0.4691666666666667, 0.36683333333333334, 0.7248333333333333], "(1, 3, 0, 4, 2)": [0.3996666666666666, 0.09216666666666666, 0.628, 0.31116666666666665, 0.5833333333333334], "(1, 3, 2, 0, 4)": [0.39399999999999996, 0.17200000000000001, 0.3546666666666667, 0.41033333333333327, 0.7206666666666667], "(1, 3, 2, 4, 0)": [0.7606666666666667, 0.17233333333333334, 0.3538333333333334, 0.3925, 0.29416666666666663], "(1, 3, 4, 0, 2)": [0.5561666666666667, 0.132, 0.577, 0.29383333333333334, 0.40750000000000003], "(1, 3, 4, 2, 0)": [0.7498333333333332, 0.09783333333333333, 0.47283333333333327, 0.345, 0.2995], "(1, 4, 0, 2, 3)": [0.5265, 0.10149999999999999, 0.3416666666666666, 0.7411666666666666, 0.36316666666666664], "(1, 4, 0, 3, 2)": [0.5123333333333333, 0.07683333333333332, 0.6265, 0.465, 0.38866666666666666], "(1, 4, 2, 0, 3)": [0.5745, 0.10100000000000002, 0.289, 0.7334999999999999, 0.30216666666666664], "(1, 4, 2, 3, 0)": [0.7815, 0.1505, 0.288, 0.5776666666666667, 0.21433333333333335], "(1, 4, 3, 0, 2)": [0.6368333333333333, 0.074, 0.631, 0.38666666666666666, 0.35316666666666663], "(1, 4, 3, 2, 0)": [0.7923333333333332, 0.11916666666666666, 0.48016666666666663, 0.3938333333333333, 0.23416666666666663], "(2, 0, 1, 3, 4)": [0.2221666666666667, 0.26316666666666666, 0.24533333333333332, 0.5446666666666666, 0.7121666666666666], "(2, 0, 1, 4, 3)": [0.35700000000000004, 0.20966666666666667, 0.12483333333333335, 0.7736666666666666, 0.5695], "(2, 0, 3, 1, 4)": [0.24483333333333335, 0.4091666666666667, 0.19666666666666666, 0.4155, 0.7411666666666666], "(2, 0, 3, 4, 1)": [0.307, 0.5576666666666666, 0.14483333333333334, 0.36966666666666664, 0.6035], "(2, 0, 4, 1, 3)": [0.38566666666666666, 0.30350000000000005, 0.16133333333333333, 0.7326666666666667, 0.45933333333333337], "(2, 0, 4, 3, 1)": [0.4366666666666667, 0.5636666666666668, 0.08850000000000001, 0.5126666666666667, 0.5101666666666667], "(2, 1, 0, 3, 4)": [0.2728333333333333, 0.26533333333333337, 0.2525, 0.5296666666666666, 0.7278333333333333], "(2, 1, 0, 4, 3)": [0.3861666666666667, 0.19433333333333333, 0.13166666666666668, 0.7648333333333334, 0.5015000000000001], "(2, 1, 3, 0, 4)": [0.4195, 0.23933333333333331, 0.24283333333333332, 0.4811666666666666, 0.6931666666666666], "(2, 1, 3, 4, 0)": [0.8201666666666666, 0.23316666666666666, 0.1955, 0.40700000000000003, 0.272], "(2, 1, 4, 0, 3)": [0.5745, 0.19433333333333336, 0.17899999999999996, 0.7611666666666667, 0.3916666666666666], "(2, 1, 4, 3, 0)": [0.7916666666666666, 0.206, 0.20933333333333334, 0.5298333333333333, 0.18983333333333333], "(2, 3, 0, 1, 4)": [0.29516666666666663, 0.437, 0.21166666666666667, 0.3801666666666667, 0.7571666666666667], "(2, 3, 0, 4, 1)": [0.36850000000000005, 0.5275, 0.17600000000000002, 0.313, 0.5619999999999999], "(2, 3, 1, 0, 4)": [0.3196666666666666, 0.2916666666666667, 0.24783333333333335, 0.37333333333333335, 0.7494999999999999], "(2, 3, 1, 4, 0)": [0.775, 0.30083333333333334, 0.27516666666666667, 0.40116666666666667, 0.27166666666666667], "(2, 3, 4, 0, 1)": [0.5785, 0.5405000000000001, 0.14783333333333334, 0.3515, 0.39399999999999996], "(2, 3, 4, 1, 0)": [0.7941666666666668, 0.4051666666666667, 0.1751666666666667, 0.2748333333333333, 0.22566666666666668], "(2, 4, 0, 1, 3)": [0.5041666666666667, 0.30233333333333334, 0.10416666666666667, 0.7559999999999999, 0.38599999999999995], "(2, 4, 0, 3, 1)": [0.49799999999999994, 0.5351666666666666, 0.14300000000000002, 0.5135, 0.3808333333333333], "(2, 4, 1, 0, 3)": [0.5198333333333333, 0.24966666666666668, 0.13349999999999998, 0.7679999999999999, 0.3486666666666667], "(2, 4, 1, 3, 0)": [0.7193333333333333, 0.24566666666666667, 0.23633333333333337, 0.5533333333333332, 0.2125], "(2, 4, 3, 0, 1)": [0.5781666666666667, 0.5358333333333333, 0.1145, 0.36666666666666664, 0.331], "(2, 4, 3, 1, 0)": [0.7839999999999999, 0.426, 0.16849999999999998, 0.4083333333333334, 0.2091666666666667],