{"(0, 1, 2, 3, 4)": 0.0034505434354605673, "(0, 1, 2, 4, 3)": 0.0013268069440075271, "(0, 1, 3, 2, 4)": 0.005422112646889129, "(0, 1, 3, 4, 2)": 0.002894559072159703, "(0, 1, 4, 2, 3)": 0.0017598926734953139, "(0, 1, 4, 3, 2)": 0.0028080984075823587, "(0, 2, 1, 3, 4)": 0.0030109752941899397, "(0, 2, 1, 4, 3)": 0.0029533408577781836, "(0, 2, 3, 1, 4)": 0.007094843589224163, "(0, 2, 3, 4, 1)": 0.00785480214051672, "(0, 2, 4, 1, 3)": 0.003666193151243192, "(0, 2, 4, 3, 1)": 0.0036414855027401675, "(0, 3, 1, 2, 4)": 0.005059026586212026, "(0, 3, 1, 4, 2)": 0.004630439743936052, "(0, 3, 2, 1, 4)": 0.007388758353065817, "(0, 3, 2, 4, 1)": 0.0017569307201923253, "(0, 3, 4, 1, 2)": 0.005884301147969913, "(0, 3, 4, 2, 1)": 0.003221563630012891, "(0, 4, 1, 2, 3)": 0.0019157606554288207, "(0, 4, 1, 3, 2)": 0.004420595736624924, "(0, 4, 2, 1, 3)": 0.006128258770283373, "(0, 4, 2, 3, 1)": 0.0055427630494386615, "(0, 4, 3, 1, 2)": 0.0034776069358108852, "(0, 4, 3, 2, 1)": 0.002123774156229111, "(1, 0, 2, 3, 4)": 0.00443275372150946, "(1, 0, 2, 4, 3)": 0.001986936502927723, "(1, 0, 3, 2, 4)": 0.0031496251981606802, "(1, 0, 3, 4, 2)": 0.0023146574020551755, "(1, 0, 4, 2, 3)": 0.002751893287659753, "(1, 0, 4, 3, 2)": 0.0034915572775227376, "(1, 2, 0, 3, 4)": 0.005158259288644657, "(1, 2, 0, 4, 3)": 0.0023325891670463676, "(1, 2, 3, 0, 4)": 0.002616056192057053, "(1, 2, 3, 4, 0)": 0.0030453744524369004, "(1, 2, 4, 0, 3)": 0.005877511283603722, "(1, 2, 4, 3, 0)": 0.0030430932727516496, "(1, 3, 0, 2, 4)": 0.004390251195040617, "(1, 3, 0, 4, 2)": 0.0025685058345703998, "(1, 3, 2, 0, 4)": 0.005307554887977037, "(1, 3, 2, 4, 0)": 0.007433267936932028, "(1, 3, 4, 0, 2)": 0.005633173074643529, "(1, 3, 4, 2, 0)": 0.003881490979278765, "(1, 4, 0, 2, 3)": 0.005774705379690138, "(1, 4, 0, 3, 2)": 0.012339103379995742, "(1, 4, 2, 0, 3)": 0.003929500250950821, "(1, 4, 2, 3, 0)": 0.002199273870066088, "(1, 4, 3, 0, 2)": 0.004659592852981478, "(1, 4, 3, 2, 0)": 0.004254083006033393, "(2, 0, 1, 3, 4)": 0.004646907573860273, "(2, 0, 1, 4, 3)": 0.004942727542112293, "(2, 0, 3, 1, 4)": 0.0035857549956583514, "(2, 0, 3, 4, 1)": 0.006194755846681879, "(2, 0, 4, 1, 3)": 0.003792811182575085, "(2, 0, 4, 3, 1)": 0.004576130704232772, "(2, 1, 0, 3, 4)": 0.004648401756398527, "(2, 1, 0, 4, 3)": 0.0024501984046648366, "(2, 1, 3, 0, 4)": 0.0015822364621706575, "(2, 1, 3, 4, 0)": 0.004258569791217089, "(2, 1, 4, 0, 3)": 0.006989823952639209, "(2, 1, 4, 3, 0)": 0.002682893338667544, "(2, 3, 0, 1, 4)": 0.0030282237184344036, "(2, 3, 0, 4, 1)": 0.0040671447806375, "(2, 3, 1, 0, 4)": 0.006673954350058609, "(2, 3, 1, 4, 0)": 0.011431559629182542, "(2, 3, 4, 0, 1)": 0.00804242224429652, "(2, 3, 4, 1, 0)": 0.0017979540841992821, "(2, 4, 0, 1, 3)": 0.0030299431604495835, "(2, 4, 0, 3, 1)": 0.002778888666755531, "(2, 4, 1, 0, 3)": 0.004036723781594248, "(2, 4, 1, 3, 0)": 0.001792151097300466, "(2, 4, 3, 0, 1)": 0.007682049784327695, "(2, 4, 3, 1, 0)": 0.003901121633581823, "(3, 0, 1, 2, 4)": 0.009503471587910558, "(3, 0, 1, 4, 2)": 0.00704252953293224, "(3, 0, 2, 1, 4)": 0.0014337208778404647, "(3, 0, 2, 4, 1)": 0.002889155970559948, "(3, 0, 4, 1, 2)": 0.003853209340565611, "(3, 0, 4, 2, 1)": 0.0025083194905487502, "(3, 1, 0, 2, 4)": 0.003910456068883299, "(3, 1, 0, 4, 2)": 0.0019534513616218984, "(3, 1, 2, 0, 4)": 0.0019320038532282824, "(3, 1, 2, 4, 0)": 0.0014300835251441718, "(3, 1, 4, 0, 2)": 0.007943157432658603, "(3, 1, 4, 2, 0)": 0.005356395450507975, "(3, 2, 0, 1, 4)": 0.003776296686790748, "(3, 2, 0, 4, 1)": 0.0011592023119369231, "(3, 2, 1, 0, 4)": 0.007671194315243391, "(3, 2, 1, 4, 0)": 0.0036305034851320094, "(3, 2, 4, 0, 1)": 0.003977802994954201, "(3, 2, 4, 1, 0)": 0.004439797918324193, "(3, 4, 0, 1, 2)": 0.002010389680302474, "(3, 4, 0, 2, 1)": 0.0018993785533402503, "(3, 4, 1, 0, 2)": 0.01081874017105912, "(3, 4, 1, 2, 0)": 0.002634572493256213, "(3, 4, 2, 0, 1)": 0.0018323861189413302, "(3, 4, 2, 1, 0)": 0.0029124970195502364, "(4, 0, 1, 2, 3)": 0.002693227101865338, "(4, 0, 1, 3, 2)": 0.004656238348232983, "(4, 0, 2, 1, 3)": 0.002980841603753259, "(4, 0, 2, 3, 1)": 0.0043208956118945185, "(4, 0, 3, 1, 2)": 0.0007144345083117592, "(4, 0, 3, 2, 1)": 0.009014648572678172, "(4, 1, 0, 2, 3)": 0.00546326113436124, "(4, 1, 0, 3, 2)": 0.004588633299312017, "(4, 1, 2, 0, 3)": 0.002117224335985391, "(4, 1, 2, 3, 0)": 0.0023782871988050585, "(4, 1, 3, 0, 2)": 0.008208862081108863, "(4, 1, 3, 2, 0)": 0.0014300835251442085, "(4, 2, 0, 1, 3)": 0.005436502143433357, "(4, 2, 0, 3, 1)": 0.0050459692384670326, "(4, 2, 1, 0, 3)": 0.006964443425157694, "(4, 2, 1, 3, 0)": 0.0035138614403846767, "(4, 2, 3, 0, 1)": 0.0008186201126828563, "(4, 2, 3, 1, 0)": 0.0015623611049377462, "(4, 3, 0, 1, 2)": 0.0037863974376120485, "(4, 3, 0, 2, 1)": 0.004848754135514297, "(4, 3, 1, 0, 2)": 0.006752571526627677, "(4, 3, 1, 2, 0)": 0.003589626257239985, "(4, 3, 2, 0, 1)": 0.006270244989011426, "(4, 3, 2, 1, 0)": 0.0055427630494386225}