{"(0, 1, 2, 3, 4)": 0.23850000000000002, "(0, 1, 2, 4, 3)": 0.22316666666666665, "(0, 1, 3, 2, 4)": 0.27066666666666667, "(0, 1, 3, 4, 2)": 0.18250000000000002, "(0, 1, 4, 2, 3)": 0.217, "(0, 1, 4, 3, 2)": 0.20750000000000002, "(0, 2, 1, 3, 4)": 0.16566666666666666, "(0, 2, 1, 4, 3)": 0.18133333333333335, "(0, 2, 3, 1, 4)": 0.14483333333333334, "(0, 2, 3, 4, 1)": 0.1546666666666667, "(0, 2, 4, 1, 3)": 0.17033333333333334, "(0, 2, 4, 3, 1)": 0.16283333333333333, "(0, 3, 1, 2, 4)": 0.16233333333333333, "(0, 3, 1, 4, 2)": 0.1501666666666667, "(0, 3, 2, 1, 4)": 0.12783333333333335, "(0, 3, 2, 4, 1)": 0.13083333333333333, "(0, 3, 4, 1, 2)": 0.13933333333333336, "(0, 3, 4, 2, 1)": 0.1536666666666667, "(0, 4, 1, 2, 3)": 0.1655, "(0, 4, 1, 3, 2)": 0.13516666666666668, "(0, 4, 2, 1, 3)": 0.16716666666666669, "(0, 4, 2, 3, 1)": 0.14233333333333334, "(0, 4, 3, 1, 2)": 0.1393333333333334, "(0, 4, 3, 2, 1)": 0.1505, "(1, 0, 2, 3, 4)": 0.2645, "(1, 0, 2, 4, 3)": 0.2733333333333334, "(1, 0, 3, 2, 4)": 0.30000000000000004, "(1, 0, 3, 4, 2)": 0.3575, "(1, 0, 4, 2, 3)": 0.3026666666666667, "(1, 0, 4, 3, 2)": 0.32883333333333337, "(1, 2, 0, 3, 4)": 0.1701666666666667, "(1, 2, 0, 4, 3)": 0.15633333333333335, "(1, 2, 3, 0, 4)": 0.13933333333333334, "(1, 2, 3, 4, 0)": 0.13683333333333333, "(1, 2, 4, 0, 3)": 0.12816666666666668, "(1, 2, 4, 3, 0)": 0.1381666666666667, "(1, 3, 0, 2, 4)": 0.26666666666666666, "(1, 3, 0, 4, 2)": 0.2041666666666667, "(1, 3, 2, 0, 4)": 0.17533333333333337, "(1, 3, 2, 4, 0)": 0.161, "(1, 3, 4, 0, 2)": 0.1606666666666667, "(1, 3, 4, 2, 0)": 0.17300000000000001, "(1, 4, 0, 2, 3)": 0.2655, "(1, 4, 0, 3, 2)": 0.25533333333333336, "(1, 4, 2, 0, 3)": 0.16083333333333336, "(1, 4, 2, 3, 0)": 0.12050000000000001, "(1, 4, 3, 0, 2)": 0.1665, "(1, 4, 3, 2, 0)": 0.15116666666666667, "(2, 0, 1, 3, 4)": 0.4023333333333334, "(2, 0, 1, 4, 3)": 0.3735, "(2, 0, 3, 1, 4)": 0.4088333333333334, "(2, 0, 3, 4, 1)": 0.2781666666666667, "(2, 0, 4, 1, 3)": 0.39716666666666667, "(2, 0, 4, 3, 1)": 0.26866666666666666, "(2, 1, 0, 3, 4)": 0.40066666666666667, "(2, 1, 0, 4, 3)": 0.36300000000000004, "(2, 1, 3, 0, 4)": 0.4038333333333333, "(2, 1, 3, 4, 0)": 0.23950000000000002, "(2, 1, 4, 0, 3)": 0.3955, "(2, 1, 4, 3, 0)": 0.24333333333333332, "(2, 3, 0, 1, 4)": 0.41816666666666663, "(2, 3, 0, 4, 1)": 0.27, "(2, 3, 1, 0, 4)": 0.40650000000000003, "(2, 3, 1, 4, 0)": 0.2678333333333333, "(2, 3, 4, 0, 1)": 0.2851666666666666, "(2, 3, 4, 1, 0)": 0.24433333333333337, "(2, 4, 0, 1, 3)": 0.38999999999999996, "(2, 4, 0, 3, 1)": 0.28150000000000003, "(2, 4, 1, 0, 3)": 0.39833333333333343, "(2, 4, 1, 3, 0)": 0.2571666666666667, "(2, 4, 3, 0, 1)": 0.2816666666666667, "(2, 4, 3, 1, 0)": 0.23516666666666666, "(3, 0, 1, 2, 4)": 0.4661666666666667, "(3, 0, 1, 4, 2)": 0.42183333333333334, "(3, 0, 2, 1, 4)": 0.3045, "(3, 0, 2, 4, 1)": 0.2775, "(3, 0, 4, 1, 2)": 0.30283333333333334, "(3, 0, 4, 2, 1)": 0.24933333333333332, "(3, 1, 0, 2, 4)": 0.4073333333333333, "(3, 1, 0, 4, 2)": 0.4546666666666666, "(3, 1, 2, 0, 4)": 0.29350000000000004, "(3, 1, 2, 4, 0)": 0.25816666666666666, "(3, 1, 4, 0, 2)": 0.2796666666666667, "(3, 1, 4, 2, 0)": 0.22816666666666666, "(3, 2, 0, 1, 4)": 0.1965, "(3, 2, 0, 4, 1)": 0.1815, "(3, 2, 1, 0, 4)": 0.25533333333333336, "(3, 2, 1, 4, 0)": 0.17733333333333334, "(3, 2, 4, 0, 1)": 0.204, "(3, 2, 4, 1, 0)": 0.20466666666666666, "(3, 4, 0, 1, 2)": 0.33916666666666667, "(3, 4, 0, 2, 1)": 0.22366666666666668, "(3, 4, 1, 0, 2)": 0.2845, "(3, 4, 1, 2, 0)": 0.24250000000000002, "(3, 4, 2, 0, 1)": 0.19216666666666668, "(3, 4, 2, 1, 0)": 0.17783333333333332, "(4, 0, 1, 2, 3)": 0.42783333333333334, "(4, 0, 1, 3, 2)": 0.43183333333333335, "(4, 0, 2, 1, 3)": 0.35800000000000004, "(4, 0, 2, 3, 1)": 0.27716666666666673, "(4, 0, 3, 1, 2)": 0.2918333333333334, "(4, 0, 3, 2, 1)": 0.28583333333333333, "(4, 1, 0, 2, 3)": 0.4451666666666667, "(4, 1, 0, 3, 2)": 0.38633333333333325, "(4, 1, 2, 0, 3)": 0.324, "(4, 1, 2, 3, 0)": 0.258, "(4, 1, 3, 0, 2)": 0.2521666666666667, "(4, 1, 3, 2, 0)": 0.26233333333333336, "(4, 2, 0, 1, 3)": 0.207, "(4, 2, 0, 3, 1)": 0.16433333333333336, "(4, 2, 1, 0, 3)": 0.29150000000000004, "(4, 2, 1, 3, 0)": 0.19266666666666668, "(4, 2, 3, 0, 1)": 0.22466666666666668, "(4, 2, 3, 1, 0)": 0.2753333333333333, "(4, 3, 0, 1, 2)": 0.26933333333333337, "(4, 3, 0, 2, 1)": 0.2685, "(4, 3, 1, 0, 2)": 0.24083333333333332, "(4, 3, 1, 2, 0)": 0.24483333333333332, "(4, 3, 2, 0, 1)": 0.15133333333333335, "(4, 3, 2, 1, 0)": 0.18699999999999997}