{"(0, 1, 2, 3, 4)": 0.4483333333333333, "(0, 1, 2, 4, 3)": 0.45375000000000004, "(0, 1, 3, 2, 4)": 0.4407916666666667, "(0, 1, 3, 4, 2)": 0.4402916666666667, "(0, 1, 4, 2, 3)": 0.4495, "(0, 1, 4, 3, 2)": 0.4622916666666666, "(0, 2, 1, 3, 4)": 0.488, "(0, 2, 1, 4, 3)": 0.5027916666666666, "(0, 2, 3, 1, 4)": 0.464375, "(0, 2, 3, 4, 1)": 0.5531666666666667, "(0, 2, 4, 1, 3)": 0.5240833333333333, "(0, 2, 4, 3, 1)": 0.5285416666666668, "(0, 3, 1, 2, 4)": 0.45529166666666665, "(0, 3, 1, 4, 2)": 0.48054166666666664, "(0, 3, 2, 1, 4)": 0.45008333333333334, "(0, 3, 2, 4, 1)": 0.46799999999999997, "(0, 3, 4, 1, 2)": 0.5027916666666666, "(0, 3, 4, 2, 1)": 0.5062083333333333, "(0, 4, 1, 2, 3)": 0.5125833333333333, "(0, 4, 1, 3, 2)": 0.5008333333333334, "(0, 4, 2, 1, 3)": 0.4682916666666667, "(0, 4, 2, 3, 1)": 0.538875, "(0, 4, 3, 1, 2)": 0.515875, "(0, 4, 3, 2, 1)": 0.5180416666666666, "(1, 0, 2, 3, 4)": 0.4054166666666667, "(1, 0, 2, 4, 3)": 0.35566666666666663, "(1, 0, 3, 2, 4)": 0.35883333333333334, "(1, 0, 3, 4, 2)": 0.4010416666666666, "(1, 0, 4, 2, 3)": 0.32741666666666663, "(1, 0, 4, 3, 2)": 0.42004166666666665, "(1, 2, 0, 3, 4)": 0.3880416666666667, "(1, 2, 0, 4, 3)": 0.3594166666666667, "(1, 2, 3, 0, 4)": 0.35908333333333325, "(1, 2, 3, 4, 0)": 0.33008333333333334, "(1, 2, 4, 0, 3)": 0.35733333333333334, "(1, 2, 4, 3, 0)": 0.3165833333333333, "(1, 3, 0, 2, 4)": 0.393, "(1, 3, 0, 4, 2)": 0.4101666666666666, "(1, 3, 2, 0, 4)": 0.390125, "(1, 3, 2, 4, 0)": 0.3845416666666666, "(1, 3, 4, 0, 2)": 0.3287083333333333, "(1, 3, 4, 2, 0)": 0.32375, "(1, 4, 0, 2, 3)": 0.39275, "(1, 4, 0, 3, 2)": 0.37525000000000003, "(1, 4, 2, 0, 3)": 0.416125, "(1, 4, 2, 3, 0)": 0.40754166666666664, "(1, 4, 3, 0, 2)": 0.4008749999999999, "(1, 4, 3, 2, 0)": 0.41016666666666673, "(2, 0, 1, 3, 4)": 0.5035, "(2, 0, 1, 4, 3)": 0.5090416666666666, "(2, 0, 3, 1, 4)": 0.47970833333333335, "(2, 0, 3, 4, 1)": 0.5150833333333332, "(2, 0, 4, 1, 3)": 0.491625, "(2, 0, 4, 3, 1)": 0.5085000000000001, "(2, 1, 0, 3, 4)": 0.4553749999999999, "(2, 1, 0, 4, 3)": 0.45616666666666666, "(2, 1, 3, 0, 4)": 0.44525, "(2, 1, 3, 4, 0)": 0.46845833333333337, "(2, 1, 4, 0, 3)": 0.47933333333333333, "(2, 1, 4, 3, 0)": 0.3939166666666667, "(2, 3, 0, 1, 4)": 0.3825416666666667, "(2, 3, 0, 4, 1)": 0.4995416666666667, "(2, 3, 1, 0, 4)": 0.43170833333333336, "(2, 3, 1, 4, 0)": 0.41804166666666664, "(2, 3, 4, 0, 1)": 0.4500416666666667, "(2, 3, 4, 1, 0)": 0.3784583333333333, "(2, 4, 0, 1, 3)": 0.4322916666666667, "(2, 4, 0, 3, 1)": 0.4633333333333333, "(2, 4, 1, 0, 3)": 0.424375, "(2, 4, 1, 3, 0)": 0.46349999999999997, "(2, 4, 3, 0, 1)": 0.416, "(2, 4, 3, 1, 0)": 0.44575000000000004, "(3, 0, 1, 2, 4)": 0.40625, "(3, 0, 1, 4, 2)": 0.38729166666666665, "(3, 0, 2, 1, 4)": 0.3789166666666666, "(3, 0, 2, 4, 1)": 0.412, "(3, 0, 4, 1, 2)": 0.41245833333333337, "(3, 0, 4, 2, 1)": 0.36516666666666664, "(3, 1, 0, 2, 4)": 0.39875, "(3, 1, 0, 4, 2)": 0.384625, "(3, 1, 2, 0, 4)": 0.35308333333333336, "(3, 1, 2, 4, 0)": 0.34008333333333335, "(3, 1, 4, 0, 2)": 0.4047083333333333, "(3, 1, 4, 2, 0)": 0.3555, "(3, 2, 0, 1, 4)": 0.40008333333333335, "(3, 2, 0, 4, 1)": 0.4037916666666666, "(3, 2, 1, 0, 4)": 0.355625, "(3, 2, 1, 4, 0)": 0.3124166666666667, "(3, 2, 4, 0, 1)": 0.3853333333333333, "(3, 2, 4, 1, 0)": 0.31533333333333335, "(3, 4, 0, 1, 2)": 0.36133333333333334, "(3, 4, 0, 2, 1)": 0.36641666666666667, "(3, 4, 1, 0, 2)": 0.3115833333333334, "(3, 4, 1, 2, 0)": 0.31875, "(3, 4, 2, 0, 1)": 0.39066666666666666, "(3, 4, 2, 1, 0)": 0.4040416666666667, "(4, 0, 1, 2, 3)": 0.4025833333333333, "(4, 0, 1, 3, 2)": 0.4214583333333333, "(4, 0, 2, 1, 3)": 0.37845833333333334, "(4, 0, 2, 3, 1)": 0.4776666666666667, "(4, 0, 3, 1, 2)": 0.405375, "(4, 0, 3, 2, 1)": 0.504625, "(4, 1, 0, 2, 3)": 0.37458333333333327, "(4, 1, 0, 3, 2)": 0.44408333333333333, "(4, 1, 2, 0, 3)": 0.3918333333333333, "(4, 1, 2, 3, 0)": 0.3464583333333333, "(4, 1, 3, 0, 2)": 0.36637500000000006, "(4, 1, 3, 2, 0)": 0.3532916666666666, "(4, 2, 0, 1, 3)": 0.4773333333333334, "(4, 2, 0, 3, 1)": 0.46141666666666664, "(4, 2, 1, 0, 3)": 0.4418333333333333, "(4, 2, 1, 3, 0)": 0.410625, "(4, 2, 3, 0, 1)": 0.42770833333333336, "(4, 2, 3, 1, 0)": 0.38525000000000004, "(4, 3, 0, 1, 2)": 0.3560833333333333, "(4, 3, 0, 2, 1)": 0.39045833333333335, "(4, 3, 1, 0, 2)": 0.39366666666666666, "(4, 3, 1, 2, 0)": 0.33545833333333336, "(4, 3, 2, 0, 1)": 0.4505416666666666, "(4, 3, 2, 1, 0)": 0.41387500000000005}