{"(0, 1, 2, 3, 4)": 0.1765, "(0, 1, 2, 4, 3)": 0.18300000000000002, "(0, 1, 3, 2, 4)": 0.17746666666666666, "(0, 1, 3, 4, 2)": 0.16876666666666665, "(0, 1, 4, 2, 3)": 0.18406666666666668, "(0, 1, 4, 3, 2)": 0.16943333333333332, "(0, 2, 1, 3, 4)": 0.17436666666666667, "(0, 2, 1, 4, 3)": 0.18416666666666667, "(0, 2, 3, 1, 4)": 0.1764, "(0, 2, 3, 4, 1)": 0.17936666666666667, "(0, 2, 4, 1, 3)": 0.18300000000000002, "(0, 2, 4, 3, 1)": 0.17986666666666665, "(0, 3, 1, 2, 4)": 0.17653333333333335, "(0, 3, 1, 4, 2)": 0.1685, "(0, 3, 2, 1, 4)": 0.17489999999999997, "(0, 3, 2, 4, 1)": 0.17946666666666666, "(0, 3, 4, 1, 2)": 0.16546666666666668, "(0, 3, 4, 2, 1)": 0.1807, "(0, 4, 1, 2, 3)": 0.18369999999999997, "(0, 4, 1, 3, 2)": 0.16736666666666666, "(0, 4, 2, 1, 3)": 0.18309999999999996, "(0, 4, 2, 3, 1)": 0.1811, "(0, 4, 3, 1, 2)": 0.16753333333333334, "(0, 4, 3, 2, 1)": 0.17966666666666664, "(1, 0, 2, 3, 4)": 0.17403333333333335, "(1, 0, 2, 4, 3)": 0.18166666666666667, "(1, 0, 3, 2, 4)": 0.17600000000000002, "(1, 0, 3, 4, 2)": 0.16879999999999998, "(1, 0, 4, 2, 3)": 0.18253333333333333, "(1, 0, 4, 3, 2)": 0.16736666666666666, "(1, 2, 0, 3, 4)": 0.17693333333333336, "(1, 2, 0, 4, 3)": 0.1838, "(1, 2, 3, 0, 4)": 0.17666666666666664, "(1, 2, 3, 4, 0)": 0.15886666666666668, "(1, 2, 4, 0, 3)": 0.18500000000000003, "(1, 2, 4, 3, 0)": 0.15786666666666668, "(1, 3, 0, 2, 4)": 0.17546666666666666, "(1, 3, 0, 4, 2)": 0.16823333333333335, "(1, 3, 2, 0, 4)": 0.17629999999999998, "(1, 3, 2, 4, 0)": 0.15919999999999998, "(1, 3, 4, 0, 2)": 0.16843333333333332, "(1, 3, 4, 2, 0)": 0.1569, "(1, 4, 0, 2, 3)": 0.18423333333333333, "(1, 4, 0, 3, 2)": 0.16866666666666666, "(1, 4, 2, 0, 3)": 0.18330000000000002, "(1, 4, 2, 3, 0)": 0.15990000000000001, "(1, 4, 3, 0, 2)": 0.16996666666666668, "(1, 4, 3, 2, 0)": 0.1601, "(2, 0, 1, 3, 4)": 0.17679999999999998, "(2, 0, 1, 4, 3)": 0.1826, "(2, 0, 3, 1, 4)": 0.17543333333333333, "(2, 0, 3, 4, 1)": 0.1803, "(2, 0, 4, 1, 3)": 0.18156666666666665, "(2, 0, 4, 3, 1)": 0.18100000000000002, "(2, 1, 0, 3, 4)": 0.17723333333333335, "(2, 1, 0, 4, 3)": 0.18236666666666665, "(2, 1, 3, 0, 4)": 0.1748333333333333, "(2, 1, 3, 4, 0)": 0.15806666666666666, "(2, 1, 4, 0, 3)": 0.1835, "(2, 1, 4, 3, 0)": 0.15893333333333334, "(2, 3, 0, 1, 4)": 0.17489999999999997, "(2, 3, 0, 4, 1)": 0.18133333333333335, "(2, 3, 1, 0, 4)": 0.1754, "(2, 3, 1, 4, 0)": 0.15863333333333332, "(2, 3, 4, 0, 1)": 0.18083333333333332, "(2, 3, 4, 1, 0)": 0.1586, "(2, 4, 0, 1, 3)": 0.18383333333333332, "(2, 4, 0, 3, 1)": 0.18159999999999998, "(2, 4, 1, 0, 3)": 0.18366666666666667, "(2, 4, 1, 3, 0)": 0.15669999999999998, "(2, 4, 3, 0, 1)": 0.18103333333333335, "(2, 4, 3, 1, 0)": 0.15833333333333333, "(3, 0, 1, 2, 4)": 0.17346666666666666, "(3, 0, 1, 4, 2)": 0.17016666666666666, "(3, 0, 2, 1, 4)": 0.17559999999999998, "(3, 0, 2, 4, 1)": 0.18000000000000002, "(3, 0, 4, 1, 2)": 0.168, "(3, 0, 4, 2, 1)": 0.18089999999999998, "(3, 1, 0, 2, 4)": 0.1754, "(3, 1, 0, 4, 2)": 0.16933333333333334, "(3, 1, 2, 0, 4)": 0.17563333333333334, "(3, 1, 2, 4, 0)": 0.15863333333333332, "(3, 1, 4, 0, 2)": 0.1683, "(3, 1, 4, 2, 0)": 0.1598, "(3, 2, 0, 1, 4)": 0.17413333333333333, "(3, 2, 0, 4, 1)": 0.18216666666666667, "(3, 2, 1, 0, 4)": 0.1762, "(3, 2, 1, 4, 0)": 0.15836666666666666, "(3, 2, 4, 0, 1)": 0.1812666666666667, "(3, 2, 4, 1, 0)": 0.1591, "(3, 4, 0, 1, 2)": 0.16663333333333333, "(3, 4, 0, 2, 1)": 0.17906666666666668, "(3, 4, 1, 0, 2)": 0.16673333333333332, "(3, 4, 1, 2, 0)": 0.15836666666666666, "(3, 4, 2, 0, 1)": 0.18113333333333334, "(3, 4, 2, 1, 0)": 0.1583, "(4, 0, 1, 2, 3)": 0.18366666666666664, "(4, 0, 1, 3, 2)": 0.16813333333333333, "(4, 0, 2, 1, 3)": 0.18330000000000002, "(4, 0, 2, 3, 1)": 0.18036666666666668, "(4, 0, 3, 1, 2)": 0.16776666666666665, "(4, 0, 3, 2, 1)": 0.1798, "(4, 1, 0, 2, 3)": 0.18376666666666666, "(4, 1, 0, 3, 2)": 0.17023333333333332, "(4, 1, 2, 0, 3)": 0.18413333333333334, "(4, 1, 2, 3, 0)": 0.15883333333333335, "(4, 1, 3, 0, 2)": 0.16776666666666665, "(4, 1, 3, 2, 0)": 0.15569999999999998, "(4, 2, 0, 1, 3)": 0.1832, "(4, 2, 0, 3, 1)": 0.18146666666666667, "(4, 2, 1, 0, 3)": 0.18290000000000003, "(4, 2, 1, 3, 0)": 0.15853333333333333, "(4, 2, 3, 0, 1)": 0.18113333333333337, "(4, 2, 3, 1, 0)": 0.1582, "(4, 3, 0, 1, 2)": 0.16856666666666667, "(4, 3, 0, 2, 1)": 0.18096666666666664, "(4, 3, 1, 0, 2)": 0.169, "(4, 3, 1, 2, 0)": 0.15853333333333333, "(4, 3, 2, 0, 1)": 0.18103333333333335, "(4, 3, 2, 1, 0)": 0.15856666666666666}