{"(0, 1, 2, 3, 4)": 0.3012666666666666, "(0, 1, 2, 4, 3)": 0.31826666666666664, "(0, 1, 3, 2, 4)": 0.3036666666666667, "(0, 1, 3, 4, 2)": 0.29653333333333337, "(0, 1, 4, 2, 3)": 0.30543333333333333, "(0, 1, 4, 3, 2)": 0.29153333333333337, "(0, 2, 1, 3, 4)": 0.29986666666666667, "(0, 2, 1, 4, 3)": 0.31906666666666667, "(0, 2, 3, 1, 4)": 0.28553333333333336, "(0, 2, 3, 4, 1)": 0.2723333333333333, "(0, 2, 4, 1, 3)": 0.324, "(0, 2, 4, 3, 1)": 0.27903333333333336, "(0, 3, 1, 2, 4)": 0.30233333333333334, "(0, 3, 1, 4, 2)": 0.30069999999999997, "(0, 3, 2, 1, 4)": 0.2795, "(0, 3, 2, 4, 1)": 0.26299999999999996, "(0, 3, 4, 1, 2)": 0.2941, "(0, 3, 4, 2, 1)": 0.2705666666666667, "(0, 4, 1, 2, 3)": 0.31656666666666666, "(0, 4, 1, 3, 2)": 0.2921, "(0, 4, 2, 1, 3)": 0.3175666666666667, "(0, 4, 2, 3, 1)": 0.2828, "(0, 4, 3, 1, 2)": 0.2850333333333333, "(0, 4, 3, 2, 1)": 0.26, "(1, 0, 2, 3, 4)": 0.25830000000000003, "(1, 0, 2, 4, 3)": 0.25156666666666666, "(1, 0, 3, 2, 4)": 0.29773333333333335, "(1, 0, 3, 4, 2)": 0.2613666666666667, "(1, 0, 4, 2, 3)": 0.2736, "(1, 0, 4, 3, 2)": 0.23953333333333335, "(1, 2, 0, 3, 4)": 0.25716666666666665, "(1, 2, 0, 4, 3)": 0.2665, "(1, 2, 3, 0, 4)": 0.2419, "(1, 2, 3, 4, 0)": 0.24926666666666666, "(1, 2, 4, 0, 3)": 0.25253333333333333, "(1, 2, 4, 3, 0)": 0.23816666666666667, "(1, 3, 0, 2, 4)": 0.27113333333333334, "(1, 3, 0, 4, 2)": 0.2391333333333333, "(1, 3, 2, 0, 4)": 0.25603333333333333, "(1, 3, 2, 4, 0)": 0.24423333333333333, "(1, 3, 4, 0, 2)": 0.22976666666666667, "(1, 3, 4, 2, 0)": 0.2472, "(1, 4, 0, 2, 3)": 0.2591666666666667, "(1, 4, 0, 3, 2)": 0.22763333333333333, "(1, 4, 2, 0, 3)": 0.22876666666666667, "(1, 4, 2, 3, 0)": 0.2557333333333333, "(1, 4, 3, 0, 2)": 0.25656666666666667, "(1, 4, 3, 2, 0)": 0.25429999999999997, "(2, 0, 1, 3, 4)": 0.2573666666666667, "(2, 0, 1, 4, 3)": 0.26836666666666664, "(2, 0, 3, 1, 4)": 0.2721, "(2, 0, 3, 4, 1)": 0.23076666666666665, "(2, 0, 4, 1, 3)": 0.28003333333333336, "(2, 0, 4, 3, 1)": 0.23393333333333333, "(2, 1, 0, 3, 4)": 0.26653333333333334, "(2, 1, 0, 4, 3)": 0.2786666666666667, "(2, 1, 3, 0, 4)": 0.2464666666666667, "(2, 1, 3, 4, 0)": 0.24916666666666665, "(2, 1, 4, 0, 3)": 0.2638, "(2, 1, 4, 3, 0)": 0.2587, "(2, 3, 0, 1, 4)": 0.2705666666666667, "(2, 3, 0, 4, 1)": 0.21556666666666668, "(2, 3, 1, 0, 4)": 0.2694666666666667, "(2, 3, 1, 4, 0)": 0.25270000000000004, "(2, 3, 4, 0, 1)": 0.2219, "(2, 3, 4, 1, 0)": 0.25443333333333334, "(2, 4, 0, 1, 3)": 0.2805666666666667, "(2, 4, 0, 3, 1)": 0.22893333333333332, "(2, 4, 1, 0, 3)": 0.27653333333333335, "(2, 4, 1, 3, 0)": 0.25953333333333334, "(2, 4, 3, 0, 1)": 0.23199999999999998, "(2, 4, 3, 1, 0)": 0.2699333333333333, "(3, 0, 1, 2, 4)": 0.3038666666666667, "(3, 0, 1, 4, 2)": 0.2736, "(3, 0, 2, 1, 4)": 0.29973333333333335, "(3, 0, 2, 4, 1)": 0.25966666666666666, "(3, 0, 4, 1, 2)": 0.27416666666666667, "(3, 0, 4, 2, 1)": 0.25206666666666666, "(3, 1, 0, 2, 4)": 0.32326666666666665, "(3, 1, 0, 4, 2)": 0.26996666666666663, "(3, 1, 2, 0, 4)": 0.27426666666666666, "(3, 1, 2, 4, 0)": 0.27499999999999997, "(3, 1, 4, 0, 2)": 0.2802, "(3, 1, 4, 2, 0)": 0.2742, "(3, 2, 0, 1, 4)": 0.3003, "(3, 2, 0, 4, 1)": 0.27313333333333334, "(3, 2, 1, 0, 4)": 0.2803333333333333, "(3, 2, 1, 4, 0)": 0.28953333333333336, "(3, 2, 4, 0, 1)": 0.2609333333333333, "(3, 2, 4, 1, 0)": 0.2744, "(3, 4, 0, 1, 2)": 0.2735666666666667, "(3, 4, 0, 2, 1)": 0.23993333333333333, "(3, 4, 1, 0, 2)": 0.29103333333333337, "(3, 4, 1, 2, 0)": 0.2992333333333333, "(3, 4, 2, 0, 1)": 0.24333333333333332, "(3, 4, 2, 1, 0)": 0.2796666666666667, "(4, 0, 1, 2, 3)": 0.3070333333333333, "(4, 0, 1, 3, 2)": 0.2964, "(4, 0, 2, 1, 3)": 0.30543333333333333, "(4, 0, 2, 3, 1)": 0.26230000000000003, "(4, 0, 3, 1, 2)": 0.27940000000000004, "(4, 0, 3, 2, 1)": 0.2740666666666667, "(4, 1, 0, 2, 3)": 0.32036666666666663, "(4, 1, 0, 3, 2)": 0.2922, "(4, 1, 2, 0, 3)": 0.3062666666666667, "(4, 1, 2, 3, 0)": 0.2717333333333333, "(4, 1, 3, 0, 2)": 0.29553333333333337, "(4, 1, 3, 2, 0)": 0.27116666666666667, "(4, 2, 0, 1, 3)": 0.3035333333333334, "(4, 2, 0, 3, 1)": 0.27103333333333335, "(4, 2, 1, 0, 3)": 0.3105, "(4, 2, 1, 3, 0)": 0.2781666666666666, "(4, 2, 3, 0, 1)": 0.2619666666666667, "(4, 2, 3, 1, 0)": 0.2757, "(4, 3, 0, 1, 2)": 0.28603333333333336, "(4, 3, 0, 2, 1)": 0.2634, "(4, 3, 1, 0, 2)": 0.3066666666666667, "(4, 3, 1, 2, 0)": 0.2723, "(4, 3, 2, 0, 1)": 0.2773333333333334, "(4, 3, 2, 1, 0)": 0.2663333333333333}