{"(0, 1, 2, 3, 4)": [0.0, 0.0, 0.0, 0.0, 0.8516666666666667], "(0, 1, 2, 4, 3)": [0.0, 0.0, 0.0, 0.8718333333333333, 0.0], "(0, 1, 3, 2, 4)": [0.0, 0.0, 0.0, 0.0, 0.8391666666666667], "(0, 1, 3, 4, 2)": [0.0, 0.0, 0.7855, 0.0, 0.0], "(0, 1, 4, 2, 3)": [0.0, 0.0, 0.0, 0.8823333333333334, 0.0], "(0, 1, 4, 3, 2)": [0.0, 0.0, 0.787, 0.0, 0.0], "(0, 2, 1, 3, 4)": [0.0, 0.0, 0.0, 0.0, 0.8496666666666667], "(0, 2, 1, 4, 3)": [0.0, 0.0, 0.0, 0.8694999999999999, 0.0], "(0, 2, 3, 1, 4)": [0.0, 0.0, 0.0, 0.0, 0.843], "(0, 2, 3, 4, 1)": [0.0, 0.7494999999999999, 0.0, 0.0, 0.0], "(0, 2, 4, 1, 3)": [0.0, 0.0, 0.0, 0.8869999999999999, 0.0], "(0, 2, 4, 3, 1)": [0.0, 0.7458333333333335, 0.0, 0.0, 0.0], "(0, 3, 1, 2, 4)": [0.0, 0.0, 0.0, 0.0, 0.8501666666666666], "(0, 3, 1, 4, 2)": [0.0, 0.0, 0.7873333333333333, 0.0, 0.0], "(0, 3, 2, 1, 4)": [0.0, 0.0, 0.0, 0.0, 0.8515], "(0, 3, 2, 4, 1)": [0.0, 0.7433333333333333, 0.0, 0.0, 0.0], "(0, 3, 4, 1, 2)": [0.0, 0.0, 0.7916666666666666, 0.0, 0.0], "(0, 3, 4, 2, 1)": [0.0, 0.7463333333333333, 0.0, 0.0, 0.0], "(0, 4, 1, 2, 3)": [0.0, 0.0, 0.0, 0.8856666666666667, 0.0], "(0, 4, 1, 3, 2)": [0.0, 0.0, 0.7893333333333333, 0.0, 0.0], "(0, 4, 2, 1, 3)": [0.0, 0.0, 0.0, 0.8711666666666665, 0.0], "(0, 4, 2, 3, 1)": [0.0, 0.7468333333333333, 0.0, 0.0, 0.0], "(0, 4, 3, 1, 2)": [0.0, 0.0, 0.791, 0.0, 0.0], "(0, 4, 3, 2, 1)": [0.0, 0.7343333333333333, 0.0, 0.0, 0.0], "(1, 0, 2, 3, 4)": [0.0, 0.0, 0.0, 0.0, 0.8378333333333332], "(1, 0, 2, 4, 3)": [0.0, 0.0, 0.0, 0.8866666666666667, 0.0], "(1, 0, 3, 2, 4)": [0.0, 0.0, 0.0, 0.0, 0.8398333333333333], "(1, 0, 3, 4, 2)": [0.0, 0.0, 0.7946666666666666, 0.0, 0.0], "(1, 0, 4, 2, 3)": [0.0, 0.0, 0.0, 0.8896666666666667, 0.0], "(1, 0, 4, 3, 2)": [0.0, 0.0, 0.8013333333333333, 0.0, 0.0], "(1, 2, 0, 3, 4)": [0.0, 0.0, 0.0, 0.0, 0.8455], "(1, 2, 0, 4, 3)": [0.0, 0.0, 0.0, 0.8949999999999999, 0.0], "(1, 2, 3, 0, 4)": [0.0, 0.0, 0.0, 0.0, 0.8528333333333333], "(1, 2, 3, 4, 0)": [0.875, 0.0, 0.0, 0.0, 0.0], "(1, 2, 4, 0, 3)": [0.0, 0.0, 0.0, 0.8886666666666668, 0.0], "(1, 2, 4, 3, 0)": [0.8686666666666666, 0.0, 0.0, 0.0, 0.0], "(1, 3, 0, 2, 4)": [0.0, 0.0, 0.0, 0.0, 0.8418333333333333], "(1, 3, 0, 4, 2)": [0.0, 0.0, 0.7918333333333333, 0.0, 0.0], "(1, 3, 2, 0, 4)": [0.0, 0.0, 0.0, 0.0, 0.8518333333333333], "(1, 3, 2, 4, 0)": [0.8725, 0.0, 0.0, 0.0, 0.0], "(1, 3, 4, 0, 2)": [0.0, 0.0, 0.7948333333333334, 0.0, 0.0], "(1, 3, 4, 2, 0)": [0.8648333333333333, 0.0, 0.0, 0.0, 0.0], "(1, 4, 0, 2, 3)": [0.0, 0.0, 0.0, 0.8793333333333333, 0.0], "(1, 4, 0, 3, 2)": [0.0, 0.0, 0.7916666666666666, 0.0, 0.0], "(1, 4, 2, 0, 3)": [0.0, 0.0, 0.0, 0.8848333333333332, 0.0], "(1, 4, 2, 3, 0)": [0.8748333333333332, 0.0, 0.0, 0.0, 0.0], "(1, 4, 3, 0, 2)": [0.0, 0.0, 0.7828333333333334, 0.0, 0.0], "(1, 4, 3, 2, 0)": [0.8761666666666666, 0.0, 0.0, 0.0, 0.0], "(2, 0, 1, 3, 4)": [0.0, 0.0, 0.0, 0.0, 0.8545000000000001], "(2, 0, 1, 4, 3)": [0.0, 0.0, 0.0, 0.8896666666666665, 0.0], "(2, 0, 3, 1, 4)": [0.0, 0.0, 0.0, 0.0, 0.8464999999999999], "(2, 0, 3, 4, 1)": [0.0, 0.7549999999999999, 0.0, 0.0, 0.0], "(2, 0, 4, 1, 3)": [0.0, 0.0, 0.0, 0.8866666666666667, 0.0], "(2, 0, 4, 3, 1)": [0.0, 0.7498333333333332, 0.0, 0.0, 0.0], "(2, 1, 0, 3, 4)": [0.0, 0.0, 0.0, 0.0, 0.8383333333333334], "(2, 1, 0, 4, 3)": [0.0, 0.0, 0.0, 0.8851666666666667, 0.0], "(2, 1, 3, 0, 4)": [0.0, 0.0, 0.0, 0.0, 0.8458333333333333], "(2, 1, 3, 4, 0)": [0.8673333333333333, 0.0, 0.0, 0.0, 0.0], "(2, 1, 4, 0, 3)": [0.0, 0.0, 0.0, 0.8835000000000001, 0.0], "(2, 1, 4, 3, 0)": [0.878, 0.0, 0.0, 0.0, 0.0], "(2, 3, 0, 1, 4)": [0.0, 0.0, 0.0, 0.0, 0.8515], "(2, 3, 0, 4, 1)": [0.0, 0.7536666666666667, 0.0, 0.0, 0.0], "(2, 3, 1, 0, 4)": [0.0, 0.0, 0.0, 0.0, 0.8493333333333334], "(2, 3, 1, 4, 0)": [0.8866666666666667, 0.0, 0.0, 0.0, 0.0], "(2, 3, 4, 0, 1)": [0.0, 0.7493333333333333, 0.0, 0.0, 0.0], "(2, 3, 4, 1, 0)": [0.8661666666666666, 0.0, 0.0, 0.0, 0.0], "(2, 4, 0, 1, 3)": [0.0, 0.0, 0.0, 0.8831666666666665, 0.0], "(2, 4, 0, 3, 1)": [0.0, 0.7475, 0.0, 0.0, 0.0], "(2, 4, 1, 0, 3)": [0.0, 0.0, 0.0, 0.8863333333333333, 0.0], "(2, 4, 1, 3, 0)": [0.8685, 0.0, 0.0, 0.0, 0.0], "(2, 4, 3, 0, 1)": [0.0, 0.7551666666666667, 0.0, 0.0, 0.0], "(2, 4, 3, 1, 0)": [0.8711666666666668, 0.0, 0.0, 0.0, 0.0], "(3, 0, 1, 2, 4)": [0.0, 0.0, 0.0, 0.0, 0.8506666666666667], "(3, 0, 1, 4, 2)": [0.0, 0.0, 0.7953333333333333, 0.0, 0.0], "(3, 0, 2, 1, 4)": [0.0, 0.0, 0.0, 0.0, 0.8526666666666666], "(3, 0, 2, 4, 1)": [0.0, 0.7465, 0.0, 0.0, 0.0], "(3, 0, 4, 1, 2)": [0.0, 0.0, 0.781, 0.0, 0.0], "(3, 0, 4, 2, 1)": [0.0, 0.7446666666666667, 0.0, 0.0, 0.0], "(3, 1, 0, 2, 4)": [0.0, 0.0, 0.0, 0.0, 0.8438333333333333], "(3, 1, 0, 4, 2)": [0.0, 0.0, 0.7873333333333333, 0.0, 0.0], "(3, 1, 2, 0, 4)": [0.0, 0.0, 0.0, 0.0, 0.852], "(3, 1, 2, 4, 0)": [0.8766666666666666, 0.0, 0.0, 0.0, 0.0], "(3, 1, 4, 0, 2)": [0.0, 0.0, 0.787, 0.0, 0.0], "(3, 1, 4, 2, 0)": [0.872, 0.0, 0.0, 0.0, 0.0], "(3, 2, 0, 1, 4)": [0.0, 0.0, 0.0, 0.0, 0.8525], "(3, 2, 0, 4, 1)": [0.0, 0.7513333333333333, 0.0, 0.0, 0.0], "(3, 2, 1, 0, 4)": [0.0, 0.0, 0.0, 0.0, 0.8421666666666666], "(3, 2, 1, 4, 0)": [0.8798333333333334, 0.0, 0.0, 0.0, 0.0], "(3, 2, 4, 0, 1)": [0.0, 0.7435, 0.0, 0.0, 0.0], "(3, 2, 4, 1, 0)": [0.879, 0.0, 0.0, 0.0, 0.0], "(3, 4, 0, 1, 2)": [0.0, 0.0, 0.7978333333333333, 0.0, 0.0], "(3, 4, 0, 2, 1)": [0.0, 0.754, 0.0, 0.0, 0.0], "(3, 4, 1, 0, 2)": [0.0, 0.0, 0.7833333333333333, 0.0, 0.0], "(3, 4, 1, 2, 0)": [0.875, 0.0, 0.0, 0.0, 0.0], "(3, 4, 2, 0, 1)": [0.0, 0.75, 0.0, 0.0, 0.0], "(3, 4, 2, 1, 0)": [0.8676666666666666, 0.0, 0.0, 0.0, 0.0], "(4, 0, 1, 2, 3)": [0.0, 0.0, 0.0, 0.879, 0.0], "(4, 0, 1, 3, 2)": [0.0, 0.0, 0.7768333333333333, 0.0, 0.0], "(4, 0, 2, 1, 3)": [0.0, 0.0, 0.0, 0.8871666666666665, 0.0], "(4, 0, 2, 3, 1)": [0.0, 0.7561666666666667, 0.0, 0.0, 0.0], "(4, 0, 3, 1, 2)": [0.0, 0.0, 0.7891666666666666, 0.0, 0.0], "(4, 0, 3, 2, 1)": [0.0, 0.746, 0.0, 0.0, 0.0], "(4, 1, 0, 2, 3)": [0.0, 0.0, 0.0, 0.8726666666666666, 0.0], "(4, 1, 0, 3, 2)": [0.0, 0.0, 0.7926666666666667, 0.0, 0.0], "(4, 1, 2, 0, 3)": [0.0, 0.0, 0.0, 0.8793333333333333, 0.0], "(4, 1, 2, 3, 0)": [0.8788333333333332, 0.0, 0.0, 0.0, 0.0], "(4, 1, 3, 0, 2)": [0.0, 0.0, 0.7988333333333334, 0.0, 0.0], "(4, 1, 3, 2, 0)": [0.8788333333333332, 0.0, 0.0, 0.0, 0.0], "(4, 2, 0, 1, 3)": [0.0, 0.0, 0.0, 0.8743333333333333, 0.0], "(4, 2, 0, 3, 1)": [0.0, 0.7363333333333334, 0.0, 0.0, 0.0], "(4, 2, 1, 0, 3)": [0.0, 0.0, 0.0, 0.8801666666666667, 0.0], "(4, 2, 1, 3, 0)": [0.8701666666666666, 0.0, 0.0, 0.0, 0.0], "(4, 2, 3, 0, 1)": [0.0, 0.7494999999999999, 0.0, 0.0, 0.0], "(4, 2, 3, 1, 0)": [0.8721666666666668, 0.0, 0.0, 0.0, 0.0], "(4, 3, 0, 1, 2)": [0.0, 0.0, 0.7928333333333333, 0.0, 0.0], "(4, 3, 0, 2, 1)": [0.0, 0.7483333333333334, 0.0, 0.0, 0.0], "(4, 3, 1, 0, 2)": [0.0, 0.0, 0.7873333333333333, 0.0, 0.0], "(4, 3, 1, 2, 0)": [0.8685, 0.0, 0.0, 0.0, 0.0], "(4, 3, 2, 0, 1)": [0.0, 0.751, 0.0, 0.0, 0.0], "(4, 3, 2, 1, 0)": [0.8786666666666667, 0.0, 0.0, 0.0, 0.0]}