{"(0, 1, 2, 3, 4)": 0.004074582459862876, "(0, 1, 2, 4, 3)": 0.005591263025669801, "(0, 1, 3, 2, 4)": 0.009048511234206188, "(0, 1, 3, 4, 2)": 0.005325619421459084, "(0, 1, 4, 2, 3)": 0.012916741935264557, "(0, 1, 4, 3, 2)": 0.007185788443556879, "(0, 2, 1, 3, 4)": 0.006861648651907362, "(0, 2, 1, 4, 3)": 0.012513814588507994, "(0, 2, 3, 1, 4)": 0.008919765816557183, "(0, 2, 3, 4, 1)": 0.007296726815649758, "(0, 2, 4, 1, 3)": 0.01129365603631822, "(0, 2, 4, 3, 1)": 0.025459292125971516, "(0, 3, 1, 2, 4)": 0.004242902570437162, "(0, 3, 1, 4, 2)": 0.021447144332055027, "(0, 3, 2, 1, 4)": 0.004138437708443447, "(0, 3, 2, 4, 1)": 0.004846304433964784, "(0, 3, 4, 1, 2)": 0.02096775301902106, "(0, 3, 4, 2, 1)": 0.010442647599574015, "(0, 4, 1, 2, 3)": 0.017406959017077683, "(0, 4, 1, 3, 2)": 0.007478413378963926, "(0, 4, 2, 1, 3)": 0.00806074162565427, "(0, 4, 2, 3, 1)": 0.007360706487831185, "(0, 4, 3, 1, 2)": 0.007310874700669461, "(0, 4, 3, 2, 1)": 0.0016062378404209075, "(1, 0, 2, 3, 4)": 0.012477446319927277, "(1, 0, 2, 4, 3)": 0.010636519898705387, "(1, 0, 3, 2, 4)": 0.025434403647203712, "(1, 0, 3, 4, 2)": 0.004590085934804351, "(1, 0, 4, 2, 3)": 0.00532415877549369, "(1, 0, 4, 3, 2)": 0.022098315672366416, "(1, 2, 0, 3, 4)": 0.004893760199364979, "(1, 2, 0, 4, 3)": 0.0062976185975335336, "(1, 2, 3, 0, 4)": 0.0010708252269472634, "(1, 2, 3, 4, 0)": 0.01725578807885118, "(1, 2, 4, 0, 3)": 0.014397762171794453, "(1, 2, 4, 3, 0)": 0.012578376507147314, "(1, 3, 0, 2, 4)": 0.011750271864467159, "(1, 3, 0, 4, 2)": 0.015667872294036034, "(1, 3, 2, 0, 4)": 0.01916078170523207, "(1, 3, 2, 4, 0)": 0.010096313958844366, "(1, 3, 4, 0, 2)": 0.0017307673314329484, "(1, 3, 4, 2, 0)": 0.004196029869610874, "(1, 4, 0, 2, 3)": 0.007982620009885371, "(1, 4, 0, 3, 2)": 0.0021822516404443842, "(1, 4, 2, 0, 3)": 0.031887440927250474, "(1, 4, 2, 3, 0)": 0.026204494949446266, "(1, 4, 3, 0, 2)": 0.008187117251443814, "(1, 4, 3, 2, 0)": 0.010770639102052695, "(2, 0, 1, 3, 4)": 0.003061952898977313, "(2, 0, 1, 4, 3)": 0.0031457201966410674, "(2, 0, 3, 1, 4)": 0.006021627686929844, "(2, 0, 3, 4, 1)": 0.004026854300264116, "(2, 0, 4, 1, 3)": 0.01877095865662937, "(2, 0, 4, 3, 1)": 0.005540356988097034, "(2, 1, 0, 3, 4)": 0.005865909041989057, "(2, 1, 0, 4, 3)": 0.009613300970819309, "(2, 1, 3, 0, 4)": 0.006833414633662691, "(2, 1, 3, 4, 0)": 0.008165918333061023, "(2, 1, 4, 0, 3)": 0.009782978414913648, "(2, 1, 4, 3, 0)": 0.0006683312551921097, "(2, 3, 0, 1, 4)": 0.009830677607480675, "(2, 3, 0, 4, 1)": 0.019387338365255007, "(2, 3, 1, 0, 4)": 0.003171049598406744, "(2, 3, 1, 4, 0)": 0.001944222209522358, "(2, 3, 4, 0, 1)": 0.011534585673818838, "(2, 3, 4, 1, 0)": 0.012098576592126686, "(2, 4, 0, 1, 3)": 0.02218728364526753, "(2, 4, 0, 3, 1)": 0.004921607686744471, "(2, 4, 1, 0, 3)": 0.01132352516764203, "(2, 4, 1, 3, 0)": 0.008889069442610701, "(2, 4, 3, 0, 1)": 0.00463105459551782, "(2, 4, 3, 1, 0)": 0.018343088313827884, "(3, 0, 1, 2, 4)": 0.008003887944132043, "(3, 0, 1, 4, 2)": 0.026372081197104394, "(3, 0, 2, 1, 4)": 0.003785351884420908, "(3, 0, 2, 4, 1)": 0.012634696496376784, "(3, 0, 4, 1, 2)": 0.01718804494085609, "(3, 0, 4, 2, 1)": 0.006126626768096415, "(3, 1, 0, 2, 4)": 0.02197837320842671, "(3, 1, 0, 4, 2)": 0.00803920946915111, "(3, 1, 2, 0, 4)": 0.011009188081880622, "(3, 1, 2, 4, 0)": 0.011310467128579025, "(3, 1, 4, 0, 2)": 0.014184733577570881, "(3, 1, 4, 2, 0)": 0.010867689113453094, "(3, 2, 0, 1, 4)": 0.0169099576187129, "(3, 2, 0, 4, 1)": 0.028114211511064805, "(3, 2, 1, 0, 4)": 0.013604492721973217, "(3, 2, 1, 4, 0)": 0.009456684878375135, "(3, 2, 4, 0, 1)": 0.013919370994728487, "(3, 2, 4, 1, 0)": 0.00873765796232988, "(3, 4, 0, 1, 2)": 0.02129324358152656, "(3, 4, 0, 2, 1)": 0.008482269088450865, "(3, 4, 1, 0, 2)": 0.006777085574853612, "(3, 4, 1, 2, 0)": 0.010847221866552865, "(3, 4, 2, 0, 1)": 0.005711003025349899, "(3, 4, 2, 1, 0)": 0.014039547317805118, "(4, 0, 1, 2, 3)": 0.023357558852661726, "(4, 0, 1, 3, 2)": 0.01586757700469734, "(4, 0, 2, 1, 3)": 0.015332826078566066, "(4, 0, 2, 3, 1)": 0.011516075720487429, "(4, 0, 3, 1, 2)": 0.018449390233826173, "(4, 0, 3, 2, 1)": 0.02880327913430846, "(4, 1, 0, 2, 3)": 0.014727827025358792, "(4, 1, 0, 3, 2)": 0.014538913301894352, "(4, 1, 2, 0, 3)": 0.008323594309084402, "(4, 1, 2, 3, 0)": 0.008653451462984128, "(4, 1, 3, 0, 2)": 0.01349600764012165, "(4, 1, 3, 2, 0)": 0.0038125523675820593, "(4, 2, 0, 1, 3)": 0.005322488974989891, "(4, 2, 0, 3, 1)": 0.019630644977234504, "(4, 2, 1, 0, 3)": 0.009510345244346638, "(4, 2, 1, 3, 0)": 0.017930297140749105, "(4, 2, 3, 0, 1)": 0.0048030083165542135, "(4, 2, 3, 1, 0)": 0.02095757619573409, "(4, 3, 0, 1, 2)": 0.007335908638713779, "(4, 3, 0, 2, 1)": 0.013771226040794872, "(4, 3, 1, 0, 2)": 0.011697958036436177, "(4, 3, 1, 2, 0)": 0.009346657156438334, "(4, 3, 2, 0, 1)": 0.028707993466783585, "(4, 3, 2, 1, 0)": 0.01940898989872705}