{"(0, 1, 2, 3, 4)": [0.11499999999999999, 0.07050000000000001, 0.24966666666666668, 0.23316666666666666, 0.8744999999999999], "(0, 1, 2, 4, 3)": [0.079, 0.08750000000000001, 0.13816666666666666, 0.9055, 0.17800000000000002], "(0, 1, 3, 2, 4)": [0.09949999999999999, 0.08033333333333333, 0.4266666666666667, 0.09766666666666668, 0.8690000000000001], "(0, 1, 3, 4, 2)": [0.06833333333333334, 0.1795, 0.8378333333333332, 0.11633333333333333, 0.4905], "(0, 1, 4, 2, 3)": [0.07516666666666667, 0.11566666666666665, 0.18000000000000002, 0.9006666666666666, 0.17266666666666666], "(0, 1, 4, 3, 2)": [0.06083333333333333, 0.18000000000000002, 0.8328333333333333, 0.25783333333333336, 0.3036666666666667], "(0, 2, 1, 3, 4)": [0.11716666666666666, 0.07766666666666666, 0.1645, 0.21883333333333335, 0.8751666666666668], "(0, 2, 1, 4, 3)": [0.057333333333333326, 0.11183333333333334, 0.09116666666666666, 0.8901666666666666, 0.1648333333333333], "(0, 2, 3, 1, 4)": [0.10316666666666667, 0.17633333333333334, 0.145, 0.09933333333333334, 0.8690000000000001], "(0, 2, 3, 4, 1)": [0.069, 0.8851666666666667, 0.076, 0.059666666666666666, 0.16416666666666666], "(0, 2, 4, 1, 3)": [0.05766666666666667, 0.17633333333333331, 0.07666666666666667, 0.903, 0.09266666666666667], "(0, 2, 4, 3, 1)": [0.078, 0.8849999999999999, 0.08433333333333333, 0.14816666666666667, 0.08733333333333333], "(0, 3, 1, 2, 4)": [0.10400000000000002, 0.09633333333333334, 0.40116666666666667, 0.0645, 0.8731666666666666], "(0, 3, 1, 4, 2)": [0.07083333333333335, 0.18033333333333335, 0.8338333333333333, 0.084, 0.46849999999999997], "(0, 3, 2, 1, 4)": [0.10466666666666667, 0.1755, 0.24133333333333332, 0.04, 0.8725], "(0, 3, 2, 4, 1)": [0.09516666666666666, 0.8828333333333332, 0.12933333333333333, 0.057333333333333326, 0.15383333333333335], "(0, 3, 4, 1, 2)": [0.07183333333333333, 0.3396666666666666, 0.844, 0.08833333333333333, 0.312], "(0, 3, 4, 2, 1)": [0.08816666666666666, 0.8881666666666667, 0.15633333333333332, 0.07816666666666668, 0.12183333333333334], "(0, 4, 1, 2, 3)": [0.04916666666666667, 0.14033333333333334, 0.20066666666666666, 0.9073333333333334, 0.10166666666666668], "(0, 4, 1, 3, 2)": [0.06166666666666667, 0.22116666666666665, 0.8358333333333334, 0.2555, 0.24800000000000003], "(0, 4, 2, 1, 3)": [0.056833333333333326, 0.18416666666666667, 0.13566666666666669, 0.9005000000000001, 0.11383333333333334], "(0, 4, 2, 3, 1)": [0.0755, 0.879, 0.11633333333333333, 0.15566666666666665, 0.0775], "(0, 4, 3, 1, 2)": [0.06116666666666667, 0.3406666666666667, 0.8396666666666667, 0.15533333333333335, 0.22816666666666666], "(0, 4, 3, 2, 1)": [0.08116666666666666, 0.8781666666666667, 0.216, 0.11516666666666668, 0.09300000000000001], "(1, 0, 2, 3, 4)": [0.13716666666666666, 0.0785, 0.28150000000000003, 0.20299999999999999, 0.866], "(1, 0, 2, 4, 3)": [0.06783333333333334, 0.08950000000000001, 0.15200000000000002, 0.9076666666666666, 0.20733333333333334], "(1, 0, 3, 2, 4)": [0.10266666666666667, 0.057666666666666665, 0.4366666666666667, 0.11233333333333334, 0.872], "(1, 0, 3, 4, 2)": [0.05299999999999999, 0.15716666666666668, 0.8418333333333333, 0.12616666666666668, 0.48583333333333334], "(1, 0, 4, 2, 3)": [0.056833333333333326, 0.10383333333333333, 0.1945, 0.9033333333333333, 0.1485], "(1, 0, 4, 3, 2)": [0.06233333333333333, 0.14366666666666666, 0.8424999999999999, 0.2796666666666667, 0.3405], "(1, 2, 0, 3, 4)": [0.18400000000000002, 0.044833333333333336, 0.17699999999999996, 0.19016666666666668, 0.8805], "(1, 2, 0, 4, 3)": [0.09499999999999999, 0.09749999999999999, 0.07183333333333333, 0.9093333333333332, 0.17400000000000002], "(1, 2, 3, 0, 4)": [0.33433333333333337, 0.06766666666666667, 0.17133333333333334, 0.11366666666666665, 0.8796666666666666], "(1, 2, 3, 4, 0)": [0.777, 0.12350000000000001, 0.0805, 0.11333333333333334, 0.45916666666666667], "(1, 2, 4, 0, 3)": [0.14400000000000002, 0.08616666666666667, 0.08466666666666667, 0.9025, 0.1456666666666667], "(1, 2, 4, 3, 0)": [0.7831666666666667, 0.17933333333333334, 0.06633333333333334, 0.2501666666666667, 0.30016666666666664], "(1, 3, 0, 2, 4)": [0.15266666666666664, 0.07183333333333335, 0.4331666666666667, 0.0645, 0.8753333333333333], "(1, 3, 0, 4, 2)": [0.07433333333333333, 0.1555, 0.839, 0.07816666666666666, 0.508], "(1, 3, 2, 0, 4)": [0.3283333333333333, 0.08466666666666667, 0.254, 0.0695, 0.8793333333333333], "(1, 3, 2, 4, 0)": [0.7845, 0.15233333333333335, 0.09766666666666667, 0.08566666666666667, 0.5043333333333333], "(1, 3, 4, 0, 2)": [0.1085, 0.19033333333333333, 0.8414999999999999, 0.10416666666666667, 0.3798333333333333], "(1, 3, 4, 2, 0)": [0.7865000000000001, 0.16116666666666665, 0.14916666666666667, 0.08283333333333333, 0.37516666666666665], "(1, 4, 0, 2, 3)": [0.08566666666666667, 0.08766666666666667, 0.16849999999999998, 0.9091666666666667, 0.11733333333333333], "(1, 4, 0, 3, 2)": [0.07766666666666666, 0.1635, 0.8376666666666667, 0.26716666666666666, 0.2845], "(1, 4, 2, 0, 3)": [0.11916666666666666, 0.10166666666666667, 0.10083333333333333, 0.9090000000000001, 0.12216666666666666], "(1, 4, 2, 3, 0)": [0.7808333333333334, 0.17116666666666666, 0.084, 0.27016666666666667, 0.2316666666666667], "(1, 4, 3, 0, 2)": [0.13599999999999998, 0.22116666666666665, 0.831, 0.21166666666666667, 0.2856666666666667], "(1, 4, 3, 2, 0)": [0.7875, 0.18333333333333332, 0.128, 0.17200000000000001, 0.29], "(2, 0, 1, 3, 4)": [0.11916666666666664, 0.09533333333333334, 0.17049999999999998, 0.1985, 0.8758333333333334], "(2, 0, 1, 4, 3)": [0.072, 0.10716666666666667, 0.08466666666666667, 0.894, 0.18050000000000002], "(2, 0, 3, 1, 4)": [0.10183333333333333, 0.15216666666666664, 0.1515, 0.11833333333333333, 0.8783333333333334], "(2, 0, 3, 4, 1)": [0.09816666666666667, 0.8883333333333333, 0.06933333333333333, 0.07216666666666667, 0.166], "(2, 0, 4, 1, 3)": [0.06583333333333334, 0.19833333333333333, 0.08900000000000001, 0.8983333333333333, 0.10216666666666667], "(2, 0, 4, 3, 1)": [0.09100000000000001, 0.8871666666666665, 0.0695, 0.12366666666666665, 0.09433333333333334], "(2, 1, 0, 3, 4)": [0.17600000000000002, 0.07716666666666666, 0.13, 0.20483333333333334, 0.8731666666666666], "(2, 1, 0, 4, 3)": [0.109, 0.09133333333333334, 0.06849999999999999, 0.9041666666666667, 0.17183333333333337], "(2, 1, 3, 0, 4)": [0.34349999999999997, 0.073, 0.17833333333333332, 0.10866666666666668, 0.8826666666666667], "(2, 1, 3, 4, 0)": [0.7828333333333334, 0.12350000000000001, 0.08383333333333333, 0.08666666666666667, 0.48383333333333334], "(2, 1, 4, 0, 3)": [0.14116666666666666, 0.1195, 0.0765, 0.9043333333333333, 0.1516666666666667], "(2, 1, 4, 3, 0)": [0.7855, 0.18683333333333332, 0.07233333333333335, 0.25066666666666665, 0.2856666666666667], "(2, 3, 0, 1, 4)": [0.18116666666666667, 0.2001666666666667, 0.13933333333333334, 0.051, 0.8733333333333332], "(2, 3, 0, 4, 1)": [0.09849999999999999, 0.8806666666666666, 0.08466666666666667, 0.04933333333333333, 0.17899999999999996], "(2, 3, 1, 0, 4)": [0.3288333333333333, 0.09999999999999999, 0.13616666666666666, 0.05466666666666666, 0.8831666666666668], "(2, 3, 1, 4, 0)": [0.794, 0.16283333333333336, 0.08899999999999998, 0.08783333333333333, 0.47866666666666663], "(2, 3, 4, 0, 1)": [0.19266666666666668, 0.8846666666666666, 0.07916666666666668, 0.056666666666666664, 0.118], "(2, 3, 4, 1, 0)": [0.7896666666666666, 0.335, 0.06749999999999999, 0.09749999999999999, 0.27016666666666667], "(2, 4, 0, 1, 3)": [0.08983333333333332, 0.18416666666666667, 0.06183333333333333, 0.9023333333333333, 0.09766666666666667], "(2, 4, 0, 3, 1)": [0.10316666666666667, 0.8941666666666667, 0.059, 0.14049999999999999, 0.09900000000000002], "(2, 4, 1, 0, 3)": [0.14933333333333332, 0.15000000000000002, 0.07316666666666666, 0.9066666666666667, 0.11583333333333333], "(2, 4, 1, 3, 0)": [0.7858333333333333, 0.25266666666666665, 0.07783333333333332, 0.24383333333333335, 0.2325], "(2, 4, 3, 0, 1)": [0.1711666666666667, 0.8889999999999999, 0.09433333333333332, 0.08766666666666667, 0.09083333333333332],