{"(0, 1, 2, 3, 4)": 0.6234166666666666, "(0, 1, 2, 4, 3)": 0.6200416666666667, "(0, 1, 3, 2, 4)": 0.6432083333333333, "(0, 1, 3, 4, 2)": 0.6551250000000001, "(0, 1, 4, 2, 3)": 0.63875, "(0, 1, 4, 3, 2)": 0.6527916666666668, "(0, 2, 1, 3, 4)": 0.6426666666666667, "(0, 2, 1, 4, 3)": 0.6190000000000001, "(0, 2, 3, 1, 4)": 0.6700416666666668, "(0, 2, 3, 4, 1)": 0.6864166666666667, "(0, 2, 4, 1, 3)": 0.6226666666666666, "(0, 2, 4, 3, 1)": 0.6855833333333333, "(0, 3, 1, 2, 4)": 0.6545833333333333, "(0, 3, 1, 4, 2)": 0.6460833333333333, "(0, 3, 2, 1, 4)": 0.6813333333333333, "(0, 3, 2, 4, 1)": 0.7008333333333333, "(0, 3, 4, 1, 2)": 0.6615416666666666, "(0, 3, 4, 2, 1)": 0.6946249999999999, "(0, 4, 1, 2, 3)": 0.62875, "(0, 4, 1, 3, 2)": 0.6529166666666667, "(0, 4, 2, 1, 3)": 0.6208333333333333, "(0, 4, 2, 3, 1)": 0.6567083333333333, "(0, 4, 3, 1, 2)": 0.6603333333333333, "(0, 4, 3, 2, 1)": 0.6740833333333333, "(1, 0, 2, 3, 4)": 0.6733750000000001, "(1, 0, 2, 4, 3)": 0.6986249999999999, "(1, 0, 3, 2, 4)": 0.5661666666666667, "(1, 0, 3, 4, 2)": 0.6802916666666666, "(1, 0, 4, 2, 3)": 0.6589999999999999, "(1, 0, 4, 3, 2)": 0.6777083333333334, "(1, 2, 0, 3, 4)": 0.6499166666666667, "(1, 2, 0, 4, 3)": 0.6482083333333334, "(1, 2, 3, 0, 4)": 0.6827916666666667, "(1, 2, 3, 4, 0)": 0.6815000000000001, "(1, 2, 4, 0, 3)": 0.6618333333333334, "(1, 2, 4, 3, 0)": 0.6944166666666667, "(1, 3, 0, 2, 4)": 0.6792916666666665, "(1, 3, 0, 4, 2)": 0.6850833333333334, "(1, 3, 2, 0, 4)": 0.6914583333333333, "(1, 3, 2, 4, 0)": 0.6938749999999999, "(1, 3, 4, 0, 2)": 0.7246666666666667, "(1, 3, 4, 2, 0)": 0.702, "(1, 4, 0, 2, 3)": 0.6842916666666667, "(1, 4, 0, 3, 2)": 0.733375, "(1, 4, 2, 0, 3)": 0.57675, "(1, 4, 2, 3, 0)": 0.6849166666666666, "(1, 4, 3, 0, 2)": 0.6631666666666667, "(1, 4, 3, 2, 0)": 0.6907916666666667, "(2, 0, 1, 3, 4)": 0.6910416666666666, "(2, 0, 1, 4, 3)": 0.6876249999999998, "(2, 0, 3, 1, 4)": 0.681, "(2, 0, 3, 4, 1)": 0.7385833333333333, "(2, 0, 4, 1, 3)": 0.6734999999999999, "(2, 0, 4, 3, 1)": 0.7331666666666666, "(2, 1, 0, 3, 4)": 0.6674583333333333, "(2, 1, 0, 4, 3)": 0.63625, "(2, 1, 3, 0, 4)": 0.6862083333333334, "(2, 1, 3, 4, 0)": 0.6960000000000001, "(2, 1, 4, 0, 3)": 0.651, "(2, 1, 4, 3, 0)": 0.6548333333333334, "(2, 3, 0, 1, 4)": 0.6723333333333333, "(2, 3, 0, 4, 1)": 0.74975, "(2, 3, 1, 0, 4)": 0.6733750000000001, "(2, 3, 1, 4, 0)": 0.6916666666666668, "(2, 3, 4, 0, 1)": 0.7402083333333334, "(2, 3, 4, 1, 0)": 0.695125, "(2, 4, 0, 1, 3)": 0.6749166666666667, "(2, 4, 0, 3, 1)": 0.7447083333333334, "(2, 4, 1, 0, 3)": 0.663625, "(2, 4, 1, 3, 0)": 0.6810833333333334, "(2, 4, 3, 0, 1)": 0.7407499999999999, "(2, 4, 3, 1, 0)": 0.682, "(3, 0, 1, 2, 4)": 0.6551250000000001, "(3, 0, 1, 4, 2)": 0.6817083333333334, "(3, 0, 2, 1, 4)": 0.6470416666666666, "(3, 0, 2, 4, 1)": 0.7088333333333333, "(3, 0, 4, 1, 2)": 0.6875416666666667, "(3, 0, 4, 2, 1)": 0.7097916666666667, "(3, 1, 0, 2, 4)": 0.5706666666666667, "(3, 1, 0, 4, 2)": 0.6845833333333333, "(3, 1, 2, 0, 4)": 0.6568333333333333, "(3, 1, 2, 4, 0)": 0.6777916666666667, "(3, 1, 4, 0, 2)": 0.6806666666666666, "(3, 1, 4, 2, 0)": 0.68125, "(3, 2, 0, 1, 4)": 0.6426666666666666, "(3, 2, 0, 4, 1)": 0.5713333333333334, "(3, 2, 1, 0, 4)": 0.660125, "(3, 2, 1, 4, 0)": 0.6667083333333332, "(3, 2, 4, 0, 1)": 0.6998749999999999, "(3, 2, 4, 1, 0)": 0.6649166666666667, "(3, 4, 0, 1, 2)": 0.6986249999999999, "(3, 4, 0, 2, 1)": 0.7335833333333334, "(3, 4, 1, 0, 2)": 0.6775833333333333, "(3, 4, 1, 2, 0)": 0.661625, "(3, 4, 2, 0, 1)": 0.7235833333333334, "(3, 4, 2, 1, 0)": 0.6797916666666666, "(4, 0, 1, 2, 3)": 0.6407083333333334, "(4, 0, 1, 3, 2)": 0.6463333333333333, "(4, 0, 2, 1, 3)": 0.6150000000000001, "(4, 0, 2, 3, 1)": 0.6748750000000001, "(4, 0, 3, 1, 2)": 0.6754166666666667, "(4, 0, 3, 2, 1)": 0.6819583333333333, "(4, 1, 0, 2, 3)": 0.6202083333333334, "(4, 1, 0, 3, 2)": 0.6507916666666667, "(4, 1, 2, 0, 3)": 0.6474166666666666, "(4, 1, 2, 3, 0)": 0.6731250000000001, "(4, 1, 3, 0, 2)": 0.6533333333333334, "(4, 1, 3, 2, 0)": 0.6805833333333334, "(4, 2, 0, 1, 3)": 0.6554166666666666, "(4, 2, 0, 3, 1)": 0.6957916666666666, "(4, 2, 1, 0, 3)": 0.650375, "(4, 2, 1, 3, 0)": 0.6793333333333335, "(4, 2, 3, 0, 1)": 0.7047500000000001, "(4, 2, 3, 1, 0)": 0.6825833333333332, "(4, 3, 0, 1, 2)": 0.6731666666666668, "(4, 3, 0, 2, 1)": 0.6997916666666666, "(4, 3, 1, 0, 2)": 0.6510416666666666, "(4, 3, 1, 2, 0)": 0.7011666666666668, "(4, 3, 2, 0, 1)": 0.6800833333333333, "(4, 3, 2, 1, 0)": 0.5807916666666667}