{"(0, 1, 2, 3, 4)": 0.0021249836600678892, "(0, 1, 2, 4, 3)": 0.022994492094122614, "(0, 1, 3, 2, 4)": 0.009999111071601431, "(0, 1, 3, 4, 2)": 0.010941460394095272, "(0, 1, 4, 2, 3)": 0.015194150921398086, "(0, 1, 4, 3, 2)": 0.0039597979746446655, "(0, 2, 1, 3, 4)": 0.01248358922746179, "(0, 2, 1, 4, 3)": 0.02524968646670029, "(0, 2, 3, 1, 4)": 0.016832772267877376, "(0, 2, 3, 4, 1)": 0.006444291185917118, "(0, 2, 4, 1, 3)": 0.005455272678794336, "(0, 2, 4, 3, 1)": 0.01943284733526087, "(0, 3, 1, 2, 4)": 0.003104119127152749, "(0, 3, 1, 4, 2)": 0.004312256434345647, "(0, 3, 2, 1, 4)": 0.009854045982347659, "(0, 3, 2, 4, 1)": 0.004759084879353264, "(0, 3, 4, 1, 2)": 0.0045057987329908894, "(0, 3, 4, 2, 1)": 0.002099735433069799, "(0, 4, 1, 2, 3)": 0.0226862660362314, "(0, 4, 1, 3, 2)": 0.00913503633757901, "(0, 4, 2, 1, 3)": 0.0033146141052416154, "(0, 4, 2, 3, 1)": 0.018293411078551994, "(0, 4, 3, 1, 2)": 0.007162867209900431, "(0, 4, 3, 2, 1)": 0.004988876515698593, "(1, 0, 2, 3, 4)": 0.008219218670625309, "(1, 0, 2, 4, 3)": 0.024204315501349927, "(1, 0, 3, 2, 4)": 0.003709447398198268, "(1, 0, 3, 4, 2)": 0.005369874817493921, "(1, 0, 4, 2, 3)": 0.004572380853195261, "(1, 0, 4, 3, 2)": 0.00804653134379446, "(1, 2, 0, 3, 4)": 0.0063749509802036915, "(1, 2, 0, 4, 3)": 0.007037676384211558, "(1, 2, 3, 0, 4)": 0.0034097898273451836, "(1, 2, 3, 4, 0)": 0.007840634894927551, "(1, 2, 4, 0, 3)": 0.006147809004479195, "(1, 2, 4, 3, 0)": 0.015360555545508973, "(1, 3, 0, 2, 4)": 0.004262497963505552, "(1, 3, 0, 4, 2)": 0.00666399946645321, "(1, 3, 2, 0, 4)": 0.009884668262853674, "(1, 3, 2, 4, 0)": 0.014991553177261741, "(1, 3, 4, 0, 2)": 0.006424951361683605, "(1, 3, 4, 2, 0)": 0.010827126427019615, "(1, 4, 0, 2, 3)": 0.005706915882408719, "(1, 4, 0, 3, 2)": 0.01710932169575665, "(1, 4, 2, 0, 3)": 0.016219604050517235, "(1, 4, 2, 3, 0)": 0.008472701261502557, "(1, 4, 3, 0, 2)": 0.010124557603503809, "(1, 4, 3, 2, 0)": 0.005564969801255777, "(2, 0, 1, 3, 4)": 0.00824297680857267, "(2, 0, 1, 4, 3)": 0.002739018477889885, "(2, 0, 3, 1, 4)": 0.0028534579412043725, "(2, 0, 3, 4, 1)": 0.01135762103415833, "(2, 0, 4, 1, 3)": 0.006711846905948371, "(2, 0, 4, 3, 1)": 0.01001509971104743, "(2, 1, 0, 3, 4)": 0.0016759740119968753, "(2, 1, 0, 4, 3)": 0.002963481436119065, "(2, 1, 3, 0, 4)": 0.004988876515698593, "(2, 1, 3, 4, 0)": 0.0014966629547095748, "(2, 1, 4, 0, 3)": 0.01542407929901239, "(2, 1, 4, 3, 0)": 0.005063156678946006, "(2, 3, 0, 1, 4)": 0.002847220867208353, "(2, 3, 0, 4, 1)": 0.06458427741245458, "(2, 3, 1, 0, 4)": 0.011012719918348958, "(2, 3, 1, 4, 0)": 0.00987567156647531, "(2, 3, 4, 0, 1)": 0.009162241356058401, "(2, 3, 4, 1, 0)": 0.007975518095327044, "(2, 4, 0, 1, 3)": 0.009933109617167568, "(2, 4, 0, 3, 1)": 0.02117608714249793, "(2, 4, 1, 0, 3)": 0.005603173703853517, "(2, 4, 1, 3, 0)": 0.01018757413060963, "(2, 4, 3, 0, 1)": 0.005959865770300535, "(2, 4, 3, 1, 0)": 0.010990096551997265, "(3, 0, 1, 2, 4)": 0.008094991592885601, "(3, 0, 1, 4, 2)": 0.0045762672804614815, "(3, 0, 2, 1, 4)": 0.015024720370849577, "(3, 0, 2, 4, 1)": 0.0024944382578492717, "(3, 0, 4, 1, 2)": 0.010493595930640524, "(3, 0, 4, 2, 1)": 0.0014966629547095748, "(3, 1, 0, 2, 4)": 0.005494239407476398, "(3, 1, 0, 4, 2)": 0.00623110477095889, "(3, 1, 2, 0, 4)": 0.004587906809089397, "(3, 1, 2, 4, 0)": 0.005989620652057662, "(3, 1, 4, 0, 2)": 0.0013199326582148817, "(3, 1, 4, 2, 0)": 0.00666399946645323, "(3, 2, 0, 1, 4)": 0.008125679458769382, "(3, 2, 0, 4, 1)": 0.006165134944905002, "(3, 2, 1, 0, 4)": 0.0015084944665312923, "(3, 2, 1, 4, 0)": 0.012475041750097136, "(3, 2, 4, 0, 1)": 0.07317145770190876, "(3, 2, 4, 1, 0)": 0.003287687468250122, "(3, 4, 0, 1, 2)": 0.008242976808572661, "(3, 4, 0, 2, 1)": 0.003641733408999387, "(3, 4, 1, 0, 2)": 0.007037676384211565, "(3, 4, 1, 2, 0)": 0.006318930992572151, "(3, 4, 2, 0, 1)": 0.005256107558513886, "(3, 4, 2, 1, 0)": 0.008160609998986323, "(4, 0, 1, 2, 3)": 0.002592296279363141, "(4, 0, 1, 3, 2)": 0.0013199326582149003, "(4, 0, 2, 1, 3)": 0.011161839752776723, "(4, 0, 2, 3, 1)": 0.009518169758706539, "(4, 0, 3, 1, 2)": 0.005249338582674546, "(4, 0, 3, 2, 1)": 0.0058088055762111936, "(4, 1, 0, 2, 3)": 0.011286963965369769, "(4, 1, 0, 3, 2)": 0.02506312031651288, "(4, 1, 2, 0, 3)": 0.00749281136972112, "(4, 1, 2, 3, 0)": 0.007744819056777398, "(4, 1, 3, 0, 2)": 0.0028534579412043725, "(4, 1, 3, 2, 0)": 0.0030346151137976203, "(4, 2, 0, 1, 3)": 0.008916401865226917, "(4, 2, 0, 3, 1)": 0.00562217830461546, "(4, 2, 1, 0, 3)": 0.003582674358011824, "(4, 2, 1, 3, 0)": 0.004931531202375184, "(4, 2, 3, 0, 1)": 0.006256729710213366, "(4, 2, 3, 1, 0)": 0.00556496980125579, "(4, 3, 0, 1, 2)": 0.005435684562837186, "(4, 3, 0, 2, 1)": 0.0063693711533313, "(4, 3, 1, 0, 2)": 0.0006531972647421769, "(4, 3, 1, 2, 0)": 0.0088684208791018, "(4, 3, 2, 0, 1)": 0.011277509575354937, "(4, 3, 2, 1, 0)": 0.004083571421630268}