{"(0, 1, 2, 3, 4)": 0.009313908357337922, "(0, 1, 2, 4, 3)": 0.00195675468285855, "(0, 1, 3, 2, 4)": 0.026219882193141558, "(0, 1, 3, 4, 2)": 0.004336665385600624, "(0, 1, 4, 2, 3)": 0.0013960261060914532, "(0, 1, 4, 3, 2)": 0.005966759775809845, "(0, 2, 1, 3, 4)": 0.030843403760862, "(0, 2, 1, 4, 3)": 0.0023252240035460344, "(0, 2, 3, 1, 4)": 0.01027661855324449, "(0, 2, 3, 4, 1)": 0.012095269966212234, "(0, 2, 4, 1, 3)": 0.02356117333429914, "(0, 2, 4, 3, 1)": 0.01258888398548496, "(0, 3, 1, 2, 4)": 0.01388692430549927, "(0, 3, 1, 4, 2)": 0.011790674280973074, "(0, 3, 2, 1, 4)": 0.007080018832366683, "(0, 3, 2, 4, 1)": 0.004937160677510467, "(0, 3, 4, 1, 2)": 0.006088422528774488, "(0, 3, 4, 2, 1)": 0.013209171897671039, "(0, 4, 1, 2, 3)": 0.007428473747831529, "(0, 4, 1, 3, 2)": 0.016780345646022907, "(0, 4, 2, 1, 3)": 0.006582299496883036, "(0, 4, 2, 3, 1)": 0.011742515346665162, "(0, 4, 3, 1, 2)": 0.018979521127315668, "(0, 4, 3, 2, 1)": 0.02677029863279244, "(1, 0, 2, 3, 4)": 0.0073920377584413225, "(1, 0, 2, 4, 3)": 0.012316114105782977, "(1, 0, 3, 2, 4)": 0.01198925444813906, "(1, 0, 3, 4, 2)": 0.008896566129068506, "(1, 0, 4, 2, 3)": 0.01688891812862966, "(1, 0, 4, 3, 2)": 0.008907050889916134, "(1, 2, 0, 3, 4)": 0.004811098280711657, "(1, 2, 0, 4, 3)": 0.04979466727360361, "(1, 2, 3, 0, 4)": 0.010028071710065811, "(1, 2, 3, 4, 0)": 0.007701659272881102, "(1, 2, 4, 0, 3)": 0.006553031529164347, "(1, 2, 4, 3, 0)": 0.0032704060230429283, "(1, 3, 0, 2, 4)": 0.010403952240481603, "(1, 3, 0, 4, 2)": 0.010880053104445576, "(1, 3, 2, 0, 4)": 0.01581820329732666, "(1, 3, 2, 4, 0)": 0.014698979556418192, "(1, 3, 4, 0, 2)": 0.010072073603119987, "(1, 3, 4, 2, 0)": 0.01254299273166762, "(1, 4, 0, 2, 3)": 0.009260669522232163, "(1, 4, 0, 3, 2)": 0.010684984271812907, "(1, 4, 2, 0, 3)": 0.005279730632859547, "(1, 4, 2, 3, 0)": 0.0024589970855344047, "(1, 4, 3, 0, 2)": 0.01756024550575025, "(1, 4, 3, 2, 0)": 0.0039041288685469997, "(2, 0, 1, 3, 4)": 0.014611639196202446, "(2, 0, 1, 4, 3)": 0.010036046144883072, "(2, 0, 3, 1, 4)": 0.008544133790046943, "(2, 0, 3, 4, 1)": 0.018001728312087774, "(2, 0, 4, 1, 3)": 0.021730316764066435, "(2, 0, 4, 3, 1)": 0.00869572053113228, "(2, 1, 0, 3, 4)": 0.0033875589375766844, "(2, 1, 0, 4, 3)": 0.014576922400378847, "(2, 1, 3, 0, 4)": 0.013717142559585806, "(2, 1, 3, 4, 0)": 0.01065624490876384, "(2, 1, 4, 0, 3)": 0.002471616654922218, "(2, 1, 4, 3, 0)": 0.003523571420527119, "(2, 3, 0, 1, 4)": 0.0023753362335093035, "(2, 3, 0, 4, 1)": 0.005323532661682453, "(2, 3, 1, 0, 4)": 0.010277159140540735, "(2, 3, 1, 4, 0)": 0.01158169053098705, "(2, 3, 4, 0, 1)": 0.003943207943906684, "(2, 3, 4, 1, 0)": 0.014735218582249346, "(2, 4, 0, 1, 3)": 0.0085046392568344, "(2, 4, 0, 3, 1)": 0.006393746945258319, "(2, 4, 1, 0, 3)": 0.011757928766959292, "(2, 4, 1, 3, 0)": 0.006379829325477464, "(2, 4, 3, 0, 1)": 0.02478391055144894, "(2, 4, 3, 1, 0)": 0.006744380376777901, "(3, 0, 1, 2, 4)": 0.0038663792996663916, "(3, 0, 1, 4, 2)": 0.019295134677483408, "(3, 0, 2, 1, 4)": 0.01675728697214041, "(3, 0, 2, 4, 1)": 0.00789106386293312, "(3, 0, 4, 1, 2)": 0.008102263058347754, "(3, 0, 4, 2, 1)": 0.009037698822156007, "(3, 1, 0, 2, 4)": 0.009642383292296336, "(3, 1, 0, 4, 2)": 0.007354363783949423, "(3, 1, 2, 0, 4)": 0.015168607934371133, "(3, 1, 2, 4, 0)": 0.022118217730087465, "(3, 1, 4, 0, 2)": 0.00742353614451285, "(3, 1, 4, 2, 0)": 0.0018184242262647636, "(3, 2, 0, 1, 4)": 0.02970892121905473, "(3, 2, 0, 4, 1)": 0.014075352768423087, "(3, 2, 1, 0, 4)": 0.011550565161737995, "(3, 2, 1, 4, 0)": 0.009312357381458247, "(3, 2, 4, 0, 1)": 0.017989688404441283, "(3, 2, 4, 1, 0)": 0.015284196631379303, "(3, 4, 0, 1, 2)": 0.01858189082592691, "(3, 4, 0, 2, 1)": 0.01216662100448052, "(3, 4, 1, 0, 2)": 0.009641000409132286, "(3, 4, 1, 2, 0)": 0.013653815095667113, "(3, 4, 2, 0, 1)": 0.00907903568056041, "(3, 4, 2, 1, 0)": 0.0030684777260973376, "(4, 0, 1, 2, 3)": 0.009706469778222959, "(4, 0, 1, 3, 2)": 0.0031478387647541394, "(4, 0, 2, 1, 3)": 0.007605407433019104, "(4, 0, 2, 3, 1)": 0.021000476185077326, "(4, 0, 3, 1, 2)": 0.002379542439676644, "(4, 0, 3, 2, 1)": 0.01745527618419906, "(4, 1, 0, 2, 3)": 0.012950761453374928, "(4, 1, 0, 3, 2)": 0.0024344746182013667, "(4, 1, 2, 0, 3)": 0.00969260886792956, "(4, 1, 2, 3, 0)": 0.01175187928233892, "(4, 1, 3, 0, 2)": 0.005816260730820871, "(4, 1, 3, 2, 0)": 0.006951258878793098, "(4, 2, 0, 1, 3)": 0.019384014032186418, "(4, 2, 0, 3, 1)": 0.011735700518787402, "(4, 2, 1, 0, 3)": 0.015566059945349759, "(4, 2, 1, 3, 0)": 0.012509285440112978, "(4, 2, 3, 0, 1)": 0.01350687067960434, "(4, 2, 3, 1, 0)": 0.00823825763671476, "(4, 3, 0, 1, 2)": 0.017264028112426902, "(4, 3, 0, 2, 1)": 0.023236322141566797, "(4, 3, 1, 0, 2)": 0.021810242242273833, "(4, 3, 1, 2, 0)": 0.0173904827100598, "(4, 3, 2, 0, 1)": 0.0027084230754362538, "(4, 3, 2, 1, 0)": 0.01605760463664074}