{"(0, 1, 2, 3, 4)": 0.00016996731711976616, "(0, 1, 2, 4, 3)": 0.00041096093353126486, "(0, 1, 3, 2, 4)": 0.0006164414002968988, "(0, 1, 3, 4, 2)": 0.0007318166133366766, "(0, 1, 4, 2, 3)": 0.0013063945294843537, "(0, 1, 4, 3, 2)": 0.0004082482904638634, "(0, 2, 1, 3, 4)": 0.0013097921802925699, "(0, 2, 1, 4, 3)": 0.00035590260840103827, "(0, 2, 3, 1, 4)": 0.0016083117442419748, "(0, 2, 3, 4, 1)": 0.0005792715732327521, "(0, 2, 4, 1, 3)": 0.0015326085243430117, "(0, 2, 4, 3, 1)": 0.0007930251502246822, "(0, 3, 1, 2, 4)": 0.0005906681715556453, "(0, 3, 1, 4, 2)": 0.0006976149845485477, "(0, 3, 2, 1, 4)": 0.00036817870057291336, "(0, 3, 2, 4, 1)": 0.000967241208569792, "(0, 3, 4, 1, 2)": 0.0005354126134736317, "(0, 3, 4, 2, 1)": 0.0020270394394014363, "(0, 4, 1, 2, 3)": 0.0006683312551921097, "(0, 4, 1, 3, 2)": 0.0009626352718795871, "(0, 4, 2, 1, 3)": 0.0003399346342395287, "(0, 4, 2, 3, 1)": 0.002017148702720963, "(0, 4, 3, 1, 2)": 0.0010964589468932342, "(0, 4, 3, 2, 1)": 0.0006599663291074408, "(1, 0, 2, 3, 4)": 0.0008730533902472483, "(1, 0, 2, 4, 3)": 0.0005249338582674561, "(1, 0, 3, 2, 4)": 0.0009809292646374825, "(1, 0, 3, 4, 2)": 0.0006944222218666517, "(1, 0, 4, 2, 3)": 0.000910433352249838, "(1, 0, 4, 3, 2)": 0.0023790754506740567, "(1, 2, 0, 3, 4)": 0.0006164414002968988, "(1, 2, 0, 4, 3)": 0.0008178562764256877, "(1, 2, 3, 0, 4)": 0.0007363574011458159, "(1, 2, 3, 4, 0)": 0.0018372685039360881, "(1, 2, 4, 0, 3)": 0.0006377042156569745, "(1, 2, 4, 3, 0)": 0.0004921607686744495, "(1, 3, 0, 2, 4)": 0.0006377042156569745, "(1, 3, 0, 4, 2)": 0.000294392028877597, "(1, 3, 2, 0, 4)": 0.003194091767971339, "(1, 3, 2, 4, 0)": 0.001481740718059522, "(1, 3, 4, 0, 2)": 0.0009201449161228205, "(1, 3, 4, 2, 0)": 0.0011556623882239844, "(1, 4, 0, 2, 3)": 0.0011575836902790238, "(1, 4, 0, 3, 2)": 0.0009741092797468302, "(1, 4, 2, 0, 3)": 0.0015627610892974713, "(1, 4, 2, 3, 0)": 0.0005436502143433361, "(1, 4, 3, 0, 2)": 0.00030912061651652335, "(1, 4, 3, 2, 0)": 0.003919467083956975, "(2, 0, 1, 3, 4)": 0.0005656854249492412, "(2, 0, 1, 4, 3)": 0.0021746008573733425, "(2, 0, 3, 1, 4)": 0.00191891172861656, "(2, 0, 3, 4, 1)": 0.001276279314605118, "(2, 0, 4, 1, 3)": 0.0009809292646374716, "(2, 0, 4, 3, 1)": 0.001697710877099572, "(2, 1, 0, 3, 4)": 0.0006976149845485371, "(2, 1, 0, 4, 3)": 0.0008640987597877137, "(2, 1, 3, 0, 4)": 0.0016739839372652927, "(2, 1, 3, 4, 0)": 0.0020072092289766153, "(2, 1, 4, 0, 3)": 0.0015627610892974635, "(2, 1, 4, 3, 0)": 0.0028335294049804624, "(2, 3, 0, 1, 4)": 0.0009030811456096084, "(2, 3, 0, 4, 1)": 0.0006182412330330517, "(2, 3, 1, 0, 4)": 0.0009626352718795745, "(2, 3, 1, 4, 0)": 0.0014854853303438063, "(2, 3, 4, 0, 1)": 0.0010230672835481883, "(2, 3, 4, 1, 0)": 0.0012498888839501782, "(2, 4, 0, 1, 3)": 0.0006182412330330517, "(2, 4, 0, 3, 1)": 0.0010708252269472634, "(2, 4, 1, 0, 3)": 0.0012472191289246482, "(2, 4, 1, 3, 0)": 0.0010338708279513942, "(2, 4, 3, 0, 1)": 0.0020270394394014354, "(2, 4, 3, 1, 0)": 0.0013912424503139446, "(3, 0, 1, 2, 4)": 0.0003299831645537204, "(3, 0, 1, 4, 2)": 0.0014429907214608957, "(3, 0, 2, 1, 4)": 0.0013597385369580803, "(3, 0, 2, 4, 1)": 0.00036817870057291336, "(3, 0, 4, 1, 2)": 0.003329664647778612, "(3, 0, 4, 2, 1)": 0.0005099019513592823, "(3, 1, 0, 2, 4)": 0.0008640987597877137, "(3, 1, 0, 4, 2)": 0.0017907168024751039, "(3, 1, 2, 0, 4)": 0.0004966554808583755, "(3, 1, 2, 4, 0)": 0.0023156472577277824, "(3, 1, 4, 0, 2)": 0.0015253414918196765, "(3, 1, 4, 2, 0)": 0.0009416297927883596, "(3, 2, 0, 1, 4)": 0.0004966554808583754, "(3, 2, 0, 4, 1)": 0.00032998316455371197, "(3, 2, 1, 0, 4)": 0.001108552609887718, "(3, 2, 1, 4, 0)": 0.0013097921802925699, "(3, 2, 4, 0, 1)": 0.0006182412330330517, "(3, 2, 4, 1, 0)": 0.0020154955277107978, "(3, 4, 0, 1, 2)": 0.0008956685895029559, "(3, 4, 0, 2, 1)": 0.000294392028877597, "(3, 4, 1, 0, 2)": 0.0011264496832477159, "(3, 4, 1, 2, 0)": 0.002301207412545769, "(3, 4, 2, 0, 1)": 0.0004898979485566383, "(3, 4, 2, 1, 0)": 0.000601849002842266, "(4, 0, 1, 2, 3)": 0.0006342099196813475, "(4, 0, 1, 3, 2)": 0.0012036980056845193, "(4, 0, 2, 1, 3)": 0.00046427960923946666, "(4, 0, 2, 3, 1)": 0.000967241208569792, "(4, 0, 3, 1, 2)": 0.00093926685357369, "(4, 0, 3, 2, 1)": 8.164965809277494e-05, "(4, 1, 0, 2, 3)": 0.0008956685895029559, "(4, 1, 0, 3, 2)": 0.0016990193249832907, "(4, 1, 2, 0, 3)": 0.0006944222218666468, "(4, 1, 2, 3, 0)": 0.0013474255287605147, "(4, 1, 3, 0, 2)": 0.0014165686240583924, "(4, 1, 3, 2, 0)": 0.0036808815369268467, "(4, 2, 0, 1, 3)": 0.0006599663291074511, "(4, 2, 0, 3, 1)": 0.0007318166133366695, "(4, 2, 1, 0, 3)": 0.0006164414002968973, "(4, 2, 1, 3, 0)": 0.0011115554667021981, "(4, 2, 3, 0, 1)": 0.0013767917618708913, "(4, 2, 3, 1, 0)": 0.00037416573867739993, "(4, 3, 0, 1, 2)": 0.0015556349186104166, "(4, 3, 0, 2, 1)": 0.0004921607686744376, "(4, 3, 1, 0, 2)": 0.0011323525167642031, "(4, 3, 1, 2, 0)": 0.0005906681715556395, "(4, 3, 2, 0, 1)": 0.000864098759787718, "(4, 3, 2, 1, 0)": 0.002264705033528409}