{"(0, 1, 2, 3, 4)": [0.0, 0.0, 0.0, 0.0, 0.8905], "(0, 1, 2, 4, 3)": [0.0, 0.0, 0.0, 0.9255, 0.0], "(0, 1, 3, 2, 4)": [0.0, 0.0, 0.0, 0.0, 0.8816666666666667], "(0, 1, 3, 4, 2)": [0.0, 0.0, 0.8481666666666667, 0.0, 0.0], "(0, 1, 4, 2, 3)": [0.0, 0.0, 0.0, 0.932, 0.0], "(0, 1, 4, 3, 2)": [0.0, 0.0, 0.8478333333333333, 0.0, 0.0], "(0, 2, 1, 3, 4)": [0.0, 0.0, 0.0, 0.0, 0.8785], "(0, 2, 1, 4, 3)": [0.0, 0.0, 0.0, 0.9235000000000001, 0.0], "(0, 2, 3, 1, 4)": [0.0, 0.0, 0.0, 0.0, 0.8811666666666667], "(0, 2, 3, 4, 1)": [0.0, 0.906, 0.0, 0.0, 0.0], "(0, 2, 4, 1, 3)": [0.0, 0.0, 0.0, 0.9258333333333333, 0.0], "(0, 2, 4, 3, 1)": [0.0, 0.9081666666666667, 0.0, 0.0, 0.0], "(0, 3, 1, 2, 4)": [0.0, 0.0, 0.0, 0.0, 0.8841666666666667], "(0, 3, 1, 4, 2)": [0.0, 0.0, 0.8548333333333332, 0.0, 0.0], "(0, 3, 2, 1, 4)": [0.0, 0.0, 0.0, 0.0, 0.8796666666666666], "(0, 3, 2, 4, 1)": [0.0, 0.9046666666666666, 0.0, 0.0, 0.0], "(0, 3, 4, 1, 2)": [0.0, 0.0, 0.8561666666666666, 0.0, 0.0], "(0, 3, 4, 2, 1)": [0.0, 0.9031666666666668, 0.0, 0.0, 0.0], "(0, 4, 1, 2, 3)": [0.0, 0.0, 0.0, 0.9319999999999999, 0.0], "(0, 4, 1, 3, 2)": [0.0, 0.0, 0.8528333333333333, 0.0, 0.0], "(0, 4, 2, 1, 3)": [0.0, 0.0, 0.0, 0.9238333333333334, 0.0], "(0, 4, 2, 3, 1)": [0.0, 0.9025, 0.0, 0.0, 0.0], "(0, 4, 3, 1, 2)": [0.0, 0.0, 0.8561666666666667, 0.0, 0.0], "(0, 4, 3, 2, 1)": [0.0, 0.9101666666666667, 0.0, 0.0, 0.0], "(1, 0, 2, 3, 4)": [0.0, 0.0, 0.0, 0.0, 0.8715], "(1, 0, 2, 4, 3)": [0.0, 0.0, 0.0, 0.9273333333333333, 0.0], "(1, 0, 3, 2, 4)": [0.0, 0.0, 0.0, 0.0, 0.8818333333333334], "(1, 0, 3, 4, 2)": [0.0, 0.0, 0.8476666666666667, 0.0, 0.0], "(1, 0, 4, 2, 3)": [0.0, 0.0, 0.0, 0.9218333333333334, 0.0], "(1, 0, 4, 3, 2)": [0.0, 0.0, 0.855, 0.0, 0.0], "(1, 2, 0, 3, 4)": [0.0, 0.0, 0.0, 0.0, 0.8883333333333333], "(1, 2, 0, 4, 3)": [0.0, 0.0, 0.0, 0.9289999999999999, 0.0], "(1, 2, 3, 0, 4)": [0.0, 0.0, 0.0, 0.0, 0.8828333333333332], "(1, 2, 3, 4, 0)": [0.8038333333333334, 0.0, 0.0, 0.0, 0.0], "(1, 2, 4, 0, 3)": [0.0, 0.0, 0.0, 0.9289999999999999, 0.0], "(1, 2, 4, 3, 0)": [0.8076666666666666, 0.0, 0.0, 0.0, 0.0], "(1, 3, 0, 2, 4)": [0.0, 0.0, 0.0, 0.0, 0.8836666666666666], "(1, 3, 0, 4, 2)": [0.0, 0.0, 0.8453333333333334, 0.0, 0.0], "(1, 3, 2, 0, 4)": [0.0, 0.0, 0.0, 0.0, 0.8865], "(1, 3, 2, 4, 0)": [0.8038333333333334, 0.0, 0.0, 0.0, 0.0], "(1, 3, 4, 0, 2)": [0.0, 0.0, 0.8451666666666666, 0.0, 0.0], "(1, 3, 4, 2, 0)": [0.7968333333333334, 0.0, 0.0, 0.0, 0.0], "(1, 4, 0, 2, 3)": [0.0, 0.0, 0.0, 0.926, 0.0], "(1, 4, 0, 3, 2)": [0.0, 0.0, 0.8555, 0.0, 0.0], "(1, 4, 2, 0, 3)": [0.0, 0.0, 0.0, 0.9225, 0.0], "(1, 4, 2, 3, 0)": [0.799, 0.0, 0.0, 0.0, 0.0], "(1, 4, 3, 0, 2)": [0.0, 0.0, 0.8445, 0.0, 0.0], "(1, 4, 3, 2, 0)": [0.7901666666666668, 0.0, 0.0, 0.0, 0.0], "(2, 0, 1, 3, 4)": [0.0, 0.0, 0.0, 0.0, 0.8923333333333333], "(2, 0, 1, 4, 3)": [0.0, 0.0, 0.0, 0.927, 0.0], "(2, 0, 3, 1, 4)": [0.0, 0.0, 0.0, 0.0, 0.87], "(2, 0, 3, 4, 1)": [0.0, 0.9071666666666666, 0.0, 0.0, 0.0], "(2, 0, 4, 1, 3)": [0.0, 0.0, 0.0, 0.9349999999999999, 0.0], "(2, 0, 4, 3, 1)": [0.0, 0.8953333333333333, 0.0, 0.0, 0.0], "(2, 1, 0, 3, 4)": [0.0, 0.0, 0.0, 0.0, 0.882], "(2, 1, 0, 4, 3)": [0.0, 0.0, 0.0, 0.926, 0.0], "(2, 1, 3, 0, 4)": [0.0, 0.0, 0.0, 0.0, 0.882], "(2, 1, 3, 4, 0)": [0.8055, 0.0, 0.0, 0.0, 0.0], "(2, 1, 4, 0, 3)": [0.0, 0.0, 0.0, 0.928, 0.0], "(2, 1, 4, 3, 0)": [0.8006666666666667, 0.0, 0.0, 0.0, 0.0], "(2, 3, 0, 1, 4)": [0.0, 0.0, 0.0, 0.0, 0.8813333333333334], "(2, 3, 0, 4, 1)": [0.0, 0.9051666666666666, 0.0, 0.0, 0.0], "(2, 3, 1, 0, 4)": [0.0, 0.0, 0.0, 0.0, 0.8793333333333333], "(2, 3, 1, 4, 0)": [0.7983333333333333, 0.0, 0.0, 0.0, 0.0], "(2, 3, 4, 0, 1)": [0.0, 0.8985, 0.0, 0.0, 0.0], "(2, 3, 4, 1, 0)": [0.798, 0.0, 0.0, 0.0, 0.0], "(2, 4, 0, 1, 3)": [0.0, 0.0, 0.0, 0.926, 0.0], "(2, 4, 0, 3, 1)": [0.0, 0.9088333333333333, 0.0, 0.0, 0.0], "(2, 4, 1, 0, 3)": [0.0, 0.0, 0.0, 0.9255, 0.0], "(2, 4, 1, 3, 0)": [0.7975, 0.0, 0.0, 0.0, 0.0], "(2, 4, 3, 0, 1)": [0.0, 0.9085000000000001, 0.0, 0.0, 0.0], "(2, 4, 3, 1, 0)": [0.7943333333333333, 0.0, 0.0, 0.0, 0.0], "(3, 0, 1, 2, 4)": [0.0, 0.0, 0.0, 0.0, 0.8816666666666667], "(3, 0, 1, 4, 2)": [0.0, 0.0, 0.8384999999999999, 0.0, 0.0], "(3, 0, 2, 1, 4)": [0.0, 0.0, 0.0, 0.0, 0.88], "(3, 0, 2, 4, 1)": [0.0, 0.9028333333333333, 0.0, 0.0, 0.0], "(3, 0, 4, 1, 2)": [0.0, 0.0, 0.8478333333333334, 0.0, 0.0], "(3, 0, 4, 2, 1)": [0.0, 0.9075000000000001, 0.0, 0.0, 0.0], "(3, 1, 0, 2, 4)": [0.0, 0.0, 0.0, 0.0, 0.8821666666666665], "(3, 1, 0, 4, 2)": [0.0, 0.0, 0.8555, 0.0, 0.0], "(3, 1, 2, 0, 4)": [0.0, 0.0, 0.0, 0.0, 0.8783333333333333], "(3, 1, 2, 4, 0)": [0.801, 0.0, 0.0, 0.0, 0.0], "(3, 1, 4, 0, 2)": [0.0, 0.0, 0.8513333333333334, 0.0, 0.0], "(3, 1, 4, 2, 0)": [0.802, 0.0, 0.0, 0.0, 0.0], "(3, 2, 0, 1, 4)": [0.0, 0.0, 0.0, 0.0, 0.8748333333333335], "(3, 2, 0, 4, 1)": [0.0, 0.9028333333333333, 0.0, 0.0, 0.0], "(3, 2, 1, 0, 4)": [0.0, 0.0, 0.0, 0.0, 0.8785], "(3, 2, 1, 4, 0)": [0.7991666666666667, 0.0, 0.0, 0.0, 0.0], "(3, 2, 4, 0, 1)": [0.0, 0.9043333333333333, 0.0, 0.0, 0.0], "(3, 2, 4, 1, 0)": [0.8016666666666667, 0.0, 0.0, 0.0, 0.0], "(3, 4, 0, 1, 2)": [0.0, 0.0, 0.8508333333333334, 0.0, 0.0], "(3, 4, 0, 2, 1)": [0.0, 0.9043333333333333, 0.0, 0.0, 0.0], "(3, 4, 1, 0, 2)": [0.0, 0.0, 0.8586666666666667, 0.0, 0.0], "(3, 4, 1, 2, 0)": [0.798, 0.0, 0.0, 0.0, 0.0], "(3, 4, 2, 0, 1)": [0.0, 0.9086666666666666, 0.0, 0.0, 0.0], "(3, 4, 2, 1, 0)": [0.8063333333333333, 0.0, 0.0, 0.0, 0.0], "(4, 0, 1, 2, 3)": [0.0, 0.0, 0.0, 0.9321666666666667, 0.0], "(4, 0, 1, 3, 2)": [0.0, 0.0, 0.8496666666666667, 0.0, 0.0], "(4, 0, 2, 1, 3)": [0.0, 0.0, 0.0, 0.9249999999999999, 0.0], "(4, 0, 2, 3, 1)": [0.0, 0.9053333333333334, 0.0, 0.0, 0.0], "(4, 0, 3, 1, 2)": [0.0, 0.0, 0.8526666666666666, 0.0, 0.0], "(4, 0, 3, 2, 1)": [0.0, 0.907, 0.0, 0.0, 0.0], "(4, 1, 0, 2, 3)": [0.0, 0.0, 0.0, 0.924, 0.0], "(4, 1, 0, 3, 2)": [0.0, 0.0, 0.8486666666666668, 0.0, 0.0], "(4, 1, 2, 0, 3)": [0.0, 0.0, 0.0, 0.9166666666666666, 0.0], "(4, 1, 2, 3, 0)": [0.8003333333333335, 0.0, 0.0, 0.0, 0.0], "(4, 1, 3, 0, 2)": [0.0, 0.0, 0.8531666666666666, 0.0, 0.0], "(4, 1, 3, 2, 0)": [0.8053333333333333, 0.0, 0.0, 0.0, 0.0], "(4, 2, 0, 1, 3)": [0.0, 0.0, 0.0, 0.9241666666666667, 0.0], "(4, 2, 0, 3, 1)": [0.0, 0.9009999999999999, 0.0, 0.0, 0.0], "(4, 2, 1, 0, 3)": [0.0, 0.0, 0.0, 0.9256666666666667, 0.0], "(4, 2, 1, 3, 0)": [0.8095, 0.0, 0.0, 0.0, 0.0], "(4, 2, 3, 0, 1)": [0.0, 0.902, 0.0, 0.0, 0.0], "(4, 2, 3, 1, 0)": [0.789, 0.0, 0.0, 0.0, 0.0], "(4, 3, 0, 1, 2)": [0.0, 0.0, 0.8494999999999999, 0.0, 0.0], "(4, 3, 0, 2, 1)": [0.0, 0.9021666666666667, 0.0, 0.0, 0.0], "(4, 3, 1, 0, 2)": [0.0, 0.0, 0.8433333333333333, 0.0, 0.0], "(4, 3, 1, 2, 0)": [0.7796666666666668, 0.0, 0.0, 0.0, 0.0], "(4, 3, 2, 0, 1)": [0.0, 0.9008333333333334, 0.0, 0.0, 0.0], "(4, 3, 2, 1, 0)": [0.7955, 0.0, 0.0, 0.0, 0.0]}