{"(0, 1, 2, 3, 4)": [0.9513333333333334, 0.24733333333333332, 0.0, 0.0, 0.24933333333333332], "(0, 1, 2, 4, 3)": [0.9446666666666665, 0.256, 0.0, 0.2886666666666667, 0.002], "(0, 1, 3, 2, 4)": [0.948, 0.14333333333333334, 0.0, 0.0, 0.296], "(0, 1, 3, 4, 2)": [0.9579999999999999, 0.39266666666666666, 0.10333333333333335, 0.05666666666666667, 0.19466666666666668], "(0, 1, 4, 2, 3)": [0.9566666666666667, 0.25933333333333336, 0.0, 0.2846666666666667, 0.0], "(0, 1, 4, 3, 2)": [0.9613333333333333, 0.36200000000000004, 0.108, 0.17600000000000002, 0.008666666666666666], "(0, 2, 1, 3, 4)": [0.9540000000000001, 0.5286666666666667, 0.0, 0.0, 0.2973333333333334], "(0, 2, 1, 4, 3)": [0.9513333333333334, 0.42533333333333334, 0.0, 0.29200000000000004, 0.0], "(0, 2, 3, 1, 4)": [0.9506666666666667, 0.5486666666666666, 0.024666666666666667, 0.0, 0.26333333333333336], "(0, 2, 3, 4, 1)": [0.944, 0.7846666666666667, 0.0, 0.018, 0.08600000000000001], "(0, 2, 4, 1, 3)": [0.9486666666666667, 0.49266666666666664, 0.0, 0.3093333333333333, 0.023333333333333334], "(0, 2, 4, 3, 1)": [0.9540000000000001, 0.7793333333333333, 0.0, 0.034, 0.048666666666666664], "(0, 3, 1, 2, 4)": [0.9579999999999999, 0.5393333333333333, 0.0, 0.0, 0.32066666666666666], "(0, 3, 1, 4, 2)": [0.9573333333333333, 0.5800000000000001, 0.10466666666666667, 0.0, 0.16], "(0, 3, 2, 1, 4)": [0.952, 0.604, 0.03333333333333333, 0.0, 0.2833333333333334], "(0, 3, 2, 4, 1)": [0.944, 0.7673333333333333, 0.0, 0.057333333333333326, 0.09600000000000002], "(0, 3, 4, 1, 2)": [0.9526666666666666, 0.6766666666666667, 0.10933333333333334, 0.018000000000000002, 0.12066666666666666], "(0, 3, 4, 2, 1)": [0.9466666666666667, 0.7566666666666667, 0.0, 0.0, 0.03333333333333333], "(0, 4, 1, 2, 3)": [0.9473333333333332, 0.5206666666666666, 0.0, 0.3393333333333333, 0.0], "(0, 4, 1, 3, 2)": [0.9546666666666667, 0.5846666666666667, 0.10133333333333333, 0.20866666666666667, 0.023999999999999997], "(0, 4, 2, 1, 3)": [0.9566666666666667, 0.4473333333333333, 0.017333333333333333, 0.3113333333333333, 0.013333333333333334], "(0, 4, 2, 3, 1)": [0.9386666666666666, 0.7706666666666667, 0.0, 0.037333333333333336, 0.03933333333333333], "(0, 4, 3, 1, 2)": [0.9526666666666666, 0.71, 0.10999999999999999, 0.042, 0.06066666666666667], "(0, 4, 3, 2, 1)": [0.9486666666666667, 0.7573333333333334, 0.0, 0.03466666666666667, 0.021333333333333333], "(1, 0, 2, 3, 4)": [0.27666666666666667, 0.846, 0.032, 0.0, 0.32666666666666666], "(1, 0, 2, 4, 3)": [0.19999999999999998, 0.8373333333333334, 0.05533333333333334, 0.334, 0.002], "(1, 0, 3, 2, 4)": [0.13066666666666668, 0.8573333333333334, 0.038, 0.0, 0.338], "(1, 0, 3, 4, 2)": [0.030666666666666665, 0.848, 0.146, 0.034, 0.072], "(1, 0, 4, 2, 3)": [0.09999999999999999, 0.842, 0.06466666666666666, 0.3553333333333333, 0.0006666666666666666], "(1, 0, 4, 3, 2)": [0.01, 0.842, 0.126, 0.10066666666666667, 0.10266666666666667], "(1, 2, 0, 3, 4)": [0.6846666666666668, 0.846, 0.0, 0.0, 0.31066666666666665], "(1, 2, 0, 4, 3)": [0.668, 0.862, 0.0, 0.33666666666666667, 0.0], "(1, 2, 3, 0, 4)": [0.8006666666666667, 0.85, 0.036, 0.0, 0.33933333333333326], "(1, 2, 3, 4, 0)": [0.9186666666666667, 0.8573333333333334, 0.0, 0.09533333333333334, 0.09533333333333333], "(1, 2, 4, 0, 3)": [0.8153333333333334, 0.848, 0.027333333333333334, 0.34400000000000003, 0.002], "(1, 2, 4, 3, 0)": [0.9206666666666666, 0.8413333333333334, 0.0, 0.18133333333333335, 0.06533333333333334], "(1, 3, 0, 2, 4)": [0.26, 0.8526666666666666, 0.04533333333333334, 0.0, 0.3513333333333333], "(1, 3, 0, 4, 2)": [0.5106666666666667, 0.848, 0.1386666666666667, 0.076, 0.17866666666666667], "(1, 3, 2, 0, 4)": [0.6453333333333333, 0.8473333333333333, 0.033999999999999996, 0.0, 0.3333333333333333], "(1, 3, 2, 4, 0)": [0.9246666666666666, 0.85, 0.0, 0.008, 0.10933333333333334], "(1, 3, 4, 0, 2)": [0.8393333333333333, 0.8526666666666666, 0.132, 0.052, 0.0033333333333333335], "(1, 3, 4, 2, 0)": [0.922, 0.838, 0.06133333333333333, 0.0, 0.042], "(1, 4, 0, 2, 3)": [0.25066666666666665, 0.8426666666666667, 0.05466666666666667, 0.3706666666666667, 0.0], "(1, 4, 0, 3, 2)": [0.3053333333333333, 0.8446666666666666, 0.14866666666666664, 0.16666666666666666, 0.04666666666666667], "(1, 4, 2, 0, 3)": [0.7166666666666667, 0.848, 0.0, 0.3273333333333333, 0.011333333333333334], "(1, 4, 2, 3, 0)": [0.9273333333333333, 0.8453333333333334, 0.06933333333333334, 0.18066666666666667, 0.051333333333333335], "(1, 4, 3, 0, 2)": [0.8186666666666667, 0.8453333333333334, 0.16533333333333333, 0.0, 0.04466666666666667], "(1, 4, 3, 2, 0)": [0.9266666666666667, 0.8426666666666667, 0.11599999999999999, 0.0026666666666666666, 0.049999999999999996], "(2, 0, 1, 3, 4)": [0.0, 0.0, 0.6006666666666667, 0.0, 0.33266666666666667], "(2, 0, 1, 4, 3)": [0.0, 0.056, 0.56, 0.334, 0.0], "(2, 0, 3, 1, 4)": [0.0, 0.0, 0.5606666666666666, 0.0, 0.34800000000000003], "(2, 0, 3, 4, 1)": [0.036, 0.8119999999999999, 0.5313333333333333, 0.0, 0.0], "(2, 0, 4, 1, 3)": [0.0, 0.0, 0.5706666666666665, 0.36933333333333335, 0.0], "(2, 0, 4, 3, 1)": [0.0, 0.8039999999999999, 0.6126666666666667, 0.0, 0.0], "(2, 1, 0, 3, 4)": [0.0, 0.0, 0.6126666666666667, 0.0, 0.33466666666666667], "(2, 1, 0, 4, 3)": [0.114, 0.0, 0.598, 0.36933333333333335, 0.0], "(2, 1, 3, 0, 4)": [0.0, 0.0, 0.588, 0.0, 0.32666666666666666], "(2, 1, 3, 4, 0)": [0.9266666666666667, 0.0, 0.622, 0.0, 0.0026666666666666666], "(2, 1, 4, 0, 3)": [0.0, 0.0, 0.568, 0.35133333333333333, 0.0], "(2, 1, 4, 3, 0)": [0.918, 0.0, 0.5599999999999999, 0.0033333333333333335, 0.0], "(2, 3, 0, 1, 4)": [0.0, 0.0, 0.5446666666666667, 0.0, 0.32], "(2, 3, 0, 4, 1)": [0.0, 0.8046666666666668, 0.6113333333333334, 0.0, 0.0006666666666666666], "(2, 3, 1, 0, 4)": [0.0, 0.0, 0.5680000000000001, 0.0, 0.3253333333333333], "(2, 3, 1, 4, 0)": [0.924, 0.0, 0.5246666666666667, 0.0, 0.0006666666666666666], "(2, 3, 4, 0, 1)": [0.0, 0.8233333333333334, 0.5606666666666668, 0.0, 0.0], "(2, 3, 4, 1, 0)": [0.908, 0.023333333333333334, 0.5586666666666668, 0.0, 0.0], "(2, 4, 0, 1, 3)": [0.0, 0.0, 0.596, 0.3453333333333333, 0.0], "(2, 4, 0, 3, 1)": [0.0, 0.8106666666666666, 0.56, 0.0, 0.0], "(2, 4, 1, 0, 3)": [0.0, 0.0, 0.5893333333333333, 0.36933333333333335, 0.0], "(2, 4, 1, 3, 0)": [0.9213333333333334, 0.0, 0.5746666666666665, 0.0, 0.05466666666666666], "(2, 4, 3, 0, 1)": [0.0, 0.82, 0.5766666666666667, 0.0, 0.0], "(2, 4, 3, 1, 0)": [0.9286666666666666, 0.0006666666666666666, 0.584, 0.0, 0.0], "(3, 0, 1, 2, 4)": [0.0, 0.0, 0.009333333333333334, 0.31466666666666665, 0.3539999999999999], "(3, 0, 1, 4, 2)": [0.0, 0.14333333333333334, 0.12, 0.3946666666666667, 0.222], "(3, 0, 2, 1, 4)": [0.12466666666666666, 0.4633333333333334, 0.06066666666666667, 0.3393333333333333, 0.34600000000000003], "(3, 0, 2, 4, 1)": [0.0, 0.8039999999999999, 0.06533333333333334, 0.3953333333333333, 0.15733333333333333], "(3, 0, 4, 1, 2)": [0.0, 0.5326666666666666, 0.12, 0.4033333333333333, 0.22066666666666668], "(3, 0, 4, 2, 1)": [0.0, 0.7879999999999999, 0.08933333333333333, 0.39399999999999996, 0.21333333333333335], "(3, 1, 0, 2, 4)": [0.16933333333333334, 0.0, 0.021333333333333333, 0.37600000000000006, 0.37399999999999994], "(3, 1, 0, 4, 2)": [0.0, 0.0, 0.12, 0.39399999999999996, 0.23133333333333336], "(3, 1, 2, 0, 4)": [0.68, 0.0, 0.0, 0.3666666666666667, 0.36199999999999993], "(3, 1, 2, 4, 0)": [0.9293333333333332, 0.0, 0.0, 0.38800000000000007, 0.20000000000000004], "(3, 1, 4, 0, 2)": [0.7080000000000001, 0.0, 0.11733333333333333, 0.4086666666666667, 0.16533333333333333], "(3, 1, 4, 2, 0)": [0.932, 0.0, 0.08866666666666667, 0.39199999999999996, 0.21333333333333335], "(3, 2, 0, 1, 4)": [0.6766666666666667, 0.4613333333333333, 0.028666666666666663, 0.304, 0.3393333333333333], "(3, 2, 0, 4, 1)": [0.38799999999999996, 0.8000000000000002, 0.0, 0.39266666666666666, 0.18200000000000002], "(3, 2, 1, 0, 4)": [0.5553333333333333, 0.2886666666666667, 0.0, 0.33066666666666666, 0.35800000000000004],