{"(0, 1, 2, 3, 4)": 0.6468333333333334, "(0, 1, 2, 4, 3)": 0.6251666666666666, "(0, 1, 3, 2, 4)": 0.6303333333333334, "(0, 1, 3, 4, 2)": 0.6209999999999999, "(0, 1, 4, 2, 3)": 0.6208333333333332, "(0, 1, 4, 3, 2)": 0.6266666666666666, "(0, 2, 1, 3, 4)": 0.6245, "(0, 2, 1, 4, 3)": 0.6266666666666666, "(0, 2, 3, 1, 4)": 0.5941666666666666, "(0, 2, 3, 4, 1)": 0.5138333333333334, "(0, 2, 4, 1, 3)": 0.6056666666666667, "(0, 2, 4, 3, 1)": 0.49333333333333335, "(0, 3, 1, 2, 4)": 0.6341666666666667, "(0, 3, 1, 4, 2)": 0.621, "(0, 3, 2, 1, 4)": 0.6215, "(0, 3, 2, 4, 1)": 0.513, "(0, 3, 4, 1, 2)": 0.6265000000000001, "(0, 3, 4, 2, 1)": 0.48583333333333334, "(0, 4, 1, 2, 3)": 0.6098333333333333, "(0, 4, 1, 3, 2)": 0.6251666666666668, "(0, 4, 2, 1, 3)": 0.6111666666666666, "(0, 4, 2, 3, 1)": 0.5101666666666665, "(0, 4, 3, 1, 2)": 0.6270000000000001, "(0, 4, 3, 2, 1)": 0.48899999999999993, "(1, 0, 2, 3, 4)": 0.6126666666666667, "(1, 0, 2, 4, 3)": 0.6006666666666666, "(1, 0, 3, 2, 4)": 0.5991666666666666, "(1, 0, 3, 4, 2)": 0.61, "(1, 0, 4, 2, 3)": 0.5996666666666667, "(1, 0, 4, 3, 2)": 0.6184999999999999, "(1, 2, 0, 3, 4)": 0.6055, "(1, 2, 0, 4, 3)": 0.6076666666666667, "(1, 2, 3, 0, 4)": 0.5978333333333334, "(1, 2, 3, 4, 0)": 0.46366666666666667, "(1, 2, 4, 0, 3)": 0.5936666666666667, "(1, 2, 4, 3, 0)": 0.4701666666666667, "(1, 3, 0, 2, 4)": 0.6143333333333333, "(1, 3, 0, 4, 2)": 0.6238333333333332, "(1, 3, 2, 0, 4)": 0.6109999999999999, "(1, 3, 2, 4, 0)": 0.45916666666666667, "(1, 3, 4, 0, 2)": 0.6156666666666667, "(1, 3, 4, 2, 0)": 0.45333333333333337, "(1, 4, 0, 2, 3)": 0.5931666666666667, "(1, 4, 0, 3, 2)": 0.6156666666666667, "(1, 4, 2, 0, 3)": 0.5800000000000001, "(1, 4, 2, 3, 0)": 0.45116666666666666, "(1, 4, 3, 0, 2)": 0.6124999999999999, "(1, 4, 3, 2, 0)": 0.453, "(2, 0, 1, 3, 4)": 0.5888333333333333, "(2, 0, 1, 4, 3)": 0.5863333333333333, "(2, 0, 3, 1, 4)": 0.5828333333333333, "(2, 0, 3, 4, 1)": 0.46399999999999997, "(2, 0, 4, 1, 3)": 0.5983333333333333, "(2, 0, 4, 3, 1)": 0.4911666666666667, "(2, 1, 0, 3, 4)": 0.5931666666666667, "(2, 1, 0, 4, 3)": 0.5741666666666667, "(2, 1, 3, 0, 4)": 0.585, "(2, 1, 3, 4, 0)": 0.4423333333333333, "(2, 1, 4, 0, 3)": 0.6008333333333333, "(2, 1, 4, 3, 0)": 0.4418333333333333, "(2, 3, 0, 1, 4)": 0.5983333333333333, "(2, 3, 0, 4, 1)": 0.4696666666666667, "(2, 3, 1, 0, 4)": 0.5948333333333333, "(2, 3, 1, 4, 0)": 0.451, "(2, 3, 4, 0, 1)": 0.46316666666666667, "(2, 3, 4, 1, 0)": 0.43333333333333335, "(2, 4, 0, 1, 3)": 0.5868333333333334, "(2, 4, 0, 3, 1)": 0.47066666666666673, "(2, 4, 1, 0, 3)": 0.5875, "(2, 4, 1, 3, 0)": 0.4501666666666666, "(2, 4, 3, 0, 1)": 0.45, "(2, 4, 3, 1, 0)": 0.43933333333333335, "(3, 0, 1, 2, 4)": 0.6055, "(3, 0, 1, 4, 2)": 0.6135, "(3, 0, 2, 1, 4)": 0.6021666666666666, "(3, 0, 2, 4, 1)": 0.48299999999999993, "(3, 0, 4, 1, 2)": 0.61, "(3, 0, 4, 2, 1)": 0.49183333333333334, "(3, 1, 0, 2, 4)": 0.6016666666666667, "(3, 1, 0, 4, 2)": 0.6128333333333333, "(3, 1, 2, 0, 4)": 0.6165, "(3, 1, 2, 4, 0)": 0.4491666666666667, "(3, 1, 4, 0, 2)": 0.6193333333333334, "(3, 1, 4, 2, 0)": 0.4498333333333333, "(3, 2, 0, 1, 4)": 0.5958333333333333, "(3, 2, 0, 4, 1)": 0.4928333333333333, "(3, 2, 1, 0, 4)": 0.5880000000000001, "(3, 2, 1, 4, 0)": 0.46799999999999997, "(3, 2, 4, 0, 1)": 0.465, "(3, 2, 4, 1, 0)": 0.44716666666666666, "(3, 4, 0, 1, 2)": 0.6106666666666667, "(3, 4, 0, 2, 1)": 0.49016666666666664, "(3, 4, 1, 0, 2)": 0.6303333333333333, "(3, 4, 1, 2, 0)": 0.4558333333333333, "(3, 4, 2, 0, 1)": 0.47633333333333333, "(3, 4, 2, 1, 0)": 0.4288333333333334, "(4, 0, 1, 2, 3)": 0.6068333333333333, "(4, 0, 1, 3, 2)": 0.6265000000000001, "(4, 0, 2, 1, 3)": 0.5915, "(4, 0, 2, 3, 1)": 0.4779999999999999, "(4, 0, 3, 1, 2)": 0.6286666666666667, "(4, 0, 3, 2, 1)": 0.48133333333333334, "(4, 1, 0, 2, 3)": 0.5921666666666666, "(4, 1, 0, 3, 2)": 0.6191666666666666, "(4, 1, 2, 0, 3)": 0.5876666666666667, "(4, 1, 2, 3, 0)": 0.46466666666666673, "(4, 1, 3, 0, 2)": 0.6345000000000001, "(4, 1, 3, 2, 0)": 0.449, "(4, 2, 0, 1, 3)": 0.5931666666666667, "(4, 2, 0, 3, 1)": 0.4648333333333334, "(4, 2, 1, 0, 3)": 0.596, "(4, 2, 1, 3, 0)": 0.4598333333333333, "(4, 2, 3, 0, 1)": 0.45216666666666666, "(4, 2, 3, 1, 0)": 0.42050000000000004, "(4, 3, 0, 1, 2)": 0.6263333333333333, "(4, 3, 0, 2, 1)": 0.4811666666666667, "(4, 3, 1, 0, 2)": 0.6255000000000001, "(4, 3, 1, 2, 0)": 0.4481666666666666, "(4, 3, 2, 0, 1)": 0.4523333333333333, "(4, 3, 2, 1, 0)": 0.44816666666666666}