{"(0, 1, 2, 3, 4)": 0.5365000000000001, "(0, 1, 2, 4, 3)": 0.5268333333333334, "(0, 1, 3, 2, 4)": 0.5395, "(0, 1, 3, 4, 2)": 0.6011666666666667, "(0, 1, 4, 2, 3)": 0.5306666666666666, "(0, 1, 4, 3, 2)": 0.5986666666666667, "(0, 2, 1, 3, 4)": 0.5438333333333333, "(0, 2, 1, 4, 3)": 0.5405000000000001, "(0, 2, 3, 1, 4)": 0.5375000000000001, "(0, 2, 3, 4, 1)": 0.4275, "(0, 2, 4, 1, 3)": 0.5291666666666667, "(0, 2, 4, 3, 1)": 0.4211666666666667, "(0, 3, 1, 2, 4)": 0.541, "(0, 3, 1, 4, 2)": 0.581, "(0, 3, 2, 1, 4)": 0.5341666666666667, "(0, 3, 2, 4, 1)": 0.42350000000000004, "(0, 3, 4, 1, 2)": 0.5846666666666667, "(0, 3, 4, 2, 1)": 0.42350000000000004, "(0, 4, 1, 2, 3)": 0.524, "(0, 4, 1, 3, 2)": 0.5904999999999999, "(0, 4, 2, 1, 3)": 0.5358333333333333, "(0, 4, 2, 3, 1)": 0.4216666666666667, "(0, 4, 3, 1, 2)": 0.5803333333333334, "(0, 4, 3, 2, 1)": 0.42016666666666663, "(1, 0, 2, 3, 4)": 0.5416666666666666, "(1, 0, 2, 4, 3)": 0.5413333333333333, "(1, 0, 3, 2, 4)": 0.547, "(1, 0, 3, 4, 2)": 0.6028333333333333, "(1, 0, 4, 2, 3)": 0.5453333333333333, "(1, 0, 4, 3, 2)": 0.5971666666666667, "(1, 2, 0, 3, 4)": 0.5441666666666668, "(1, 2, 0, 4, 3)": 0.5375, "(1, 2, 3, 0, 4)": 0.5386666666666667, "(1, 2, 3, 4, 0)": 0.391, "(1, 2, 4, 0, 3)": 0.5313333333333333, "(1, 2, 4, 3, 0)": 0.38716666666666666, "(1, 3, 0, 2, 4)": 0.5491666666666667, "(1, 3, 0, 4, 2)": 0.6109999999999999, "(1, 3, 2, 0, 4)": 0.5428333333333333, "(1, 3, 2, 4, 0)": 0.39633333333333337, "(1, 3, 4, 0, 2)": 0.6068333333333333, "(1, 3, 4, 2, 0)": 0.3975, "(1, 4, 0, 2, 3)": 0.5363333333333333, "(1, 4, 0, 3, 2)": 0.6011666666666667, "(1, 4, 2, 0, 3)": 0.5331666666666667, "(1, 4, 2, 3, 0)": 0.39633333333333337, "(1, 4, 3, 0, 2)": 0.6028333333333333, "(1, 4, 3, 2, 0)": 0.39299999999999996, "(2, 0, 1, 3, 4)": 0.5196666666666666, "(2, 0, 1, 4, 3)": 0.5335, "(2, 0, 3, 1, 4)": 0.5343333333333334, "(2, 0, 3, 4, 1)": 0.42100000000000004, "(2, 0, 4, 1, 3)": 0.5141666666666668, "(2, 0, 4, 3, 1)": 0.40666666666666673, "(2, 1, 0, 3, 4)": 0.5476666666666666, "(2, 1, 0, 4, 3)": 0.5208333333333334, "(2, 1, 3, 0, 4)": 0.5433333333333333, "(2, 1, 3, 4, 0)": 0.38633333333333336, "(2, 1, 4, 0, 3)": 0.5221666666666667, "(2, 1, 4, 3, 0)": 0.39233333333333337, "(2, 3, 0, 1, 4)": 0.5199999999999999, "(2, 3, 0, 4, 1)": 0.40199999999999997, "(2, 3, 1, 0, 4)": 0.5255, "(2, 3, 1, 4, 0)": 0.36033333333333334, "(2, 3, 4, 0, 1)": 0.3948333333333333, "(2, 3, 4, 1, 0)": 0.37166666666666665, "(2, 4, 0, 1, 3)": 0.5135, "(2, 4, 0, 3, 1)": 0.401, "(2, 4, 1, 0, 3)": 0.5213333333333333, "(2, 4, 1, 3, 0)": 0.383, "(2, 4, 3, 0, 1)": 0.4013333333333333, "(2, 4, 3, 1, 0)": 0.36166666666666664, "(3, 0, 1, 2, 4)": 0.5293333333333333, "(3, 0, 1, 4, 2)": 0.5888333333333334, "(3, 0, 2, 1, 4)": 0.5381666666666667, "(3, 0, 2, 4, 1)": 0.42416666666666675, "(3, 0, 4, 1, 2)": 0.5591666666666667, "(3, 0, 4, 2, 1)": 0.4175, "(3, 1, 0, 2, 4)": 0.5153333333333334, "(3, 1, 0, 4, 2)": 0.5753333333333334, "(3, 1, 2, 0, 4)": 0.5165000000000001, "(3, 1, 2, 4, 0)": 0.35100000000000003, "(3, 1, 4, 0, 2)": 0.5838333333333333, "(3, 1, 4, 2, 0)": 0.3746666666666667, "(3, 2, 0, 1, 4)": 0.5256666666666667, "(3, 2, 0, 4, 1)": 0.41816666666666674, "(3, 2, 1, 0, 4)": 0.5345, "(3, 2, 1, 4, 0)": 0.38366666666666666, "(3, 2, 4, 0, 1)": 0.4121666666666666, "(3, 2, 4, 1, 0)": 0.3735, "(3, 4, 0, 1, 2)": 0.5883333333333334, "(3, 4, 0, 2, 1)": 0.42050000000000004, "(3, 4, 1, 0, 2)": 0.5685, "(3, 4, 1, 2, 0)": 0.3598333333333334, "(3, 4, 2, 0, 1)": 0.42683333333333334, "(3, 4, 2, 1, 0)": 0.3868333333333333, "(4, 0, 1, 2, 3)": 0.5266666666666667, "(4, 0, 1, 3, 2)": 0.5838333333333333, "(4, 0, 2, 1, 3)": 0.5233333333333333, "(4, 0, 2, 3, 1)": 0.4288333333333334, "(4, 0, 3, 1, 2)": 0.5656666666666667, "(4, 0, 3, 2, 1)": 0.43450000000000005, "(4, 1, 0, 2, 3)": 0.5183333333333334, "(4, 1, 0, 3, 2)": 0.5768333333333334, "(4, 1, 2, 0, 3)": 0.4958333333333334, "(4, 1, 2, 3, 0)": 0.37700000000000006, "(4, 1, 3, 0, 2)": 0.572, "(4, 1, 3, 2, 0)": 0.36933333333333335, "(4, 2, 0, 1, 3)": 0.5275, "(4, 2, 0, 3, 1)": 0.4208333333333334, "(4, 2, 1, 0, 3)": 0.5351666666666667, "(4, 2, 1, 3, 0)": 0.379, "(4, 2, 3, 0, 1)": 0.41733333333333333, "(4, 2, 3, 1, 0)": 0.38716666666666666, "(4, 3, 0, 1, 2)": 0.5838333333333333, "(4, 3, 0, 2, 1)": 0.41250000000000003, "(4, 3, 1, 0, 2)": 0.5593333333333333, "(4, 3, 1, 2, 0)": 0.36033333333333334, "(4, 3, 2, 0, 1)": 0.42216666666666663, "(4, 3, 2, 1, 0)": 0.3796666666666666}