{"(0, 1, 2, 3, 4)": [0.0, 0.0, 0.0, 0.0, 0.3453333333333333], "(0, 1, 2, 4, 3)": [0.0, 0.0, 0.0, 0.35600000000000004, 0.0], "(0, 1, 3, 2, 4)": [0.0, 0.0, 0.0, 0.0, 0.3486666666666667], "(0, 1, 3, 4, 2)": [0.0, 0.0, 0.16933333333333334, 0.0, 0.0], "(0, 1, 4, 2, 3)": [0.0, 0.0, 0.0, 0.35333333333333333, 0.0], "(0, 1, 4, 3, 2)": [0.0, 0.0, 0.17400000000000002, 0.0, 0.0], "(0, 2, 1, 3, 4)": [0.0, 0.0, 0.0, 0.0, 0.3153333333333333], "(0, 2, 1, 4, 3)": [0.0, 0.0, 0.0, 0.36933333333333335, 0.0], "(0, 2, 3, 1, 4)": [0.0, 0.0, 0.0, 0.0, 0.324], "(0, 2, 3, 4, 1)": [0.0, 0.7653333333333334, 0.0, 0.0, 0.010666666666666666], "(0, 2, 4, 1, 3)": [0.0, 0.0, 0.0, 0.36400000000000005, 0.0], "(0, 2, 4, 3, 1)": [0.0, 0.7953333333333333, 0.0, 0.0026666666666666666, 0.0], "(0, 3, 1, 2, 4)": [0.0, 0.0, 0.0, 0.0, 0.3379999999999999], "(0, 3, 1, 4, 2)": [0.0, 0.0, 0.17400000000000002, 0.0, 0.0], "(0, 3, 2, 1, 4)": [0.0, 0.0, 0.0, 0.0, 0.328], "(0, 3, 2, 4, 1)": [0.0, 0.7853333333333333, 0.0, 0.0, 0.0], "(0, 3, 4, 1, 2)": [0.0, 0.0, 0.18600000000000003, 0.0, 0.0], "(0, 3, 4, 2, 1)": [0.0, 0.7853333333333333, 0.0, 0.0, 0.0], "(0, 4, 1, 2, 3)": [0.0, 0.0, 0.0, 0.36599999999999994, 0.0], "(0, 4, 1, 3, 2)": [0.0, 0.0, 0.17133333333333334, 0.0, 0.0], "(0, 4, 2, 1, 3)": [0.0, 0.0, 0.0, 0.38199999999999995, 0.0], "(0, 4, 2, 3, 1)": [0.0, 0.7766666666666667, 0.0, 0.0013333333333333333, 0.0], "(0, 4, 3, 1, 2)": [0.0, 0.0, 0.21, 0.0, 0.0], "(0, 4, 3, 2, 1)": [0.0, 0.7526666666666667, 0.0, 0.0, 0.0], "(1, 0, 2, 3, 4)": [0.0, 0.0, 0.0, 0.0, 0.3426666666666667], "(1, 0, 2, 4, 3)": [0.0, 0.0, 0.0, 0.3373333333333333, 0.0], "(1, 0, 3, 2, 4)": [0.0, 0.0, 0.0, 0.0, 0.342], "(1, 0, 3, 4, 2)": [0.0, 0.0, 0.17466666666666666, 0.0, 0.0], "(1, 0, 4, 2, 3)": [0.0, 0.0, 0.0, 0.35666666666666663, 0.0], "(1, 0, 4, 3, 2)": [0.0, 0.0, 0.204, 0.0, 0.0], "(1, 2, 0, 3, 4)": [0.0, 0.0, 0.0, 0.0, 0.332], "(1, 2, 0, 4, 3)": [0.0, 0.0, 0.0, 0.36866666666666664, 0.0], "(1, 2, 3, 0, 4)": [0.0, 0.0, 0.0, 0.0, 0.3466666666666667], "(1, 2, 3, 4, 0)": [0.9133333333333334, 0.0, 0.0, 0.0, 0.008666666666666668], "(1, 2, 4, 0, 3)": [0.0, 0.0, 0.0, 0.3553333333333333, 0.0], "(1, 2, 4, 3, 0)": [0.9186666666666667, 0.0, 0.0, 0.0013333333333333333, 0.0], "(1, 3, 0, 2, 4)": [0.0, 0.0, 0.0, 0.0, 0.34933333333333333], "(1, 3, 0, 4, 2)": [0.0, 0.0, 0.16933333333333334, 0.0, 0.0], "(1, 3, 2, 0, 4)": [0.0, 0.0, 0.0, 0.0, 0.3333333333333333], "(1, 3, 2, 4, 0)": [0.9293333333333335, 0.0, 0.0, 0.0, 0.002], "(1, 3, 4, 0, 2)": [0.0, 0.0, 0.17466666666666666, 0.0, 0.0], "(1, 3, 4, 2, 0)": [0.9073333333333333, 0.0, 0.0, 0.0, 0.0], "(1, 4, 0, 2, 3)": [0.0, 0.0, 0.0, 0.30266666666666664, 0.0], "(1, 4, 0, 3, 2)": [0.0, 0.0, 0.20199999999999999, 0.0, 0.0], "(1, 4, 2, 0, 3)": [0.0, 0.0, 0.0, 0.33266666666666667, 0.0], "(1, 4, 2, 3, 0)": [0.9293333333333335, 0.0, 0.0, 0.0033333333333333335, 0.0], "(1, 4, 3, 0, 2)": [0.0, 0.0, 0.17666666666666667, 0.0, 0.0], "(1, 4, 3, 2, 0)": [0.9146666666666667, 0.0, 0.0, 0.0, 0.0], "(2, 0, 1, 3, 4)": [0.0, 0.0, 0.0, 0.0, 0.33066666666666666], "(2, 0, 1, 4, 3)": [0.0, 0.0, 0.0, 0.3486666666666667, 0.0], "(2, 0, 3, 1, 4)": [0.0, 0.0, 0.0, 0.0, 0.336], "(2, 0, 3, 4, 1)": [0.0, 0.8033333333333333, 0.0, 0.0, 0.009333333333333334], "(2, 0, 4, 1, 3)": [0.0, 0.0, 0.0, 0.34733333333333327, 0.0], "(2, 0, 4, 3, 1)": [0.0, 0.798, 0.0, 0.008666666666666666, 0.0], "(2, 1, 0, 3, 4)": [0.0, 0.0, 0.0, 0.0, 0.31466666666666665], "(2, 1, 0, 4, 3)": [0.0, 0.0, 0.0, 0.336, 0.0], "(2, 1, 3, 0, 4)": [0.0, 0.0, 0.0, 0.0, 0.34800000000000003], "(2, 1, 3, 4, 0)": [0.9273333333333333, 0.0, 0.0, 0.0, 0.018000000000000002], "(2, 1, 4, 0, 3)": [0.0, 0.0, 0.0, 0.3453333333333333, 0.0], "(2, 1, 4, 3, 0)": [0.9226666666666667, 0.0, 0.0, 0.004, 0.0], "(2, 3, 0, 1, 4)": [0.0, 0.0, 0.0, 0.0, 0.3373333333333333], "(2, 3, 0, 4, 1)": [0.0, 0.7933333333333333, 0.0, 0.0, 0.006666666666666667], "(2, 3, 1, 0, 4)": [0.0, 0.0, 0.0, 0.0, 0.326], "(2, 3, 1, 4, 0)": [0.9146666666666667, 0.0, 0.0, 0.0, 0.006666666666666667], "(2, 3, 4, 0, 1)": [0.0006666666666666666, 0.7993333333333333, 0.0, 0.0, 0.008], "(2, 3, 4, 1, 0)": [0.9213333333333334, 0.030666666666666665, 0.0, 0.0, 0.0006666666666666666], "(2, 4, 0, 1, 3)": [0.0, 0.0, 0.0, 0.3453333333333333, 0.0], "(2, 4, 0, 3, 1)": [0.0, 0.8079999999999999, 0.0, 0.018666666666666668, 0.0], "(2, 4, 1, 0, 3)": [0.0, 0.0, 0.0, 0.3566666666666667, 0.0], "(2, 4, 1, 3, 0)": [0.9173333333333334, 0.0, 0.0, 0.006666666666666667, 0.0], "(2, 4, 3, 0, 1)": [0.002, 0.8086666666666668, 0.0, 0.0, 0.0], "(2, 4, 3, 1, 0)": [0.9173333333333334, 0.005333333333333333, 0.0, 0.0, 0.0], "(3, 0, 1, 2, 4)": [0.0, 0.0, 0.0, 0.0, 0.336], "(3, 0, 1, 4, 2)": [0.0, 0.0, 0.18266666666666667, 0.0, 0.0], "(3, 0, 2, 1, 4)": [0.0, 0.0, 0.0, 0.0, 0.34], "(3, 0, 2, 4, 1)": [0.0, 0.7953333333333333, 0.0, 0.0, 0.008666666666666666], "(3, 0, 4, 1, 2)": [0.0, 0.0, 0.19733333333333336, 0.0, 0.0], "(3, 0, 4, 2, 1)": [0.0, 0.7893333333333334, 0.0, 0.0, 0.0], "(3, 1, 0, 2, 4)": [0.0, 0.0, 0.0, 0.0, 0.3433333333333333], "(3, 1, 0, 4, 2)": [0.0, 0.0, 0.23666666666666666, 0.0, 0.0], "(3, 1, 2, 0, 4)": [0.0, 0.0, 0.0, 0.0, 0.3273333333333333], "(3, 1, 2, 4, 0)": [0.9306666666666668, 0.0, 0.0, 0.0, 0.012666666666666666], "(3, 1, 4, 0, 2)": [0.0, 0.0, 0.168, 0.0, 0.0], "(3, 1, 4, 2, 0)": [0.9206666666666666, 0.0, 0.0, 0.0, 0.0], "(3, 2, 0, 1, 4)": [0.0, 0.0, 0.0, 0.0, 0.3313333333333333], "(3, 2, 0, 4, 1)": [0.0, 0.81, 0.0, 0.0, 0.004], "(3, 2, 1, 0, 4)": [0.0, 0.0, 0.0, 0.0, 0.3293333333333333], "(3, 2, 1, 4, 0)": [0.9106666666666667, 0.0, 0.0, 0.0, 0.008], "(3, 2, 4, 0, 1)": [0.006000000000000001, 0.8073333333333333, 0.0, 0.0, 0.0026666666666666666], "(3, 2, 4, 1, 0)": [0.9213333333333334, 0.06266666666666666, 0.0, 0.0, 0.002], "(3, 4, 0, 1, 2)": [0.0, 0.0, 0.208, 0.0, 0.0], "(3, 4, 0, 2, 1)": [0.0, 0.7479999999999999, 0.0, 0.0, 0.0], "(3, 4, 1, 0, 2)": [0.0, 0.0, 0.18066666666666667, 0.0, 0.0], "(3, 4, 1, 2, 0)": [0.9306666666666668, 0.0, 0.0, 0.0, 0.0], "(3, 4, 2, 0, 1)": [0.012000000000000002, 0.7693333333333333, 0.0, 0.0, 0.0], "(3, 4, 2, 1, 0)": [0.88, 0.004, 0.0, 0.0, 0.0], "(4, 0, 1, 2, 3)": [0.0, 0.0, 0.0, 0.3546666666666667, 0.0], "(4, 0, 1, 3, 2)": [0.0, 0.0, 0.17666666666666667, 0.0, 0.0], "(4, 0, 2, 1, 3)": [0.0, 0.0006666666666666666, 0.0, 0.3173333333333333, 0.0], "(4, 0, 2, 3, 1)": [0.0, 0.7613333333333333, 0.0, 0.006666666666666667, 0.0], "(4, 0, 3, 1, 2)": [0.0, 0.0, 0.18666666666666665, 0.0, 0.0], "(4, 0, 3, 2, 1)": [0.0, 0.782, 0.0, 0.0, 0.0], "(4, 1, 0, 2, 3)": [0.0, 0.0, 0.0, 0.36866666666666664, 0.0], "(4, 1, 0, 3, 2)": [0.0, 0.0, 0.17066666666666666, 0.0, 0.0], "(4, 1, 2, 0, 3)": [0.0, 0.0, 0.0, 0.3419999999999999, 0.0], "(4, 1, 2, 3, 0)": [0.92, 0.0, 0.0, 0.0026666666666666666, 0.0], "(4, 1, 3, 0, 2)": [0.0, 0.0, 0.20533333333333337, 0.0, 0.0], "(4, 1, 3, 2, 0)": [0.9246666666666666, 0.0, 0.0, 0.0, 0.0], "(4, 2, 0, 1, 3)": [0.0, 0.0, 0.0, 0.3466666666666667, 0.0], "(4, 2, 0, 3, 1)": [0.0, 0.7933333333333333, 0.0, 0.0013333333333333333, 0.0], "(4, 2, 1, 0, 3)": [0.0, 0.0, 0.0, 0.36933333333333335, 0.0], "(4, 2, 1, 3, 0)": [0.9106666666666667, 0.0, 0.0, 0.008, 0.0], "(4, 2, 3, 0, 1)": [0.013999999999999999, 0.786, 0.0, 0.0006666666666666666, 0.0], "(4, 2, 3, 1, 0)": [0.9266666666666667, 0.023333333333333334, 0.0, 0.0, 0.0], "(4, 3, 0, 1, 2)": [0.0, 0.0, 0.22, 0.0, 0.0], "(4, 3, 0, 2, 1)": [0.0, 0.7913333333333333, 0.0, 0.0, 0.0], "(4, 3, 1, 0, 2)": [0.0, 0.0, 0.19733333333333333, 0.0, 0.0], "(4, 3, 1, 2, 0)": [0.9153333333333333, 0.0, 0.0, 0.0, 0.0], "(4, 3, 2, 0, 1)": [0.002, 0.774, 0.0, 0.0, 0.0], "(4, 3, 2, 1, 0)": [0.882, 0.005333333333333333, 0.0, 0.0, 0.0]}