{"(0, 1, 2, 3, 4)": [0.0, 0.0, 0.0, 0.0, 0.332], "(0, 1, 2, 4, 3)": [0.0, 0.0, 0.0, 0.36400000000000005, 0.0], "(0, 1, 3, 2, 4)": [0.0, 0.0, 0.0, 0.0, 0.3466666666666667], "(0, 1, 3, 4, 2)": [0.0, 0.0, 0.27066666666666667, 0.0, 0.0], "(0, 1, 4, 2, 3)": [0.0, 0.0, 0.0, 0.35600000000000004, 0.0], "(0, 1, 4, 3, 2)": [0.0, 0.0, 0.30400000000000005, 0.0, 0.0], "(0, 2, 1, 3, 4)": [0.0, 0.0, 0.0, 0.0, 0.32266666666666666], "(0, 2, 1, 4, 3)": [0.0, 0.0, 0.0, 0.35799999999999993, 0.0], "(0, 2, 3, 1, 4)": [0.0, 0.004666666666666667, 0.0, 0.0, 0.33066666666666666], "(0, 2, 3, 4, 1)": [0.0, 0.8106666666666666, 0.0, 0.0, 0.0], "(0, 2, 4, 1, 3)": [0.0, 0.014666666666666666, 0.0, 0.35133333333333333, 0.0], "(0, 2, 4, 3, 1)": [0.0, 0.8026666666666668, 0.0, 0.0013333333333333333, 0.0], "(0, 3, 1, 2, 4)": [0.0, 0.0, 0.0, 0.0, 0.36199999999999993], "(0, 3, 1, 4, 2)": [0.0, 0.0, 0.3233333333333333, 0.0, 0.0], "(0, 3, 2, 1, 4)": [0.0, 0.01, 0.0, 0.0, 0.35733333333333334], "(0, 3, 2, 4, 1)": [0.0, 0.8206666666666665, 0.0, 0.0, 0.0013333333333333333], "(0, 3, 4, 1, 2)": [0.0, 0.0, 0.2786666666666667, 0.0, 0.0], "(0, 3, 4, 2, 1)": [0.0, 0.798, 0.0, 0.0, 0.0], "(0, 4, 1, 2, 3)": [0.0, 0.0, 0.0, 0.36400000000000005, 0.0], "(0, 4, 1, 3, 2)": [0.0, 0.0, 0.268, 0.0, 0.0], "(0, 4, 2, 1, 3)": [0.0, 0.006000000000000001, 0.0, 0.36066666666666664, 0.0], "(0, 4, 2, 3, 1)": [0.0, 0.8093333333333333, 0.0, 0.0006666666666666666, 0.0], "(0, 4, 3, 1, 2)": [0.0, 0.0, 0.27066666666666667, 0.0, 0.0], "(0, 4, 3, 2, 1)": [0.0, 0.8026666666666668, 0.0, 0.0, 0.0], "(1, 0, 2, 3, 4)": [0.0, 0.0, 0.0, 0.0, 0.31666666666666665], "(1, 0, 2, 4, 3)": [0.0, 0.0, 0.0, 0.35266666666666663, 0.0], "(1, 0, 3, 2, 4)": [0.0, 0.0, 0.0, 0.0, 0.33666666666666667], "(1, 0, 3, 4, 2)": [0.0, 0.0, 0.2853333333333334, 0.0, 0.0], "(1, 0, 4, 2, 3)": [0.0, 0.0, 0.0, 0.36999999999999994, 0.0], "(1, 0, 4, 3, 2)": [0.0, 0.0, 0.25866666666666666, 0.0, 0.0], "(1, 2, 0, 3, 4)": [0.0, 0.0, 0.0, 0.0, 0.32466666666666666], "(1, 2, 0, 4, 3)": [0.0, 0.0, 0.0, 0.3426666666666667, 0.0], "(1, 2, 3, 0, 4)": [0.03666666666666667, 0.0, 0.0, 0.0, 0.3193333333333333], "(1, 2, 3, 4, 0)": [0.922, 0.0, 0.0, 0.0, 0.0], "(1, 2, 4, 0, 3)": [0.006000000000000001, 0.0, 0.0, 0.34600000000000003, 0.0], "(1, 2, 4, 3, 0)": [0.9346666666666668, 0.0, 0.0, 0.0, 0.0], "(1, 3, 0, 2, 4)": [0.0, 0.0, 0.0, 0.0, 0.332], "(1, 3, 0, 4, 2)": [0.0, 0.0, 0.26733333333333337, 0.0, 0.0], "(1, 3, 2, 0, 4)": [0.02, 0.0, 0.0, 0.0, 0.33], "(1, 3, 2, 4, 0)": [0.9253333333333335, 0.0, 0.0, 0.0, 0.0026666666666666666], "(1, 3, 4, 0, 2)": [0.0, 0.0, 0.24, 0.0, 0.0], "(1, 3, 4, 2, 0)": [0.916, 0.0, 0.0, 0.0, 0.0], "(1, 4, 0, 2, 3)": [0.0, 0.0, 0.0, 0.3446666666666666, 0.0], "(1, 4, 0, 3, 2)": [0.0, 0.0, 0.302, 0.0, 0.0], "(1, 4, 2, 0, 3)": [0.0, 0.0, 0.0, 0.3293333333333333, 0.0], "(1, 4, 2, 3, 0)": [0.9206666666666666, 0.0, 0.0, 0.0006666666666666666, 0.0], "(1, 4, 3, 0, 2)": [0.0, 0.0, 0.292, 0.0, 0.0], "(1, 4, 3, 2, 0)": [0.9186666666666667, 0.0, 0.0, 0.0, 0.0], "(2, 0, 1, 3, 4)": [0.0, 0.0, 0.0, 0.0, 0.3053333333333333], "(2, 0, 1, 4, 3)": [0.0, 0.0, 0.0, 0.3133333333333333, 0.0], "(2, 0, 3, 1, 4)": [0.0, 0.0, 0.0, 0.0, 0.2786666666666667], "(2, 0, 3, 4, 1)": [0.0, 0.8046666666666668, 0.0, 0.0, 0.008666666666666668], "(2, 0, 4, 1, 3)": [0.0, 0.0, 0.0, 0.34600000000000003, 0.0], "(2, 0, 4, 3, 1)": [0.0, 0.806, 0.0, 0.0, 0.0], "(2, 1, 0, 3, 4)": [0.0, 0.0, 0.0, 0.0, 0.29200000000000004], "(2, 1, 0, 4, 3)": [0.0, 0.0, 0.0, 0.33266666666666667, 0.0], "(2, 1, 3, 0, 4)": [0.016666666666666666, 0.0, 0.0, 0.0, 0.3093333333333334], "(2, 1, 3, 4, 0)": [0.9113333333333333, 0.0, 0.0, 0.0, 0.009333333333333332], "(2, 1, 4, 0, 3)": [0.0006666666666666666, 0.0, 0.0, 0.34333333333333327, 0.0], "(2, 1, 4, 3, 0)": [0.918, 0.0, 0.0, 0.0, 0.0], "(2, 3, 0, 1, 4)": [0.0, 0.0, 0.0, 0.0, 0.32866666666666666], "(2, 3, 0, 4, 1)": [0.0, 0.81, 0.0, 0.0, 0.004], "(2, 3, 1, 0, 4)": [0.002, 0.0, 0.0, 0.0, 0.318], "(2, 3, 1, 4, 0)": [0.9113333333333333, 0.0, 0.0, 0.0, 0.006666666666666667], "(2, 3, 4, 0, 1)": [0.066, 0.79, 0.0, 0.0, 0.0], "(2, 3, 4, 1, 0)": [0.906, 0.06666666666666667, 0.0, 0.0, 0.0], "(2, 4, 0, 1, 3)": [0.0, 0.0, 0.0, 0.34, 0.0], "(2, 4, 0, 3, 1)": [0.0, 0.7946666666666667, 0.0, 0.0, 0.0], "(2, 4, 1, 0, 3)": [0.0033333333333333335, 0.0, 0.0, 0.3406666666666667, 0.0], "(2, 4, 1, 3, 0)": [0.916, 0.0, 0.0, 0.0, 0.0], "(2, 4, 3, 0, 1)": [0.108, 0.8026666666666668, 0.0, 0.0, 0.0], "(2, 4, 3, 1, 0)": [0.9133333333333334, 0.044000000000000004, 0.0, 0.0, 0.0], "(3, 0, 1, 2, 4)": [0.0, 0.0, 0.0, 0.0, 0.33], "(3, 0, 1, 4, 2)": [0.0, 0.0, 0.27266666666666667, 0.0, 0.0], "(3, 0, 2, 1, 4)": [0.0, 0.0, 0.0, 0.0, 0.3133333333333333], "(3, 0, 2, 4, 1)": [0.0, 0.8033333333333333, 0.0, 0.0, 0.0], "(3, 0, 4, 1, 2)": [0.0, 0.0, 0.24066666666666667, 0.0, 0.0], "(3, 0, 4, 2, 1)": [0.0, 0.794, 0.0, 0.0, 0.0], "(3, 1, 0, 2, 4)": [0.0, 0.0, 0.0, 0.0, 0.3153333333333333], "(3, 1, 0, 4, 2)": [0.0, 0.0, 0.24733333333333332, 0.0, 0.0], "(3, 1, 2, 0, 4)": [0.005333333333333333, 0.0, 0.0, 0.0, 0.30333333333333334], "(3, 1, 2, 4, 0)": [0.92, 0.0, 0.0, 0.0, 0.0006666666666666666], "(3, 1, 4, 0, 2)": [0.0, 0.0, 0.252, 0.0, 0.0], "(3, 1, 4, 2, 0)": [0.932, 0.0, 0.0, 0.0, 0.0], "(3, 2, 0, 1, 4)": [0.0, 0.0, 0.0, 0.0, 0.334], "(3, 2, 0, 4, 1)": [0.0, 0.7906666666666666, 0.0, 0.0, 0.0], "(3, 2, 1, 0, 4)": [0.032, 0.0, 0.0, 0.0, 0.332], "(3, 2, 1, 4, 0)": [0.922, 0.0, 0.0, 0.0, 0.0013333333333333333], "(3, 2, 4, 0, 1)": [0.058666666666666666, 0.7973333333333334, 0.0, 0.0, 0.0], "(3, 2, 4, 1, 0)": [0.9213333333333334, 0.06866666666666667, 0.0, 0.0, 0.0], "(3, 4, 0, 1, 2)": [0.0, 0.0, 0.29000000000000004, 0.0, 0.0], "(3, 4, 0, 2, 1)": [0.0, 0.8146666666666667, 0.0, 0.0, 0.0], "(3, 4, 1, 0, 2)": [0.0, 0.0, 0.21466666666666667, 0.0, 0.0], "(3, 4, 1, 2, 0)": [0.9233333333333333, 0.0, 0.0, 0.0, 0.0], "(3, 4, 2, 0, 1)": [0.07133333333333333, 0.7946666666666667, 0.0, 0.0, 0.0], "(3, 4, 2, 1, 0)": [0.9226666666666667, 0.05266666666666667, 0.0, 0.0, 0.0], "(4, 0, 1, 2, 3)": [0.0, 0.0, 0.0, 0.3433333333333333, 0.0], "(4, 0, 1, 3, 2)": [0.0, 0.0, 0.204, 0.0, 0.0], "(4, 0, 2, 1, 3)": [0.0, 0.0026666666666666666, 0.0, 0.32866666666666666, 0.0], "(4, 0, 2, 3, 1)": [0.0, 0.8013333333333333, 0.0, 0.0, 0.0], "(4, 0, 3, 1, 2)": [0.0, 0.0, 0.19800000000000004, 0.0, 0.0], "(4, 0, 3, 2, 1)": [0.0, 0.8106666666666666, 0.0, 0.0, 0.0], "(4, 1, 0, 2, 3)": [0.0, 0.0, 0.0, 0.34400000000000003, 0.0], "(4, 1, 0, 3, 2)": [0.0, 0.0, 0.20733333333333337, 0.0, 0.0], "(4, 1, 2, 0, 3)": [0.009333333333333334, 0.0, 0.0, 0.3413333333333333, 0.0], "(4, 1, 2, 3, 0)": [0.914, 0.0, 0.0, 0.0, 0.0], "(4, 1, 3, 0, 2)": [0.0, 0.0, 0.228, 0.0, 0.0], "(4, 1, 3, 2, 0)": [0.92, 0.0, 0.0, 0.0, 0.0], "(4, 2, 0, 1, 3)": [0.0, 0.0, 0.0, 0.342, 0.0], "(4, 2, 0, 3, 1)": [0.0, 0.8146666666666667, 0.0, 0.005333333333333333, 0.0], "(4, 2, 1, 0, 3)": [0.010666666666666666, 0.0, 0.0, 0.36000000000000004, 0.0], "(4, 2, 1, 3, 0)": [0.914, 0.0, 0.0, 0.0, 0.0], "(4, 2, 3, 0, 1)": [0.108, 0.8079999999999999, 0.0, 0.0, 0.0], "(4, 2, 3, 1, 0)": [0.9073333333333333, 0.09466666666666666, 0.0, 0.0, 0.0], "(4, 3, 0, 1, 2)": [0.0, 0.0, 0.208, 0.0, 0.0], "(4, 3, 0, 2, 1)": [0.0, 0.8006666666666667, 0.0, 0.0, 0.0], "(4, 3, 1, 0, 2)": [0.0, 0.0, 0.21, 0.0, 0.0], "(4, 3, 1, 2, 0)": [0.914, 0.0, 0.0, 0.0, 0.0], "(4, 3, 2, 0, 1)": [0.11266666666666668, 0.802, 0.0, 0.0, 0.0], "(4, 3, 2, 1, 0)": [0.9153333333333333, 0.032, 0.0, 0.0, 0.0]}