{"(0, 1, 2, 3, 4)": 0.07333333333333335, "(0, 1, 2, 4, 3)": 0.038, "(0, 1, 3, 2, 4)": 0.05150000000000001, "(0, 1, 3, 4, 2)": 0.025500000000000012, "(0, 1, 4, 2, 3)": 0.02566666666666666, "(0, 1, 4, 3, 2)": 0.010833333333333342, "(0, 2, 1, 3, 4)": 0.07733333333333335, "(0, 2, 1, 4, 3)": 0.05900000000000002, "(0, 2, 3, 1, 4)": 0.06283333333333334, "(0, 2, 3, 4, 1)": 0.036666666666666674, "(0, 2, 4, 1, 3)": 0.02950000000000001, "(0, 2, 4, 3, 1)": 0.02033333333333333, "(0, 3, 1, 2, 4)": 0.05233333333333334, "(0, 3, 1, 4, 2)": -0.0034999999999999914, "(0, 3, 2, 1, 4)": 0.04533333333333334, "(0, 3, 2, 4, 1)": 0.016833333333333336, "(0, 3, 4, 1, 2)": -0.01583333333333333, "(0, 3, 4, 2, 1)": 0.0048333333333333145, "(0, 4, 1, 2, 3)": 0.03150000000000001, "(0, 4, 1, 3, 2)": 0.0009999999999999916, "(0, 4, 2, 1, 3)": 0.02466666666666667, "(0, 4, 2, 3, 1)": 0.011333333333333336, "(0, 4, 3, 1, 2)": -0.003999999999999987, "(0, 4, 3, 2, 1)": 0.001166666666666671, "(1, 0, 2, 3, 4)": 0.07416666666666667, "(1, 0, 2, 4, 3)": 0.06466666666666665, "(1, 0, 3, 2, 4)": 0.06633333333333334, "(1, 0, 3, 4, 2)": 0.024999999999999994, "(1, 0, 4, 2, 3)": 0.041666666666666664, "(1, 0, 4, 3, 2)": 0.01600000000000001, "(1, 2, 0, 3, 4)": 0.07216666666666667, "(1, 2, 0, 4, 3)": 0.05416666666666666, "(1, 2, 3, 0, 4)": 0.06566666666666666, "(1, 2, 3, 4, 0)": 0.01933333333333333, "(1, 2, 4, 0, 3)": 0.03366666666666668, "(1, 2, 4, 3, 0)": 0.01316666666666666, "(1, 3, 0, 2, 4)": 0.05733333333333334, "(1, 3, 0, 4, 2)": 0.022500000000000003, "(1, 3, 2, 0, 4)": 0.06883333333333334, "(1, 3, 2, 4, 0)": 0.016166666666666652, "(1, 3, 4, 0, 2)": -0.0008333333333333156, "(1, 3, 4, 2, 0)": 0.016499999999999976, "(1, 4, 0, 2, 3)": 0.033499999999999995, "(1, 4, 0, 3, 2)": 0.02149999999999999, "(1, 4, 2, 0, 3)": 0.03250000000000001, "(1, 4, 2, 3, 0)": 0.0053333333333333175, "(1, 4, 3, 0, 2)": -0.0016666666666666496, "(1, 4, 3, 2, 0)": 0.0073333333333333445, "(2, 0, 1, 3, 4)": 0.07283333333333332, "(2, 0, 1, 4, 3)": 0.03816666666666666, "(2, 0, 3, 1, 4)": 0.050666666666666665, "(2, 0, 3, 4, 1)": 0.030166666666666665, "(2, 0, 4, 1, 3)": 0.0345, "(2, 0, 4, 3, 1)": 0.022333333333333344, "(2, 1, 0, 3, 4)": 0.05866666666666667, "(2, 1, 0, 4, 3)": 0.04616666666666667, "(2, 1, 3, 0, 4)": 0.05783333333333333, "(2, 1, 3, 4, 0)": 0.0038333333333333275, "(2, 1, 4, 0, 3)": 0.042333333333333334, "(2, 1, 4, 3, 0)": 0.01783333333333333, "(2, 3, 0, 1, 4)": 0.015833333333333328, "(2, 3, 0, 4, 1)": -0.005166666666666674, "(2, 3, 1, 0, 4)": 0.025000000000000005, "(2, 3, 1, 4, 0)": 0.01800000000000001, "(2, 3, 4, 0, 1)": -0.001999999999999995, "(2, 3, 4, 1, 0)": -0.0034999999999999845, "(2, 4, 0, 1, 3)": 0.02333333333333333, "(2, 4, 0, 3, 1)": 0.009166666666666672, "(2, 4, 1, 0, 3)": 0.01916666666666667, "(2, 4, 1, 3, 0)": 0.003666666666666663, "(2, 4, 3, 0, 1)": -0.014666666666666668, "(2, 4, 3, 1, 0)": 0.001666666666666668, "(3, 0, 1, 2, 4)": 0.04766666666666667, "(3, 0, 1, 4, 2)": 0.014666666666666656, "(3, 0, 2, 1, 4)": 0.047499999999999994, "(3, 0, 2, 4, 1)": 0.03466666666666666, "(3, 0, 4, 1, 2)": 0.005499999999999995, "(3, 0, 4, 2, 1)": -0.001666666666666659, "(3, 1, 0, 2, 4)": 0.05150000000000001, "(3, 1, 0, 4, 2)": 0.015500000000000005, "(3, 1, 2, 0, 4)": 0.057333333333333326, "(3, 1, 2, 4, 0)": 0.023833333333333342, "(3, 1, 4, 0, 2)": 0.008833333333333334, "(3, 1, 4, 2, 0)": 0.01033333333333333, "(3, 2, 0, 1, 4)": 0.052166666666666674, "(3, 2, 0, 4, 1)": 0.03216666666666667, "(3, 2, 1, 0, 4)": 0.044333333333333336, "(3, 2, 1, 4, 0)": 0.0285, "(3, 2, 4, 0, 1)": -0.004333333333333318, "(3, 2, 4, 1, 0)": 0.00016666666666667376, "(3, 4, 0, 1, 2)": -0.027999999999999997, "(3, 4, 0, 2, 1)": -0.024499999999999994, "(3, 4, 1, 0, 2)": -0.02066666666666667, "(3, 4, 1, 2, 0)": -0.021333333333333333, "(3, 4, 2, 0, 1)": -0.010666666666666663, "(3, 4, 2, 1, 0)": -0.028499999999999987, "(4, 0, 1, 2, 3)": 0.008333333333333325, "(4, 0, 1, 3, 2)": 0.008833333333333337, "(4, 0, 2, 1, 3)": 0.011833333333333322, "(4, 0, 2, 3, 1)": 0.0013333333333333263, "(4, 0, 3, 1, 2)": 0.0024999999999999974, "(4, 0, 3, 2, 1)": -0.002000000000000018, "(4, 1, 0, 2, 3)": 0.025666666666666657, "(4, 1, 0, 3, 2)": -0.003166666666666674, "(4, 1, 2, 0, 3)": 0.02499999999999999, "(4, 1, 2, 3, 0)": 0.00983333333333333, "(4, 1, 3, 0, 2)": -0.008666666666666678, "(4, 1, 3, 2, 0)": -0.005333333333333325, "(4, 2, 0, 1, 3)": 0.030833333333333334, "(4, 2, 0, 3, 1)": 0.012333333333333335, "(4, 2, 1, 0, 3)": 0.030000000000000002, "(4, 2, 1, 3, 0)": 0.008333333333333345, "(4, 2, 3, 0, 1)": 0.0058333333333333405, "(4, 2, 3, 1, 0)": 2.3129646346357427e-18, "(4, 3, 0, 1, 2)": -0.012166666666666668, "(4, 3, 0, 2, 1)": -0.015833333333333335, "(4, 3, 1, 0, 2)": -0.03633333333333335, "(4, 3, 1, 2, 0)": -0.013666666666666666, "(4, 3, 2, 0, 1)": -0.012166666666666666, "(4, 3, 2, 1, 0)": -0.01733333333333333}