{"(0, 1, 2, 3, 4)": 0.0007930251502246822, "(0, 1, 2, 4, 3)": 0.0025197001585285737, "(0, 1, 3, 2, 4)": 0.0026132142830026252, "(0, 1, 3, 4, 2)": 0.001959591794226542, "(0, 1, 4, 2, 3)": 0.0011813363431112847, "(0, 1, 4, 3, 2)": 0.001525341491819666, "(0, 2, 1, 3, 4)": 0.0014817407180595199, "(0, 2, 1, 4, 3)": 0.0025922962793631455, "(0, 2, 3, 1, 4)": 0.002453568829277051, "(0, 2, 3, 4, 1)": 0.0024166091947189186, "(0, 2, 4, 1, 3)": 0.0009416297927883674, "(0, 2, 4, 3, 1)": 0.0010656244908763927, "(0, 3, 1, 2, 4)": 0.0013474255287605145, "(0, 3, 1, 4, 2)": 0.0020336065390226246, "(0, 3, 2, 1, 4)": 0.0034097898273451784, "(0, 3, 2, 4, 1)": 0.0037321426672742436, "(0, 3, 4, 1, 2)": 0.0012498888839501715, "(0, 3, 4, 2, 1)": 0.0032293790252754346, "(0, 4, 1, 2, 3)": 4.7140452079097985e-05, "(0, 4, 1, 3, 2)": 0.001268419839362695, "(0, 4, 2, 1, 3)": 0.004767482447674965, "(0, 4, 2, 3, 1)": 0.0002494438257849267, "(0, 4, 3, 1, 2)": 0.0021118712081942847, "(0, 4, 3, 2, 1)": 0.0008339997335464557, "(1, 0, 2, 3, 4)": 0.0030575952787916336, "(1, 0, 2, 4, 3)": 0.0009104333522498509, "(1, 0, 3, 2, 4)": 0.0013912424503139446, "(1, 0, 3, 4, 2)": 0.0017016332024133705, "(1, 0, 4, 2, 3)": 0.0005249338582674562, "(1, 0, 4, 3, 2)": 0.0003858612300930122, "(1, 2, 0, 3, 4)": 0.00200166597280033, "(1, 2, 0, 4, 3)": 0.0007257180352359098, "(1, 2, 3, 0, 4)": 0.0023328570942563634, "(1, 2, 3, 4, 0)": 0.0021416504538945393, "(1, 2, 4, 0, 3)": 0.0012036980056845193, "(1, 2, 4, 3, 0)": 4.7140452079111064e-05, "(1, 3, 0, 2, 4)": 0.0012256517540566783, "(1, 3, 0, 4, 2)": 0.002192917893786473, "(1, 3, 2, 0, 4)": 0.001596524001977068, "(1, 3, 2, 4, 0)": 0.0015748015748023602, "(1, 3, 4, 0, 2)": 0.0013670731102939852, "(1, 3, 4, 2, 0)": 0.0018785337071473914, "(1, 4, 0, 2, 3)": 0.0012229290885229496, "(1, 4, 0, 3, 2)": 0.002574662868977003, "(1, 4, 2, 0, 3)": 0.0012498888839501843, "(1, 4, 2, 3, 0)": 0.0018926759422104613, "(1, 4, 3, 0, 2)": 0.00193620476419434, "(1, 4, 3, 2, 0)": 0.0009104333522498381, "(2, 0, 1, 3, 4)": 0.000697614984548537, "(2, 0, 1, 4, 3)": 0.00012472191289246334, "(2, 0, 3, 1, 4)": 0.0017568911937472693, "(2, 0, 3, 4, 1)": 0.0005099019513592823, "(2, 0, 4, 1, 3)": 0.000262466929133724, "(2, 0, 4, 3, 1)": 0.0016819301082057236, "(2, 1, 0, 3, 4)": 0.0016213848676020356, "(2, 1, 0, 4, 3)": 0.00028674417556809036, "(2, 1, 3, 0, 4)": 0.0003299831645537251, "(2, 1, 3, 4, 0)": 0.0033767176699010947, "(2, 1, 4, 0, 3)": 0.000424264068711921, "(2, 1, 4, 3, 0)": 0.0006531972647421769, "(2, 3, 0, 1, 4)": 0.0012832251036613389, "(2, 3, 0, 4, 1)": 0.0009104333522498425, "(2, 3, 1, 0, 4)": 0.0013097921802925707, "(2, 3, 1, 4, 0)": 0.001470449666674187, "(2, 3, 4, 0, 1)": 0.0037276742823851338, "(2, 3, 4, 1, 0)": 0.004479087208597557, "(2, 4, 0, 1, 3)": 0.00332298393348843, "(2, 4, 0, 3, 1)": 0.0006480740698407875, "(2, 4, 1, 0, 3)": 0.0006128258770283392, "(2, 4, 1, 3, 0)": 0.0012832251036613402, "(2, 4, 3, 0, 1)": 0.0002494438257849267, "(2, 4, 3, 1, 0)": 0.0019770910168449233, "(3, 0, 1, 2, 4)": 0.001265789169736495, "(3, 0, 1, 4, 2)": 0.0004189935029992188, "(3, 0, 2, 1, 4)": 0.0008013876853447572, "(3, 0, 2, 4, 1)": 0.0003559026084010383, "(3, 0, 4, 1, 2)": 0.004243426288586464, "(3, 0, 4, 2, 1)": 0.002737801226450814, "(3, 1, 0, 2, 4)": 0.0011145502331533694, "(3, 1, 0, 4, 2)": 0.0031752515210959668, "(3, 1, 2, 0, 4)": 0.000424264068711921, "(3, 1, 2, 4, 0)": 0.0013767917618708913, "(3, 1, 4, 0, 2)": 0.0027796882319185844, "(3, 1, 4, 2, 0)": 0.00200166597280033, "(3, 2, 0, 1, 4)": 0.00037416573867739993, "(3, 2, 0, 4, 1)": 0.0018372685039360925, "(3, 2, 1, 0, 4)": 0.0003299831645537204, "(3, 2, 1, 4, 0)": 0.0017913371790059245, "(3, 2, 4, 0, 1)": 0.0008485281374238553, "(3, 2, 4, 1, 0)": 0.0016268579122549946, "(3, 4, 0, 1, 2)": 0.0020821996915655195, "(3, 4, 0, 2, 1)": 0.0007257180352359008, "(3, 4, 1, 0, 2)": 0.0027824849006278943, "(3, 4, 1, 2, 0)": 0.0010677078252031382, "(3, 4, 2, 0, 1)": 0.0012754084313139301, "(3, 4, 2, 1, 0)": 0.004552166761249225, "(4, 0, 1, 2, 3)": 0.0010198039027185606, "(4, 0, 1, 3, 2)": 0.0030728199137310726, "(4, 0, 2, 1, 3)": 0.0008055363982396352, "(4, 0, 2, 3, 1)": 0.0016499158227686124, "(4, 0, 3, 1, 2)": 0.0017987650084309334, "(4, 0, 3, 2, 1)": 0.0018708286933869726, "(4, 1, 0, 2, 3)": 0.0013021349989749814, "(4, 1, 0, 3, 2)": 0.0014839886193034708, "(4, 1, 2, 0, 3)": 0.0015412837362262458, "(4, 1, 2, 3, 0)": 0.0003858612300930122, "(4, 1, 3, 0, 2)": 0.0007039570693980997, "(4, 1, 3, 2, 0)": 0.0021791945504908206, "(4, 2, 0, 1, 3)": 0.0004784233364802514, "(4, 2, 0, 3, 1)": 0.002439034417323564, "(4, 2, 1, 0, 3)": 0.0015412837362262556, "(4, 2, 1, 3, 0)": 0.0020270394394014454, "(4, 2, 3, 0, 1)": 0.0012027745701779203, "(4, 2, 3, 1, 0)": 0.0008055363982396352, "(4, 3, 0, 1, 2)": 0.0006128258770283392, "(4, 3, 0, 2, 1)": 0.0017441967269268212, "(4, 3, 1, 0, 2)": 0.00041899350299921584, "(4, 3, 1, 2, 0)": 0.0019866219234335168, "(4, 3, 2, 0, 1)": 0.0020510160083886974, "(4, 3, 2, 1, 0)": 0.0006182412330330517}