{"(0, 1, 2, 3, 4)": 0.82275, "(0, 1, 2, 4, 3)": 0.811875, "(0, 1, 3, 2, 4)": 0.8283333333333333, "(0, 1, 3, 4, 2)": 0.8384166666666667, "(0, 1, 4, 2, 3)": 0.8155833333333332, "(0, 1, 4, 3, 2)": 0.8394166666666667, "(0, 2, 1, 3, 4)": 0.8250833333333333, "(0, 2, 1, 4, 3)": 0.8099166666666666, "(0, 2, 3, 1, 4)": 0.823375, "(0, 2, 3, 4, 1)": 0.8484583333333333, "(0, 2, 4, 1, 3)": 0.8163750000000002, "(0, 2, 4, 3, 1)": 0.8486250000000001, "(0, 3, 1, 2, 4)": 0.82425, "(0, 3, 1, 4, 2)": 0.8417499999999999, "(0, 3, 2, 1, 4)": 0.8312500000000002, "(0, 3, 2, 4, 1)": 0.8547083333333333, "(0, 3, 4, 1, 2)": 0.841875, "(0, 3, 4, 2, 1)": 0.8523333333333333, "(0, 4, 1, 2, 3)": 0.8177916666666668, "(0, 4, 1, 3, 2)": 0.8351666666666667, "(0, 4, 2, 1, 3)": 0.8119999999999999, "(0, 4, 2, 3, 1)": 0.8565416666666666, "(0, 4, 3, 1, 2)": 0.844125, "(0, 4, 3, 2, 1)": 0.8507916666666667, "(1, 0, 2, 3, 4)": 0.8269166666666666, "(1, 0, 2, 4, 3)": 0.8085833333333333, "(1, 0, 3, 2, 4)": 0.8275833333333334, "(1, 0, 3, 4, 2)": 0.8355416666666667, "(1, 0, 4, 2, 3)": 0.8177083333333334, "(1, 0, 4, 3, 2)": 0.841875, "(1, 2, 0, 3, 4)": 0.8144583333333334, "(1, 2, 0, 4, 3)": 0.8185416666666666, "(1, 2, 3, 0, 4)": 0.820125, "(1, 2, 3, 4, 0)": 0.8109583333333333, "(1, 2, 4, 0, 3)": 0.8134166666666666, "(1, 2, 4, 3, 0)": 0.8165, "(1, 3, 0, 2, 4)": 0.8210833333333333, "(1, 3, 0, 4, 2)": 0.8309583333333332, "(1, 3, 2, 0, 4)": 0.8227916666666667, "(1, 3, 2, 4, 0)": 0.8180416666666668, "(1, 3, 4, 0, 2)": 0.8409166666666666, "(1, 3, 4, 2, 0)": 0.8170833333333333, "(1, 4, 0, 2, 3)": 0.8125833333333333, "(1, 4, 0, 3, 2)": 0.8444166666666666, "(1, 4, 2, 0, 3)": 0.813625, "(1, 4, 2, 3, 0)": 0.8170833333333333, "(1, 4, 3, 0, 2)": 0.8388749999999999, "(1, 4, 3, 2, 0)": 0.8138333333333333, "(2, 0, 1, 3, 4)": 0.8287916666666666, "(2, 0, 1, 4, 3)": 0.8094166666666666, "(2, 0, 3, 1, 4)": 0.8293750000000001, "(2, 0, 3, 4, 1)": 0.8520416666666667, "(2, 0, 4, 1, 3)": 0.8195, "(2, 0, 4, 3, 1)": 0.8556666666666666, "(2, 1, 0, 3, 4)": 0.8244166666666667, "(2, 1, 0, 4, 3)": 0.816625, "(2, 1, 3, 0, 4)": 0.8252083333333333, "(2, 1, 3, 4, 0)": 0.819, "(2, 1, 4, 0, 3)": 0.8166666666666665, "(2, 1, 4, 3, 0)": 0.8177499999999999, "(2, 3, 0, 1, 4)": 0.824, "(2, 3, 0, 4, 1)": 0.8512083333333332, "(2, 3, 1, 0, 4)": 0.8185833333333333, "(2, 3, 1, 4, 0)": 0.8226666666666667, "(2, 3, 4, 0, 1)": 0.8526250000000001, "(2, 3, 4, 1, 0)": 0.8239166666666665, "(2, 4, 0, 1, 3)": 0.820625, "(2, 4, 0, 3, 1)": 0.8506666666666666, "(2, 4, 1, 0, 3)": 0.8104166666666667, "(2, 4, 1, 3, 0)": 0.8214583333333333, "(2, 4, 3, 0, 1)": 0.847875, "(2, 4, 3, 1, 0)": 0.8181666666666666, "(3, 0, 1, 2, 4)": 0.8237083333333333, "(3, 0, 1, 4, 2)": 0.8408333333333333, "(3, 0, 2, 1, 4)": 0.8276666666666667, "(3, 0, 2, 4, 1)": 0.8539166666666667, "(3, 0, 4, 1, 2)": 0.8421666666666666, "(3, 0, 4, 2, 1)": 0.8612916666666667, "(3, 1, 0, 2, 4)": 0.8274583333333334, "(3, 1, 0, 4, 2)": 0.8411666666666667, "(3, 1, 2, 0, 4)": 0.8292916666666666, "(3, 1, 2, 4, 0)": 0.8231250000000001, "(3, 1, 4, 0, 2)": 0.8385416666666666, "(3, 1, 4, 2, 0)": 0.8150833333333334, "(3, 2, 0, 1, 4)": 0.8317500000000001, "(3, 2, 0, 4, 1)": 0.8548333333333334, "(3, 2, 1, 0, 4)": 0.8272083333333334, "(3, 2, 1, 4, 0)": 0.8221666666666666, "(3, 2, 4, 0, 1)": 0.8525416666666668, "(3, 2, 4, 1, 0)": 0.8169166666666666, "(3, 4, 0, 1, 2)": 0.8470416666666667, "(3, 4, 0, 2, 1)": 0.8567499999999999, "(3, 4, 1, 0, 2)": 0.84275, "(3, 4, 1, 2, 0)": 0.8179583333333333, "(3, 4, 2, 0, 1)": 0.8494166666666668, "(3, 4, 2, 1, 0)": 0.8215, "(4, 0, 1, 2, 3)": 0.8121666666666666, "(4, 0, 1, 3, 2)": 0.835, "(4, 0, 2, 1, 3)": 0.8162083333333333, "(4, 0, 2, 3, 1)": 0.8569583333333334, "(4, 0, 3, 1, 2)": 0.8420416666666667, "(4, 0, 3, 2, 1)": 0.8559583333333333, "(4, 1, 0, 2, 3)": 0.8142083333333333, "(4, 1, 0, 3, 2)": 0.8358333333333333, "(4, 1, 2, 0, 3)": 0.81825, "(4, 1, 2, 3, 0)": 0.8151666666666667, "(4, 1, 3, 0, 2)": 0.8387916666666665, "(4, 1, 3, 2, 0)": 0.8181249999999999, "(4, 2, 0, 1, 3)": 0.8177500000000001, "(4, 2, 0, 3, 1)": 0.8578333333333332, "(4, 2, 1, 0, 3)": 0.8213750000000001, "(4, 2, 1, 3, 0)": 0.8191666666666667, "(4, 2, 3, 0, 1)": 0.852125, "(4, 2, 3, 1, 0)": 0.8232499999999998, "(4, 3, 0, 1, 2)": 0.8388750000000001, "(4, 3, 0, 2, 1)": 0.8550833333333333, "(4, 3, 1, 0, 2)": 0.8425416666666666, "(4, 3, 1, 2, 0)": 0.8201666666666666, "(4, 3, 2, 0, 1)": 0.8532500000000001, "(4, 3, 2, 1, 0)": 0.82025}