{"(0, 1, 2, 3, 4)": 0.004569296687918395, "(0, 1, 2, 4, 3)": 0.00032808366141716497, "(0, 1, 3, 2, 4)": 0.003783645361582168, "(0, 1, 3, 4, 2)": 0.0014031215200402416, "(0, 1, 4, 2, 3)": 0.018074594662736455, "(0, 1, 4, 3, 2)": 0.002415948169054059, "(0, 2, 1, 3, 4)": 0.0029267682214726325, "(0, 2, 1, 4, 3)": 0.0004602233757161086, "(0, 2, 3, 1, 4)": 0.007434669162481624, "(0, 2, 3, 4, 1)": 0.005865684103325048, "(0, 2, 4, 1, 3)": 0.0074556559440169725, "(0, 2, 4, 3, 1)": 0.0021311186420907625, "(0, 3, 1, 2, 4)": 0.006213504557726586, "(0, 3, 1, 4, 2)": 0.004244277192748978, "(0, 3, 2, 1, 4)": 0.007130723821760457, "(0, 3, 2, 4, 1)": 0.006172294729047092, "(0, 3, 4, 1, 2)": 0.0015489691912867712, "(0, 3, 4, 2, 1)": 0.01001942557679278, "(0, 4, 1, 2, 3)": 0.0035721725415588097, "(0, 4, 1, 3, 2)": 0.0032215636300129817, "(0, 4, 2, 1, 3)": 0.003183616915815553, "(0, 4, 2, 3, 1)": 0.0010051948401512576, "(0, 4, 3, 1, 2)": 0.008479345821203115, "(0, 4, 3, 2, 1)": 0.001159202311936955, "(1, 0, 2, 3, 4)": 0.003637669430952853, "(1, 0, 2, 4, 3)": 0.002394292983093115, "(1, 0, 3, 2, 4)": 0.002450198404664862, "(1, 0, 3, 4, 2)": 0.005901094531243018, "(1, 0, 4, 2, 3)": 0.004903584289974959, "(1, 0, 4, 3, 2)": 0.0029124970195501896, "(1, 2, 0, 3, 4)": 0.004601101921158556, "(1, 2, 0, 4, 3)": 0.0025947329128233635, "(1, 2, 3, 0, 4)": 0.0020849993338661115, "(1, 2, 3, 4, 0)": 0.004814618941884732, "(1, 2, 4, 0, 3)": 0.0006561673228342971, "(1, 2, 4, 3, 0)": 0.005500315647508131, "(1, 3, 0, 2, 4)": 0.0023281191741164543, "(1, 3, 0, 4, 2)": 0.00132811478754238, "(1, 3, 2, 0, 4)": 0.00763512533550624, "(1, 3, 2, 4, 0)": 0.003500495996601354, "(1, 3, 4, 0, 2)": 0.0034192063731548275, "(1, 3, 4, 2, 0)": 0.011470221106073862, "(1, 4, 0, 2, 3)": 0.00480487310504197, "(1, 4, 0, 3, 2)": 0.005462307713371307, "(1, 4, 2, 0, 3)": 0.004646907573860265, "(1, 4, 2, 3, 0)": 0.0038599618593394844, "(1, 4, 3, 0, 2)": 0.005536181495900901, "(1, 4, 3, 2, 0)": 0.0040981872686456245, "(2, 0, 1, 3, 4)": 0.009608481496400315, "(2, 0, 1, 4, 3)": 0.007357677396207755, "(2, 0, 3, 1, 4)": 0.006218531891764237, "(2, 0, 3, 4, 1)": 0.00350941194820764, "(2, 0, 4, 1, 3)": 0.004008238044605424, "(2, 0, 4, 3, 1)": 0.0002700308624336654, "(2, 1, 0, 3, 4)": 0.0011592023119369231, "(2, 1, 0, 4, 3)": 0.005635638088687619, "(2, 1, 3, 0, 4)": 0.011887639472251113, "(2, 1, 3, 4, 0)": 0.003062429137502164, "(2, 1, 4, 0, 3)": 0.0007168604389201872, "(2, 1, 4, 3, 0)": 0.0037416573867739447, "(2, 3, 0, 1, 4)": 0.006994293308754542, "(2, 3, 0, 4, 1)": 0.0023481671339341957, "(2, 3, 1, 0, 4)": 0.0069214340999535955, "(2, 3, 1, 4, 0)": 0.008393325721468628, "(2, 3, 4, 0, 1)": 0.003354619534645038, "(2, 3, 4, 1, 0)": 0.004585984081961021, "(2, 4, 0, 1, 3)": 0.009523180782817338, "(2, 4, 0, 3, 1)": 0.003028223718434489, "(2, 4, 1, 0, 3)": 0.007024510659113513, "(2, 4, 1, 3, 0)": 0.009065349168981518, "(2, 4, 3, 0, 1)": 0.0006208193510730531, "(2, 4, 3, 1, 0)": 0.018986837546047453, "(3, 0, 1, 2, 4)": 0.005435544028787612, "(3, 0, 1, 4, 2)": 0.003932150245801339, "(3, 0, 2, 1, 4)": 0.002392116682401179, "(3, 0, 2, 4, 1)": 0.005592343476178496, "(3, 0, 4, 1, 2)": 0.002997105084725712, "(3, 0, 4, 2, 1)": 0.0018371173070873173, "(3, 1, 0, 2, 4)": 0.0032739502134272336, "(3, 1, 0, 4, 2)": 0.003017886493705309, "(3, 1, 2, 0, 4)": 0.0020138409955991125, "(3, 1, 2, 4, 0)": 0.004969001129223305, "(3, 1, 4, 0, 2)": 0.0041762390044419425, "(3, 1, 4, 2, 0)": 0.012219491487873836, "(3, 2, 0, 1, 4)": 0.004488797785104124, "(3, 2, 0, 4, 1)": 0.0035414215601459152, "(3, 2, 1, 0, 4)": 0.004461642074393681, "(3, 2, 1, 4, 0)": 0.003881490979278729, "(3, 2, 4, 0, 1)": 0.006995037923811126, "(3, 2, 4, 1, 0)": 0.007250718355216009, "(3, 4, 0, 1, 2)": 0.002109008455807314, "(3, 4, 0, 2, 1)": 0.005363197636568013, "(3, 4, 1, 0, 2)": 0.0022760833806245995, "(3, 4, 1, 2, 0)": 0.0022391714737573934, "(3, 4, 2, 0, 1)": 0.003477606935810917, "(3, 4, 2, 1, 0)": 0.009562840407884417, "(4, 0, 1, 2, 3)": 0.005673708859487097, "(4, 0, 1, 3, 2)": 0.002788244170720269, "(4, 0, 2, 1, 3)": 0.0045311422400979495, "(4, 0, 2, 3, 1)": 0.0061291085993170555, "(4, 0, 3, 1, 2)": 0.009493418773023779, "(4, 0, 3, 2, 1)": 0.005841660722773955, "(4, 1, 0, 2, 3)": 0.0030482235263620057, "(4, 1, 0, 3, 2)": 0.006489039905015877, "(4, 1, 2, 0, 3)": 0.004668154524720305, "(4, 1, 2, 3, 0)": 0.00321832858622122, "(4, 1, 3, 0, 2)": 0.003995222841789302, "(4, 1, 3, 2, 0)": 0.002413072039261741, "(4, 2, 0, 1, 3)": 0.0016040313795766127, "(4, 2, 0, 3, 1)": 0.007673230885502058, "(4, 2, 1, 0, 3)": 0.006564054048799041, "(4, 2, 1, 3, 0)": 0.005495263111686861, "(4, 2, 3, 0, 1)": 0.009096893547921885, "(4, 2, 3, 1, 0)": 0.0031297186597022968, "(4, 3, 0, 1, 2)": 0.0032998316455371763, "(4, 3, 0, 2, 1)": 0.010223033633255186, "(4, 3, 1, 0, 2)": 0.012271381566700436, "(4, 3, 1, 2, 0)": 0.0019825628755617396, "(4, 3, 2, 0, 1)": 0.010156244658118251, "(4, 3, 2, 1, 0)": 0.004502699807399515}