{"(0, 1, 2, 3, 4)": 0.020500000000000015, "(0, 1, 2, 4, 3)": 0.009, "(0, 1, 3, 2, 4)": 0.026666666666666682, "(0, 1, 3, 4, 2)": 0.05099999999999999, "(0, 1, 4, 2, 3)": 0.03083333333333334, "(0, 1, 4, 3, 2)": 0.05100000000000001, "(0, 2, 1, 3, 4)": 0.029000000000000022, "(0, 2, 1, 4, 3)": 0.02200000000000002, "(0, 2, 3, 1, 4)": 0.02783333333333335, "(0, 2, 3, 4, 1)": 0.00766666666666667, "(0, 2, 4, 1, 3)": 0.028833333333333353, "(0, 2, 4, 3, 1)": 0.005499999999999992, "(0, 3, 1, 2, 4)": 0.039166666666666676, "(0, 3, 1, 4, 2)": 0.052166666666666674, "(0, 3, 2, 1, 4)": 0.0028333333333333426, "(0, 3, 2, 4, 1)": -0.022666666666666665, "(0, 3, 4, 1, 2)": 0.036000000000000004, "(0, 3, 4, 2, 1)": -0.009999999999999997, "(0, 4, 1, 2, 3)": 0.03300000000000001, "(0, 4, 1, 3, 2)": 0.06966666666666667, "(0, 4, 2, 1, 3)": 0.017500000000000012, "(0, 4, 2, 3, 1)": -0.010666666666666665, "(0, 4, 3, 1, 2)": 0.022333333333333344, "(0, 4, 3, 2, 1)": -0.01883333333333333, "(1, 0, 2, 3, 4)": 0.02, "(1, 0, 2, 4, 3)": 0.029000000000000015, "(1, 0, 3, 2, 4)": 0.026333333333333334, "(1, 0, 3, 4, 2)": 0.07483333333333335, "(1, 0, 4, 2, 3)": 0.027166666666666672, "(1, 0, 4, 3, 2)": 0.07016666666666667, "(1, 2, 0, 3, 4)": 0.032166666666666684, "(1, 2, 0, 4, 3)": 0.01233333333333334, "(1, 2, 3, 0, 4)": 0.018833333333333344, "(1, 2, 3, 4, 0)": -0.04583333333333334, "(1, 2, 4, 0, 3)": 0.009166666666666679, "(1, 2, 4, 3, 0)": -0.025499999999999995, "(1, 3, 0, 2, 4)": 0.039166666666666676, "(1, 3, 0, 4, 2)": 0.07400000000000001, "(1, 3, 2, 0, 4)": 0.043166666666666666, "(1, 3, 2, 4, 0)": 0.013666666666666667, "(1, 3, 4, 0, 2)": 0.063, "(1, 3, 4, 2, 0)": 0.01316666666666666, "(1, 4, 0, 2, 3)": 0.049000000000000016, "(1, 4, 0, 3, 2)": 0.06783333333333334, "(1, 4, 2, 0, 3)": 0.040000000000000015, "(1, 4, 2, 3, 0)": -0.011166666666666672, "(1, 4, 3, 0, 2)": 0.07433333333333335, "(1, 4, 3, 2, 0)": -0.010166666666666676, "(2, 0, 1, 3, 4)": 0.00966666666666667, "(2, 0, 1, 4, 3)": -0.005000000000000009, "(2, 0, 3, 1, 4)": -0.003166666666666667, "(2, 0, 3, 4, 1)": -0.015166666666666669, "(2, 0, 4, 1, 3)": -0.0195, "(2, 0, 4, 3, 1)": -0.027, "(2, 1, 0, 3, 4)": -0.008333333333333333, "(2, 1, 0, 4, 3)": -0.006499999999999996, "(2, 1, 3, 0, 4)": -0.003499999999999996, "(2, 1, 3, 4, 0)": -0.05333333333333335, "(2, 1, 4, 0, 3)": -0.00449999999999999, "(2, 1, 4, 3, 0)": -0.04900000000000001, "(2, 3, 0, 1, 4)": -0.015499999999999998, "(2, 3, 0, 4, 1)": -0.035833333333333335, "(2, 3, 1, 0, 4)": -0.005499999999999987, "(2, 3, 1, 4, 0)": -0.03783333333333333, "(2, 3, 4, 0, 1)": -0.058166666666666665, "(2, 3, 4, 1, 0)": -0.07233333333333335, "(2, 4, 0, 1, 3)": -0.02533333333333333, "(2, 4, 0, 3, 1)": -0.03049999999999999, "(2, 4, 1, 0, 3)": -0.019833333333333328, "(2, 4, 1, 3, 0)": -0.04116666666666667, "(2, 4, 3, 0, 1)": -0.05049999999999999, "(2, 4, 3, 1, 0)": -0.06749999999999999, "(3, 0, 1, 2, 4)": 0.019000000000000003, "(3, 0, 1, 4, 2)": 0.0635, "(3, 0, 2, 1, 4)": 0.03083333333333334, "(3, 0, 2, 4, 1)": 0.003499999999999995, "(3, 0, 4, 1, 2)": 0.06266666666666666, "(3, 0, 4, 2, 1)": 0.02983333333333334, "(3, 1, 0, 2, 4)": 0.027499999999999986, "(3, 1, 0, 4, 2)": 0.06733333333333334, "(3, 1, 2, 0, 4)": 0.0325, "(3, 1, 2, 4, 0)": 0.0073333333333333245, "(3, 1, 4, 0, 2)": 0.05266666666666667, "(3, 1, 4, 2, 0)": 0.007499999999999994, "(3, 2, 0, 1, 4)": 0.009500000000000003, "(3, 2, 0, 4, 1)": -0.0010000000000000009, "(3, 2, 1, 0, 4)": 0.01866666666666667, "(3, 2, 1, 4, 0)": -0.03916666666666666, "(3, 2, 4, 0, 1)": -0.008166666666666664, "(3, 2, 4, 1, 0)": -0.016333333333333335, "(3, 4, 0, 1, 2)": 0.060500000000000005, "(3, 4, 0, 2, 1)": 0.04250000000000001, "(3, 4, 1, 0, 2)": 0.04866666666666667, "(3, 4, 1, 2, 0)": 0.015333333333333326, "(3, 4, 2, 0, 1)": 0.014333333333333337, "(3, 4, 2, 1, 0)": -0.0008333333333333318, "(4, 0, 1, 2, 3)": 0.04833333333333334, "(4, 0, 1, 3, 2)": 0.068, "(4, 0, 2, 1, 3)": 0.043166666666666687, "(4, 0, 2, 3, 1)": 0.019500000000000007, "(4, 0, 3, 1, 2)": 0.051166666666666666, "(4, 0, 3, 2, 1)": -0.00683333333333333, "(4, 1, 0, 2, 3)": -0.005666666666666661, "(4, 1, 0, 3, 2)": 0.04583333333333334, "(4, 1, 2, 0, 3)": -0.004666666666666666, "(4, 1, 2, 3, 0)": -0.032833333333333346, "(4, 1, 3, 0, 2)": 0.027500000000000014, "(4, 1, 3, 2, 0)": -0.025833333333333337, "(4, 2, 0, 1, 3)": 0.02150000000000001, "(4, 2, 0, 3, 1)": 0.022333333333333354, "(4, 2, 1, 0, 3)": 0.014166666666666668, "(4, 2, 1, 3, 0)": -0.0043333333333333375, "(4, 2, 3, 0, 1)": -0.001499999999999991, "(4, 2, 3, 1, 0)": -0.02516666666666667, "(4, 3, 0, 1, 2)": 0.0695, "(4, 3, 0, 2, 1)": 0.010833333333333339, "(4, 3, 1, 0, 2)": 0.03283333333333333, "(4, 3, 1, 2, 0)": -0.030166666666666665, "(4, 3, 2, 0, 1)": -0.010999999999999996, "(4, 3, 2, 1, 0)": -0.018333333333333344}