{"(0, 1, 2, 3, 4)": 0.0016213848676020343, "(0, 1, 2, 4, 3)": 0.00203360653902263, "(0, 1, 3, 2, 4)": 0.0020499322482029087, "(0, 1, 3, 4, 2)": 0.004188078318274371, "(0, 1, 4, 2, 3)": 0.0051616104291414755, "(0, 1, 4, 3, 2)": 0.007470980896479086, "(0, 2, 1, 3, 4)": 0.0037007506746004307, "(0, 2, 1, 4, 3)": 0.0018061622912192168, "(0, 2, 3, 1, 4)": 0.004714752261666454, "(0, 2, 3, 4, 1)": 0.00806101730552664, "(0, 2, 4, 1, 3)": 0.005256953067657686, "(0, 2, 4, 3, 1)": 0.006380351784101642, "(0, 3, 1, 2, 4)": 0.006773149603807338, "(0, 3, 1, 4, 2)": 0.005760208329565877, "(0, 3, 2, 1, 4)": 0.010215021618511965, "(0, 3, 2, 4, 1)": 0.007144695001654497, "(0, 3, 4, 1, 2)": 0.005228341568370947, "(0, 3, 4, 2, 1)": 0.0013199326582149023, "(0, 4, 1, 2, 3)": 0.005781772123569798, "(0, 4, 1, 3, 2)": 0.002604269997949952, "(0, 4, 2, 1, 3)": 0.012141663806908842, "(0, 4, 2, 3, 1)": 0.005649778756730209, "(0, 4, 3, 1, 2)": 0.003137939876203305, "(0, 4, 3, 2, 1)": 0.0036887215490826538, "(1, 0, 2, 3, 4)": 0.005401440137181514, "(1, 0, 2, 4, 3)": 0.0010842303978193582, "(1, 0, 3, 2, 4)": 0.0013695092389449366, "(1, 0, 3, 4, 2)": 0.010508092119885529, "(1, 0, 4, 2, 3)": 0.00952505468050796, "(1, 0, 4, 3, 2)": 0.0060428102365998205, "(1, 2, 0, 3, 4)": 0.005944745579080739, "(1, 2, 0, 4, 3)": 0.002280838052607468, "(1, 2, 3, 0, 4)": 0.010205989526852482, "(1, 2, 3, 4, 0)": 0.0055178498227721594, "(1, 2, 4, 0, 3)": 0.004928150430604448, "(1, 2, 4, 3, 0)": 0.008524995927011078, "(1, 3, 0, 2, 4)": 0.01428939000330898, "(1, 3, 0, 4, 2)": 0.0040033319456006375, "(1, 3, 2, 0, 4)": 0.007699494932930476, "(1, 3, 2, 4, 0)": 0.005791372894228082, "(1, 3, 4, 0, 2)": 0.0007133644853010804, "(1, 3, 4, 2, 0)": 0.004888308046303512, "(1, 4, 0, 2, 3)": 0.008523040667638645, "(1, 4, 0, 3, 2)": 0.009517702804073406, "(1, 4, 2, 0, 3)": 0.00036817870057291336, "(1, 4, 2, 3, 0)": 0.0035216788925485675, "(1, 4, 3, 0, 2)": 0.006707210050883045, "(1, 4, 3, 2, 0)": 0.004993551397107639, "(2, 0, 1, 3, 4)": 0.003193048003954136, "(2, 0, 1, 4, 3)": 0.005848266599790249, "(2, 0, 3, 1, 4)": 0.004720404879056697, "(2, 0, 3, 4, 1)": 0.00300111090542597, "(2, 0, 4, 1, 3)": 0.003013672547278845, "(2, 0, 4, 3, 1)": 0.012946127692179706, "(2, 1, 0, 3, 4)": 0.005226428566005251, "(2, 1, 0, 4, 3)": 0.005926962872238106, "(2, 1, 3, 0, 4)": 0.0039852505846210305, "(2, 1, 3, 4, 0)": 0.004124991582483011, "(2, 1, 4, 0, 3)": 0.007114461016518078, "(2, 1, 4, 3, 0)": 0.0041214884042863305, "(2, 3, 0, 1, 4)": 0.004089824772122489, "(2, 3, 0, 4, 1)": 0.010180482415987081, "(2, 3, 1, 0, 4)": 0.006333157892306882, "(2, 3, 1, 4, 0)": 0.003953338954464792, "(2, 3, 4, 0, 1)": 0.004553631029799796, "(2, 3, 4, 1, 0)": 0.00796003908421448, "(2, 4, 0, 1, 3)": 0.003655437350334724, "(2, 4, 0, 3, 1)": 0.0018263503375737034, "(2, 4, 1, 0, 3)": 0.003813135192987515, "(2, 4, 1, 3, 0)": 0.00873091569589861, "(2, 4, 3, 0, 1)": 0.0059200225224796624, "(2, 4, 3, 1, 0)": 0.0077564310234941375, "(3, 0, 1, 2, 4)": 0.00794369071793599, "(3, 0, 1, 4, 2)": 0.0035984564592181478, "(3, 0, 2, 1, 4)": 0.006650480350237046, "(3, 0, 2, 4, 1)": 0.007552630152617172, "(3, 0, 4, 1, 2)": 0.005013537229896228, "(3, 0, 4, 2, 1)": 0.000946337971105226, "(3, 1, 0, 2, 4)": 0.001977091016844902, "(3, 1, 0, 4, 2)": 0.008688306317497474, "(3, 1, 2, 0, 4)": 0.0056468280181591, "(3, 1, 2, 4, 0)": 0.0017152907107024732, "(3, 1, 4, 0, 2)": 0.01598582705607274, "(3, 1, 4, 2, 0)": 0.005511805511808269, "(3, 2, 0, 1, 4)": 0.00278607649252891, "(3, 2, 0, 4, 1)": 0.003092284304882437, "(3, 2, 1, 0, 4)": 0.012692867638516063, "(3, 2, 1, 4, 0)": 0.005757507176625035, "(3, 2, 4, 0, 1)": 0.00906617645733612, "(3, 2, 4, 1, 0)": 0.010276618553244481, "(3, 4, 0, 1, 2)": 0.004212151733048358, "(3, 4, 0, 2, 1)": 0.009152534560922953, "(3, 4, 1, 0, 2)": 0.013297618834463046, "(3, 4, 1, 2, 0)": 0.010711053480711722, "(3, 4, 2, 0, 1)": 0.007991245209602819, "(3, 4, 2, 1, 0)": 0.016001458266878897, "(4, 0, 1, 2, 3)": 0.007967154796761234, "(4, 0, 1, 3, 2)": 0.009023056885310854, "(4, 0, 2, 1, 3)": 0.005939884024307386, "(4, 0, 2, 3, 1)": 0.000478423336480243, "(4, 0, 3, 1, 2)": 0.0035518383346593327, "(4, 0, 3, 2, 1)": 0.0036971460464645927, "(4, 1, 0, 2, 3)": 0.0031255221785949526, "(4, 1, 0, 3, 2)": 0.009598726767418464, "(4, 1, 2, 0, 3)": 0.0017795130420052202, "(4, 1, 2, 3, 0)": 0.009145612184114412, "(4, 1, 3, 0, 2)": 0.007005870554201093, "(4, 1, 3, 2, 0)": 0.009195651146058114, "(4, 2, 0, 1, 3)": 0.0045847573545390605, "(4, 2, 0, 3, 1)": 0.010652177659468935, "(4, 2, 1, 0, 3)": 0.007746540446476019, "(4, 2, 1, 3, 0)": 0.015674253482135022, "(4, 2, 3, 0, 1)": 0.002106075866524176, "(4, 2, 3, 1, 0)": 0.009471477650762257, "(4, 3, 0, 1, 2)": 0.006166756756098707, "(4, 3, 0, 2, 1)": 0.009766609783679636, "(4, 3, 1, 0, 2)": 0.014130424228907253, "(4, 3, 1, 2, 0)": 0.008734732712313264, "(4, 3, 2, 0, 1)": 0.0020607442021431514, "(4, 3, 2, 1, 0)": 0.004409333534925921}