{"(0, 1, 2, 3, 4)": -0.06083333333333336, "(0, 1, 2, 4, 3)": -0.05566666666666669, "(0, 1, 3, 2, 4)": -0.030166666666666675, "(0, 1, 3, 4, 2)": 0.00799999999999996, "(0, 1, 4, 2, 3)": -0.06350000000000001, "(0, 1, 4, 3, 2)": 0.0006666666666666441, "(0, 2, 1, 3, 4)": -0.0391666666666667, "(0, 2, 1, 4, 3)": -0.0555, "(0, 2, 3, 1, 4)": -0.03583333333333335, "(0, 2, 3, 4, 1)": -0.06600000000000002, "(0, 2, 4, 1, 3)": -0.042000000000000016, "(0, 2, 4, 3, 1)": -0.08033333333333335, "(0, 3, 1, 2, 4)": -0.028000000000000008, "(0, 3, 1, 4, 2)": -0.004833333333333352, "(0, 3, 2, 1, 4)": -0.03733333333333334, "(0, 3, 2, 4, 1)": -0.05366666666666669, "(0, 3, 4, 1, 2)": -0.018166666666666675, "(0, 3, 4, 2, 1)": -0.07533333333333335, "(0, 4, 1, 2, 3)": -0.08800000000000001, "(0, 4, 1, 3, 2)": -0.005666666666666688, "(0, 4, 2, 1, 3)": -0.0546666666666667, "(0, 4, 2, 3, 1)": -0.0815, "(0, 4, 3, 1, 2)": -0.009333333333333341, "(0, 4, 3, 2, 1)": -0.05883333333333335, "(1, 0, 2, 3, 4)": -0.04733333333333336, "(1, 0, 2, 4, 3)": -0.05983333333333337, "(1, 0, 3, 2, 4)": -0.04033333333333335, "(1, 0, 3, 4, 2)": 0.007499999999999983, "(1, 0, 4, 2, 3)": -0.038333333333333344, "(1, 0, 4, 3, 2)": -0.006833333333333355, "(1, 2, 0, 3, 4)": -0.04983333333333334, "(1, 2, 0, 4, 3)": -0.06083333333333335, "(1, 2, 3, 0, 4)": -0.06399999999999999, "(1, 2, 3, 4, 0)": -0.07683333333333332, "(1, 2, 4, 0, 3)": -0.04983333333333334, "(1, 2, 4, 3, 0)": -0.06700000000000002, "(1, 3, 0, 2, 4)": -0.03333333333333334, "(1, 3, 0, 4, 2)": -0.0028333333333333452, "(1, 3, 2, 0, 4)": -0.04633333333333334, "(1, 3, 2, 4, 0)": -0.07400000000000002, "(1, 3, 4, 0, 2)": -0.01016666666666668, "(1, 3, 4, 2, 0)": -0.042166666666666665, "(1, 4, 0, 2, 3)": -0.04400000000000004, "(1, 4, 0, 3, 2)": -0.06100000000000002, "(1, 4, 2, 0, 3)": -0.05966666666666668, "(1, 4, 2, 3, 0)": -0.0795, "(1, 4, 3, 0, 2)": -0.010833333333333361, "(1, 4, 3, 2, 0)": -0.056333333333333346, "(2, 0, 1, 3, 4)": -0.05183333333333334, "(2, 0, 1, 4, 3)": -0.04983333333333335, "(2, 0, 3, 1, 4)": -0.047833333333333346, "(2, 0, 3, 4, 1)": -0.07483333333333332, "(2, 0, 4, 1, 3)": -0.056000000000000015, "(2, 0, 4, 3, 1)": -0.06016666666666668, "(2, 1, 0, 3, 4)": -0.03983333333333337, "(2, 1, 0, 4, 3)": -0.04816666666666669, "(2, 1, 3, 0, 4)": -0.03683333333333335, "(2, 1, 3, 4, 0)": -0.04933333333333335, "(2, 1, 4, 0, 3)": -0.055166666666666676, "(2, 1, 4, 3, 0)": -0.06733333333333334, "(2, 3, 0, 1, 4)": -0.03300000000000001, "(2, 3, 0, 4, 1)": -0.11483333333333334, "(2, 3, 1, 0, 4)": -0.023999999999999994, "(2, 3, 1, 4, 0)": -0.053666666666666696, "(2, 3, 4, 0, 1)": -0.06466666666666666, "(2, 3, 4, 1, 0)": -0.04516666666666668, "(2, 4, 0, 1, 3)": -0.04466666666666666, "(2, 4, 0, 3, 1)": -0.06366666666666666, "(2, 4, 1, 0, 3)": -0.03433333333333335, "(2, 4, 1, 3, 0)": -0.06450000000000002, "(2, 4, 3, 0, 1)": -0.05983333333333335, "(2, 4, 3, 1, 0)": -0.08283333333333336, "(3, 0, 1, 2, 4)": -0.022333333333333358, "(3, 0, 1, 4, 2)": 0.013999999999999952, "(3, 0, 2, 1, 4)": -0.02316666666666666, "(3, 0, 2, 4, 1)": -0.041000000000000016, "(3, 0, 4, 1, 2)": -0.004833333333333359, "(3, 0, 4, 2, 1)": -0.03800000000000001, "(3, 1, 0, 2, 4)": -0.024500000000000032, "(3, 1, 0, 4, 2)": 0.011499999999999976, "(3, 1, 2, 0, 4)": -0.0171666666666667, "(3, 1, 2, 4, 0)": -0.06283333333333335, "(3, 1, 4, 0, 2)": -0.0005000000000000166, "(3, 1, 4, 2, 0)": -0.05100000000000001, "(3, 2, 0, 1, 4)": -0.009500000000000017, "(3, 2, 0, 4, 1)": -0.029000000000000022, "(3, 2, 1, 0, 4)": -0.005500000000000009, "(3, 2, 1, 4, 0)": -0.028000000000000008, "(3, 2, 4, 0, 1)": -0.09000000000000001, "(3, 2, 4, 1, 0)": -0.04466666666666666, "(3, 4, 0, 1, 2)": -0.014833333333333356, "(3, 4, 0, 2, 1)": -0.041000000000000016, "(3, 4, 1, 0, 2)": -0.004500000000000011, "(3, 4, 1, 2, 0)": -0.04850000000000001, "(3, 4, 2, 0, 1)": -0.04333333333333334, "(3, 4, 2, 1, 0)": -0.05183333333333335, "(4, 0, 1, 2, 3)": -0.032500000000000015, "(4, 0, 1, 3, 2)": -0.014333333333333344, "(4, 0, 2, 1, 3)": -0.044500000000000005, "(4, 0, 2, 3, 1)": -0.04550000000000002, "(4, 0, 3, 1, 2)": -0.01183333333333335, "(4, 0, 3, 2, 1)": -0.05833333333333335, "(4, 1, 0, 2, 3)": -0.03033333333333335, "(4, 1, 0, 3, 2)": -0.05716666666666668, "(4, 1, 2, 0, 3)": -0.033, "(4, 1, 2, 3, 0)": -0.06600000000000002, "(4, 1, 3, 0, 2)": 0.0034999999999999754, "(4, 1, 3, 2, 0)": -0.042333333333333334, "(4, 2, 0, 1, 3)": -0.0365, "(4, 2, 0, 3, 1)": -0.03966666666666666, "(4, 2, 1, 0, 3)": -0.020666666666666698, "(4, 2, 1, 3, 0)": -0.06250000000000001, "(4, 2, 3, 0, 1)": -0.055833333333333346, "(4, 2, 3, 1, 0)": -0.048999999999999995, "(4, 3, 0, 1, 2)": -0.01400000000000002, "(4, 3, 0, 2, 1)": -0.04916666666666669, "(4, 3, 1, 0, 2)": -0.014333333333333342, "(4, 3, 1, 2, 0)": -0.05500000000000002, "(4, 3, 2, 0, 1)": -0.05583333333333334, "(4, 3, 2, 1, 0)": -0.055833333333333325}