{"(0, 1, 2, 3, 4)": [0.276, 0.21916666666666665, 0.37083333333333335, 0.44049999999999995, 0.7796666666666666], "(0, 1, 2, 4, 3)": [0.209, 0.2873333333333334, 0.3348333333333333, 0.781, 0.37916666666666665], "(0, 1, 3, 2, 4)": [0.23216666666666666, 0.2843333333333333, 0.5283333333333333, 0.269, 0.7401666666666666], "(0, 1, 3, 4, 2)": [0.17, 0.2505, 0.729, 0.2876666666666667, 0.5908333333333333], "(0, 1, 4, 2, 3)": [0.1678333333333333, 0.24233333333333332, 0.38000000000000006, 0.8166666666666668, 0.324], "(0, 1, 4, 3, 2)": [0.17333333333333334, 0.30516666666666664, 0.7073333333333333, 0.46399999999999997, 0.4088333333333333], "(0, 2, 1, 3, 4)": [0.23266666666666666, 0.272, 0.31916666666666665, 0.42049999999999993, 0.7481666666666666], "(0, 2, 1, 4, 3)": [0.18883333333333333, 0.2856666666666667, 0.308, 0.7549999999999999, 0.43133333333333335], "(0, 2, 3, 1, 4)": [0.22083333333333335, 0.4031666666666667, 0.2353333333333333, 0.20583333333333334, 0.7951666666666667], "(0, 2, 3, 4, 1)": [0.2363333333333333, 0.7483333333333334, 0.223, 0.2891666666666666, 0.4106666666666667], "(0, 2, 4, 1, 3)": [0.20066666666666666, 0.42483333333333334, 0.22683333333333333, 0.8161666666666667, 0.242], "(0, 2, 4, 3, 1)": [0.16333333333333333, 0.8051666666666667, 0.20266666666666666, 0.2986666666666667, 0.2698333333333333], "(0, 3, 1, 2, 4)": [0.2161666666666667, 0.30333333333333334, 0.5251666666666667, 0.2011666666666667, 0.7586666666666666], "(0, 3, 1, 4, 2)": [0.2135, 0.3626666666666667, 0.6806666666666666, 0.17683333333333331, 0.63], "(0, 3, 2, 1, 4)": [0.23383333333333334, 0.3618333333333333, 0.39999999999999997, 0.19999999999999998, 0.8003333333333332], "(0, 3, 2, 4, 1)": [0.21483333333333332, 0.7693333333333333, 0.27299999999999996, 0.205, 0.3846666666666667], "(0, 3, 4, 1, 2)": [0.1945, 0.4931666666666667, 0.7236666666666668, 0.1905, 0.41933333333333334], "(0, 3, 4, 2, 1)": [0.21466666666666667, 0.7273333333333335, 0.40499999999999997, 0.2223333333333333, 0.31883333333333336], "(0, 4, 1, 2, 3)": [0.20750000000000002, 0.30583333333333335, 0.36916666666666664, 0.7815, 0.32766666666666666], "(0, 4, 1, 3, 2)": [0.1505, 0.34349999999999997, 0.6968333333333333, 0.44816666666666666, 0.34450000000000003], "(0, 4, 2, 1, 3)": [0.20366666666666666, 0.3908333333333333, 0.2728333333333333, 0.8058333333333333, 0.22666666666666668], "(0, 4, 2, 3, 1)": [0.2025, 0.7703333333333333, 0.27366666666666667, 0.3551666666666667, 0.24066666666666667], "(0, 4, 3, 1, 2)": [0.17316666666666666, 0.48733333333333334, 0.693, 0.30416666666666664, 0.35366666666666663], "(0, 4, 3, 2, 1)": [0.18183333333333332, 0.7585000000000001, 0.39749999999999996, 0.27299999999999996, 0.2185], "(1, 0, 2, 3, 4)": [0.24616666666666664, 0.21566666666666667, 0.3363333333333334, 0.4716666666666667, 0.7334999999999999], "(1, 0, 2, 4, 3)": [0.1765, 0.2101666666666667, 0.3641666666666667, 0.7663333333333334, 0.38149999999999995], "(1, 0, 3, 2, 4)": [0.22783333333333333, 0.20783333333333334, 0.5025000000000001, 0.27116666666666667, 0.7601666666666667], "(1, 0, 3, 4, 2)": [0.18816666666666668, 0.289, 0.6941666666666667, 0.31183333333333335, 0.6443333333333333], "(1, 0, 4, 2, 3)": [0.19633333333333333, 0.26266666666666666, 0.37716666666666665, 0.8011666666666667, 0.324], "(1, 0, 4, 3, 2)": [0.20066666666666666, 0.2748333333333333, 0.7106666666666666, 0.4478333333333333, 0.4678333333333333], "(1, 2, 0, 3, 4)": [0.32866666666666666, 0.2323333333333333, 0.2856666666666667, 0.391, 0.7721666666666667], "(1, 2, 0, 4, 3)": [0.28350000000000003, 0.19816666666666669, 0.24266666666666667, 0.7586666666666666, 0.3641666666666667], "(1, 2, 3, 0, 4)": [0.503, 0.22350000000000003, 0.2685, 0.29133333333333333, 0.766], "(1, 2, 3, 4, 0)": [0.6398333333333334, 0.20666666666666667, 0.24949999999999997, 0.2975, 0.6401666666666667], "(1, 2, 4, 0, 3)": [0.3368333333333333, 0.22599999999999998, 0.23850000000000002, 0.7698333333333333, 0.37600000000000006], "(1, 2, 4, 3, 0)": [0.645, 0.27799999999999997, 0.19600000000000004, 0.4726666666666666, 0.4515], "(1, 3, 0, 2, 4)": [0.31183333333333335, 0.22583333333333333, 0.4985, 0.17250000000000001, 0.7831666666666667], "(1, 3, 0, 4, 2)": [0.21599999999999997, 0.29533333333333334, 0.6838333333333333, 0.226, 0.5985], "(1, 3, 2, 0, 4)": [0.45649999999999996, 0.22316666666666665, 0.37966666666666665, 0.18833333333333332, 0.7345], "(1, 3, 2, 4, 0)": [0.6381666666666668, 0.24983333333333332, 0.3136666666666667, 0.24633333333333332, 0.6110000000000001], "(1, 3, 4, 0, 2)": [0.3096666666666667, 0.25516666666666665, 0.7164999999999999, 0.23683333333333334, 0.5106666666666667], "(1, 3, 4, 2, 0)": [0.6305, 0.29583333333333334, 0.3795, 0.22066666666666668, 0.5481666666666666], "(1, 4, 0, 2, 3)": [0.22, 0.26366666666666666, 0.37566666666666665, 0.7475, 0.2683333333333333], "(1, 4, 0, 3, 2)": [0.23283333333333334, 0.29883333333333334, 0.6951666666666667, 0.49733333333333335, 0.37599999999999995], "(1, 4, 2, 0, 3)": [0.342, 0.22999999999999998, 0.2588333333333333, 0.781, 0.32916666666666666], "(1, 4, 2, 3, 0)": [0.6095, 0.2773333333333334, 0.29033333333333333, 0.4683333333333333, 0.3156666666666667], "(1, 4, 3, 0, 2)": [0.3405, 0.2846666666666667, 0.7051666666666666, 0.36916666666666664, 0.4711666666666667], "(1, 4, 3, 2, 0)": [0.6471666666666667, 0.2861666666666667, 0.4096666666666667, 0.3165, 0.4628333333333334], "(2, 0, 1, 3, 4)": [0.29783333333333334, 0.2838333333333333, 0.32583333333333336, 0.381, 0.7328333333333333], "(2, 0, 1, 4, 3)": [0.20566666666666666, 0.31283333333333335, 0.25333333333333335, 0.7333333333333334, 0.38233333333333336], "(2, 0, 3, 1, 4)": [0.308, 0.40399999999999997, 0.26933333333333337, 0.25133333333333335, 0.7785000000000001], "(2, 0, 3, 4, 1)": [0.2015, 0.7511666666666666, 0.20683333333333334, 0.21, 0.43216666666666664], "(2, 0, 4, 1, 3)": [0.205, 0.3685, 0.20516666666666664, 0.809, 0.2763333333333334], "(2, 0, 4, 3, 1)": [0.20816666666666664, 0.7611666666666667, 0.18633333333333332, 0.31816666666666665, 0.27099999999999996], "(2, 1, 0, 3, 4)": [0.32016666666666665, 0.24366666666666667, 0.31383333333333335, 0.36399999999999993, 0.779], "(2, 1, 0, 4, 3)": [0.2781666666666667, 0.23233333333333336, 0.20383333333333334, 0.7599999999999999, 0.41933333333333334], "(2, 1, 3, 0, 4)": [0.43416666666666665, 0.2933333333333334, 0.262, 0.2946666666666667, 0.7311666666666667], "(2, 1, 3, 4, 0)": [0.6458333333333334, 0.24616666666666667, 0.2265, 0.3368333333333333, 0.5938333333333333], "(2, 1, 4, 0, 3)": [0.3501666666666667, 0.3176666666666667, 0.24183333333333334, 0.7681666666666667, 0.2876666666666667], "(2, 1, 4, 3, 0)": [0.6183333333333333, 0.27733333333333327, 0.25066666666666665, 0.48600000000000004, 0.42083333333333334], "(2, 3, 0, 1, 4)": [0.3385, 0.45766666666666667, 0.259, 0.163, 0.7471666666666668], "(2, 3, 0, 4, 1)": [0.3205, 0.7494999999999999, 0.2335, 0.11099999999999999, 0.45483333333333337], "(2, 3, 1, 0, 4)": [0.4466666666666666, 0.29433333333333334, 0.20916666666666664, 0.19933333333333333, 0.7678333333333334], "(2, 3, 1, 4, 0)": [0.6385, 0.35033333333333333, 0.24283333333333332, 0.20366666666666666, 0.6296666666666666], "(2, 3, 4, 0, 1)": [0.39266666666666666, 0.7471666666666668, 0.21050000000000002, 0.2105, 0.3325], "(2, 3, 4, 1, 0)": [0.6595, 0.49416666666666664, 0.1635, 0.2628333333333333, 0.43816666666666665], "(2, 4, 0, 1, 3)": [0.3, 0.3901666666666667, 0.18983333333333333, 0.7961666666666667, 0.2295], "(2, 4, 0, 3, 1)": [0.22433333333333336, 0.7321666666666666, 0.21333333333333335, 0.32016666666666665, 0.2965], "(2, 4, 1, 0, 3)": [0.37716666666666665, 0.35633333333333334, 0.19983333333333334, 0.7925, 0.24650000000000002], "(2, 4, 1, 3, 0)": [0.67, 0.4081666666666666, 0.19566666666666666, 0.461, 0.337], "(2, 4, 3, 0, 1)": [0.39033333333333337, 0.7488333333333334, 0.18466666666666667, 0.26899999999999996, 0.2896666666666667], "(2, 4, 3, 1, 0)": [0.6555000000000001, 0.5569999999999999, 0.18566666666666665, 0.2875, 0.391],