{"(0, 1, 2, 3, 4)": 0.007792874237974639, "(0, 1, 2, 4, 3)": 0.0009977753031397178, "(0, 1, 3, 2, 4)": 0.0008219218670625305, "(0, 1, 3, 4, 2)": 0.003016988933062604, "(0, 1, 4, 2, 3)": 0.004092269134192746, "(0, 1, 4, 3, 2)": 0.0033146141052416145, "(0, 2, 1, 3, 4)": 0.0014966629547095785, "(0, 2, 1, 4, 3)": 0.003351948023993746, "(0, 2, 3, 1, 4)": 0.0015084944665313053, "(0, 2, 3, 4, 1)": 0.0056221783046154685, "(0, 2, 4, 1, 3)": 0.0008640987597877159, "(0, 2, 4, 3, 1)": 0.00032659863237108843, "(0, 3, 1, 2, 4)": 0.002619584360585132, "(0, 3, 1, 4, 2)": 0.0008640987597877137, "(0, 3, 2, 1, 4)": 0.001857118436957884, "(0, 3, 2, 4, 1)": 0.0008219218670625312, "(0, 3, 4, 1, 2)": 0.003034615113797612, "(0, 3, 4, 2, 1)": 0.003937286149395572, "(0, 4, 1, 2, 3)": 0.0010498677165349081, "(0, 4, 1, 3, 2)": 0.0012364824660660938, "(0, 4, 2, 1, 3)": 0.005487764167268449, "(0, 4, 2, 3, 1)": 0.005070174224488409, "(0, 4, 3, 1, 2)": 0.0026398653164297773, "(0, 4, 3, 2, 1)": 0.0016329931618554536, "(1, 0, 2, 3, 4)": 0.002174600857373345, "(1, 0, 2, 4, 3)": 0.0020997354330698163, "(1, 0, 3, 2, 4)": 0.003868964834279172, "(1, 0, 3, 4, 2)": 0.0055649698012557895, "(1, 0, 4, 2, 3)": 0.002451303508113367, "(1, 0, 4, 3, 2)": 0.0046072406781789334, "(1, 2, 0, 3, 4)": 0.0045057987329908825, "(1, 2, 0, 4, 3)": 0.003896437118987322, "(1, 2, 3, 0, 4)": 0.005132900414645374, "(1, 2, 3, 4, 0)": 0.0014727148022916318, "(1, 2, 4, 0, 3)": 0.0, "(1, 2, 4, 3, 0)": 0.0004988876515698608, "(1, 3, 0, 2, 4)": 0.006386096007908291, "(1, 3, 0, 4, 2)": 0.0016438437341250603, "(1, 3, 2, 0, 4)": 0.0011775681155103788, "(1, 3, 2, 4, 0)": 0.0008640987597877137, "(1, 3, 4, 0, 2)": 0.001319932658214888, "(1, 3, 4, 2, 0)": 0.000997775303139724, "(1, 4, 0, 2, 3)": 0.003394112549695427, "(1, 4, 0, 3, 2)": 0.004945929864264374, "(1, 4, 2, 0, 3)": 0.0010498677165349081, "(1, 4, 2, 3, 0)": 0.0017281975195754318, "(1, 4, 3, 0, 2)": 0.0024513035081133658, "(1, 4, 3, 2, 0)": 0.0008219218670625192, "(2, 0, 1, 3, 4)": 0.006485539470408167, "(2, 0, 1, 4, 3)": 0.001968643074697786, "(2, 0, 3, 1, 4)": 0.0021746008573733464, "(2, 0, 3, 4, 1)": 0.004942334131426837, "(2, 0, 4, 1, 3)": 0.0025508168626278667, "(2, 0, 4, 3, 1)": 0.0029454296045832743, "(2, 1, 0, 3, 4)": 0.006358196809368726, "(2, 1, 0, 4, 3)": 0.003492213560989014, "(2, 1, 3, 0, 4)": 0.0018571184369578807, "(2, 1, 3, 4, 0)": 0.0011469767022723489, "(2, 1, 4, 0, 3)": 0.002141650453894539, "(2, 1, 4, 3, 0)": 0.0008640987597877181, "(2, 3, 0, 1, 4)": 0.0010498677165349081, "(2, 3, 0, 4, 1)": 0.0023551362310207575, "(2, 3, 1, 0, 4)": 0.0032055507413790156, "(2, 3, 1, 4, 0)": 0.0004988876515698632, "(2, 3, 4, 0, 1)": 0.004283300907789078, "(2, 3, 4, 1, 0)": 0.0017281975195754318, "(2, 4, 0, 1, 3)": 0.003456395039150861, "(2, 4, 0, 3, 1)": 0.0030868898407440675, "(2, 4, 1, 0, 3)": 0.0005656854249492411, "(2, 4, 1, 3, 0)": 0.0032166234884839495, "(2, 4, 3, 0, 1)": 0.004283300907789066, "(2, 4, 3, 1, 0)": 0.0009977753031397117, "(3, 0, 1, 2, 4)": 0.002451303508113363, "(3, 0, 1, 4, 2)": 0.0024657656011875914, "(3, 0, 2, 1, 4)": 0.003034615113797614, "(3, 0, 2, 4, 1)": 0.005808805576211198, "(3, 0, 4, 1, 2)": 0.002223110933404409, "(3, 0, 4, 2, 1)": 0.004537253207246287, "(3, 1, 0, 2, 4)": 0.0014727148022916318, "(3, 1, 0, 4, 2)": 0.0011469767022723489, "(3, 1, 2, 0, 4)": 0.006048691318514, "(3, 1, 2, 4, 0)": 0.0022627416997969517, "(3, 1, 4, 0, 2)": 0.0011313708498984758, "(3, 1, 4, 2, 0)": 0.0013199326582148919, "(3, 2, 0, 1, 4)": 0.0034922135609890123, "(3, 2, 0, 4, 1)": 0.0022939534045446973, "(3, 2, 1, 0, 4)": 0.006868931665275336, "(3, 2, 1, 4, 0)": 0.004212151733048355, "(3, 2, 4, 0, 1)": 0.004092269134192752, "(3, 2, 4, 1, 0)": 0.0011775681155103788, "(3, 4, 0, 1, 2)": 0.0010498677165349081, "(3, 4, 0, 2, 1)": 0.0016110727964792834, "(3, 4, 1, 0, 2)": 0.002407396011369039, "(3, 4, 1, 2, 0)": 0.001643843734125061, "(3, 4, 2, 0, 1)": 0.005309948733797304, "(3, 4, 2, 1, 0)": 0.0006531972647421881, "(4, 0, 1, 2, 3)": 0.002362672686222579, "(4, 0, 1, 3, 2)": 0.002902872140943632, "(4, 0, 2, 1, 3)": 0.0037712361663282505, "(4, 0, 2, 3, 1)": 0.0008219218670625312, "(4, 0, 3, 1, 2)": 0.0024729649321321876, "(4, 0, 3, 2, 1)": 0.005396295025292813, "(4, 1, 0, 2, 3)": 0.002362672686222579, "(4, 1, 0, 3, 2)": 0.002174600857373345, "(4, 1, 2, 0, 3)": 0.00032659863237108843, "(4, 1, 2, 3, 0)": 0.002777688887466621, "(4, 1, 3, 0, 2)": 0.0012364824660660938, "(4, 1, 3, 2, 0)": 0.0021746008573733425, "(4, 2, 0, 1, 3)": 0.006276587891167906, "(4, 2, 0, 3, 1)": 0.004418144406874906, "(4, 2, 1, 0, 3)": 0.0023626726862225854, "(4, 2, 1, 3, 0)": 0.0006531972647421881, "(4, 2, 3, 0, 1)": 0.0037665191711534706, "(4, 2, 3, 1, 0)": 0.0015434449203720272, "(4, 3, 0, 1, 2)": 0.0026398653164297773, "(4, 3, 0, 2, 1)": 0.00416973220562984, "(4, 3, 1, 0, 2)": 0.0013597385369580753, "(4, 3, 1, 2, 0)": 0.0010498677165348995, "(4, 3, 2, 0, 1)": 0.004057366414587448, "(4, 3, 2, 1, 0)": 0.0012364824660660953}