{"(0, 1, 2, 3, 4)": 0.013218647392562089, "(0, 1, 2, 4, 3)": 0.010668456881021852, "(0, 1, 3, 2, 4)": 0.045146328446754334, "(0, 1, 3, 4, 2)": 0.009972357628297622, "(0, 1, 4, 2, 3)": 0.01527286537185037, "(0, 1, 4, 3, 2)": 0.015810400058189553, "(0, 2, 1, 3, 4)": 0.04403269776225645, "(0, 2, 1, 4, 3)": 0.011545201023224613, "(0, 2, 3, 1, 4)": 0.008514897076431544, "(0, 2, 3, 4, 1)": 0.016963604831782893, "(0, 2, 4, 1, 3)": 0.042357153731361875, "(0, 2, 4, 3, 1)": 0.06396198415204664, "(0, 3, 1, 2, 4)": 0.039903181438187225, "(0, 3, 1, 4, 2)": 0.00944299416969472, "(0, 3, 2, 1, 4)": 0.013148589911723088, "(0, 3, 2, 4, 1)": 0.02170469419273168, "(0, 3, 4, 1, 2)": 0.011579885578018508, "(0, 3, 4, 2, 1)": 0.028430470742966365, "(0, 4, 1, 2, 3)": 0.03524325191516181, "(0, 4, 1, 3, 2)": 0.027821666716587787, "(0, 4, 2, 1, 3)": 0.03189604425142542, "(0, 4, 2, 3, 1)": 0.023955905674106045, "(0, 4, 3, 1, 2)": 0.029423098919046566, "(0, 4, 3, 2, 1)": 0.03410192035974255, "(1, 0, 2, 3, 4)": 0.01382379189015164, "(1, 0, 2, 4, 3)": 0.014063225289938103, "(1, 0, 3, 2, 4)": 0.01901050513678046, "(1, 0, 3, 4, 2)": 0.14709906667503592, "(1, 0, 4, 2, 3)": 0.03468043596739937, "(1, 0, 4, 3, 2)": 0.016921079063306407, "(1, 2, 0, 3, 4)": 0.034059129547825424, "(1, 2, 0, 4, 3)": 0.18734529728996846, "(1, 2, 3, 0, 4)": 0.09000561325087822, "(1, 2, 3, 4, 0)": 0.025369765469944735, "(1, 2, 4, 0, 3)": 0.10596856517645009, "(1, 2, 4, 3, 0)": 0.13167140023136722, "(1, 3, 0, 2, 4)": 0.01065771108425986, "(1, 3, 0, 4, 2)": 0.007191816336797146, "(1, 3, 2, 0, 4)": 0.005364815933468709, "(1, 3, 2, 4, 0)": 0.15797851691149514, "(1, 3, 4, 0, 2)": 0.11144067617147502, "(1, 3, 4, 2, 0)": 0.009206542058051229, "(1, 4, 0, 2, 3)": 0.0320952899798224, "(1, 4, 0, 3, 2)": 0.029250059354165803, "(1, 4, 2, 0, 3)": 0.02163065918243519, "(1, 4, 2, 3, 0)": 0.015736104981856194, "(1, 4, 3, 0, 2)": 0.018186628940576696, "(1, 4, 3, 2, 0)": 0.007552593373581444, "(2, 0, 1, 3, 4)": 0.15381262274815635, "(2, 0, 1, 4, 3)": 0.021863528738263846, "(2, 0, 3, 1, 4)": 0.012331784812697104, "(2, 0, 3, 4, 1)": 0.010822590827626316, "(2, 0, 4, 1, 3)": 0.03628451422056273, "(2, 0, 4, 3, 1)": 0.008950287084160406, "(2, 1, 0, 3, 4)": 0.0765706599959947, "(2, 1, 0, 4, 3)": 0.0948272735322257, "(2, 1, 3, 0, 4)": 0.01676346887994511, "(2, 1, 3, 4, 0)": 0.018614883531434978, "(2, 1, 4, 0, 3)": 0.14103305611333344, "(2, 1, 4, 3, 0)": 0.008296794896558287, "(2, 3, 0, 1, 4)": 0.002606082628518638, "(2, 3, 0, 4, 1)": 0.11709202221614701, "(2, 3, 1, 0, 4)": 0.011657585751584897, "(2, 3, 1, 4, 0)": 0.01350115735779716, "(2, 3, 4, 0, 1)": 0.013422747069392634, "(2, 3, 4, 1, 0)": 0.0811744734438659, "(2, 4, 0, 1, 3)": 0.15542530136871396, "(2, 4, 0, 3, 1)": 0.02854163625302517, "(2, 4, 1, 0, 3)": 0.02396894692444093, "(2, 4, 1, 3, 0)": 0.00774215552816024, "(2, 4, 3, 0, 1)": 0.0320943163019387, "(2, 4, 3, 1, 0)": 0.007760297817881861, "(3, 0, 1, 2, 4)": 0.026492333796779784, "(3, 0, 1, 4, 2)": 0.025829233545646594, "(3, 0, 2, 1, 4)": 0.00800542350881922, "(3, 0, 2, 4, 1)": 0.027706234256330578, "(3, 0, 4, 1, 2)": 0.012741146163338511, "(3, 0, 4, 2, 1)": 0.01668374125375426, "(3, 1, 0, 2, 4)": 0.019936966642117034, "(3, 1, 0, 4, 2)": 0.025011941592411897, "(3, 1, 2, 0, 4)": 0.01528922550905266, "(3, 1, 2, 4, 0)": 0.0271986008627078, "(3, 1, 4, 0, 2)": 0.01007075661948437, "(3, 1, 4, 2, 0)": 0.02581793896154806, "(3, 2, 0, 1, 4)": 0.024291059169076087, "(3, 2, 0, 4, 1)": 0.1905003645374173, "(3, 2, 1, 0, 4)": 0.008920365276526877, "(3, 2, 1, 4, 0)": 0.016177079979609023, "(3, 2, 4, 0, 1)": 0.01086469818571443, "(3, 2, 4, 1, 0)": 0.024490006465223053, "(3, 4, 0, 1, 2)": 0.04105894306427719, "(3, 4, 0, 2, 1)": 0.005409610789039153, "(3, 4, 1, 0, 2)": 0.018021688322684987, "(3, 4, 1, 2, 0)": 0.008517139582434151, "(3, 4, 2, 0, 1)": 0.01700684094383463, "(3, 4, 2, 1, 0)": 0.01947113247862074, "(4, 0, 1, 2, 3)": 0.02332968721512474, "(4, 0, 1, 3, 2)": 0.02004300931053573, "(4, 0, 2, 1, 3)": 0.051374476207116264, "(4, 0, 2, 3, 1)": 0.039053960177625434, "(4, 0, 3, 1, 2)": 0.019834471255871705, "(4, 0, 3, 2, 1)": 0.011957534816545106, "(4, 1, 0, 2, 3)": 0.017892328430549977, "(4, 1, 0, 3, 2)": 0.027309250060902276, "(4, 1, 2, 0, 3)": 0.021451091010845014, "(4, 1, 2, 3, 0)": 0.0029533408577782014, "(4, 1, 3, 0, 2)": 0.00891880815405787, "(4, 1, 3, 2, 0)": 0.011435052105988266, "(4, 2, 0, 1, 3)": 0.035349642462438303, "(4, 2, 0, 3, 1)": 0.11642032027194492, "(4, 2, 1, 0, 3)": 0.02309611559452272, "(4, 2, 1, 3, 0)": 0.18176614248961645, "(4, 2, 3, 0, 1)": 0.02475904716798825, "(4, 2, 3, 1, 0)": 0.007820246159808513, "(4, 3, 0, 1, 2)": 0.056244660240377976, "(4, 3, 0, 2, 1)": 0.04867347983130945, "(4, 3, 1, 0, 2)": 0.015476124084106655, "(4, 3, 1, 2, 0)": 0.17950262107340448, "(4, 3, 2, 0, 1)": 0.013629904825623549, "(4, 3, 2, 1, 0)": 0.031005599852643093}