{"(0, 1, 2, 3, 4)": 0.1781, "(0, 1, 2, 4, 3)": 0.18510000000000001, "(0, 1, 3, 2, 4)": 0.17633333333333334, "(0, 1, 3, 4, 2)": 0.16963333333333333, "(0, 1, 4, 2, 3)": 0.1864, "(0, 1, 4, 3, 2)": 0.16956666666666667, "(0, 2, 1, 3, 4)": 0.1757, "(0, 2, 1, 4, 3)": 0.1847, "(0, 2, 3, 1, 4)": 0.17623333333333333, "(0, 2, 3, 4, 1)": 0.18120000000000003, "(0, 2, 4, 1, 3)": 0.18516666666666667, "(0, 2, 4, 3, 1)": 0.1816333333333333, "(0, 3, 1, 2, 4)": 0.17683333333333331, "(0, 3, 1, 4, 2)": 0.17096666666666668, "(0, 3, 2, 1, 4)": 0.17593333333333336, "(0, 3, 2, 4, 1)": 0.1809333333333333, "(0, 3, 4, 1, 2)": 0.17123333333333335, "(0, 3, 4, 2, 1)": 0.18063333333333334, "(0, 4, 1, 2, 3)": 0.1864, "(0, 4, 1, 3, 2)": 0.17056666666666667, "(0, 4, 2, 1, 3)": 0.18476666666666666, "(0, 4, 2, 3, 1)": 0.1805, "(0, 4, 3, 1, 2)": 0.17123333333333335, "(0, 4, 3, 2, 1)": 0.18203333333333335, "(1, 0, 2, 3, 4)": 0.1743, "(1, 0, 2, 4, 3)": 0.18546666666666667, "(1, 0, 3, 2, 4)": 0.17636666666666667, "(1, 0, 3, 4, 2)": 0.1695333333333333, "(1, 0, 4, 2, 3)": 0.18436666666666665, "(1, 0, 4, 3, 2)": 0.17099999999999996, "(1, 2, 0, 3, 4)": 0.17766666666666664, "(1, 2, 0, 4, 3)": 0.1858, "(1, 2, 3, 0, 4)": 0.17656666666666668, "(1, 2, 3, 4, 0)": 0.16076666666666664, "(1, 2, 4, 0, 3)": 0.1858, "(1, 2, 4, 3, 0)": 0.16153333333333333, "(1, 3, 0, 2, 4)": 0.17673333333333333, "(1, 3, 0, 4, 2)": 0.16906666666666667, "(1, 3, 2, 0, 4)": 0.1773, "(1, 3, 2, 4, 0)": 0.16076666666666667, "(1, 3, 4, 0, 2)": 0.16903333333333334, "(1, 3, 4, 2, 0)": 0.15936666666666666, "(1, 4, 0, 2, 3)": 0.1852, "(1, 4, 0, 3, 2)": 0.17110000000000003, "(1, 4, 2, 0, 3)": 0.1845, "(1, 4, 2, 3, 0)": 0.1598, "(1, 4, 3, 0, 2)": 0.16890000000000002, "(1, 4, 3, 2, 0)": 0.15803333333333333, "(2, 0, 1, 3, 4)": 0.17846666666666666, "(2, 0, 1, 4, 3)": 0.1854, "(2, 0, 3, 1, 4)": 0.17400000000000002, "(2, 0, 3, 4, 1)": 0.18143333333333334, "(2, 0, 4, 1, 3)": 0.18699999999999997, "(2, 0, 4, 3, 1)": 0.17906666666666668, "(2, 1, 0, 3, 4)": 0.17640000000000003, "(2, 1, 0, 4, 3)": 0.1852, "(2, 1, 3, 0, 4)": 0.1764, "(2, 1, 3, 4, 0)": 0.1611, "(2, 1, 4, 0, 3)": 0.1856, "(2, 1, 4, 3, 0)": 0.16013333333333332, "(2, 3, 0, 1, 4)": 0.17626666666666665, "(2, 3, 0, 4, 1)": 0.18103333333333335, "(2, 3, 1, 0, 4)": 0.17586666666666664, "(2, 3, 1, 4, 0)": 0.15966666666666665, "(2, 3, 4, 0, 1)": 0.1797, "(2, 3, 4, 1, 0)": 0.1596, "(2, 4, 0, 1, 3)": 0.1852, "(2, 4, 0, 3, 1)": 0.18176666666666666, "(2, 4, 1, 0, 3)": 0.18510000000000001, "(2, 4, 1, 3, 0)": 0.1595, "(2, 4, 3, 0, 1)": 0.1817, "(2, 4, 3, 1, 0)": 0.15886666666666666, "(3, 0, 1, 2, 4)": 0.17633333333333334, "(3, 0, 1, 4, 2)": 0.1677, "(3, 0, 2, 1, 4)": 0.17600000000000002, "(3, 0, 2, 4, 1)": 0.18056666666666668, "(3, 0, 4, 1, 2)": 0.16956666666666667, "(3, 0, 4, 2, 1)": 0.1815, "(3, 1, 0, 2, 4)": 0.17643333333333333, "(3, 1, 0, 4, 2)": 0.1711, "(3, 1, 2, 0, 4)": 0.17566666666666667, "(3, 1, 2, 4, 0)": 0.1602, "(3, 1, 4, 0, 2)": 0.17026666666666668, "(3, 1, 4, 2, 0)": 0.1604, "(3, 2, 0, 1, 4)": 0.17496666666666663, "(3, 2, 0, 4, 1)": 0.18056666666666665, "(3, 2, 1, 0, 4)": 0.1757, "(3, 2, 1, 4, 0)": 0.15983333333333336, "(3, 2, 4, 0, 1)": 0.18086666666666665, "(3, 2, 4, 1, 0)": 0.16033333333333336, "(3, 4, 0, 1, 2)": 0.1701666666666667, "(3, 4, 0, 2, 1)": 0.18086666666666665, "(3, 4, 1, 0, 2)": 0.17173333333333332, "(3, 4, 1, 2, 0)": 0.1596, "(3, 4, 2, 0, 1)": 0.18173333333333333, "(3, 4, 2, 1, 0)": 0.16126666666666667, "(4, 0, 1, 2, 3)": 0.18643333333333334, "(4, 0, 1, 3, 2)": 0.16993333333333335, "(4, 0, 2, 1, 3)": 0.18500000000000003, "(4, 0, 2, 3, 1)": 0.18106666666666668, "(4, 0, 3, 1, 2)": 0.17053333333333334, "(4, 0, 3, 2, 1)": 0.1814, "(4, 1, 0, 2, 3)": 0.1848, "(4, 1, 0, 3, 2)": 0.16973333333333332, "(4, 1, 2, 0, 3)": 0.18333333333333335, "(4, 1, 2, 3, 0)": 0.16006666666666666, "(4, 1, 3, 0, 2)": 0.17063333333333333, "(4, 1, 3, 2, 0)": 0.16106666666666666, "(4, 2, 0, 1, 3)": 0.18483333333333332, "(4, 2, 0, 3, 1)": 0.1802, "(4, 2, 1, 0, 3)": 0.1851333333333333, "(4, 2, 1, 3, 0)": 0.1619, "(4, 2, 3, 0, 1)": 0.18039999999999998, "(4, 2, 3, 1, 0)": 0.15780000000000002, "(4, 3, 0, 1, 2)": 0.16990000000000002, "(4, 3, 0, 2, 1)": 0.18043333333333333, "(4, 3, 1, 0, 2)": 0.16866666666666666, "(4, 3, 1, 2, 0)": 0.15593333333333334, "(4, 3, 2, 0, 1)": 0.18016666666666667, "(4, 3, 2, 1, 0)": 0.1591}