{"(0, 1, 2, 3, 4)": 0.007191816336797152, "(0, 1, 2, 4, 3)": 0.005671566509057861, "(0, 1, 3, 2, 4)": 0.007449832212875687, "(0, 1, 3, 4, 2)": 0.0028577380332470326, "(0, 1, 4, 2, 3)": 0.010135197197007185, "(0, 1, 4, 3, 2)": 0.003922867431979943, "(0, 2, 1, 3, 4)": 0.0033993463423951913, "(0, 2, 1, 4, 3)": 0.008831760866327844, "(0, 2, 3, 1, 4)": 0.013418478138580226, "(0, 2, 3, 4, 1)": 0.008389808632435481, "(0, 2, 4, 1, 3)": 0.009626352718795769, "(0, 2, 4, 3, 1)": 0.010506611674982985, "(0, 3, 1, 2, 4)": 0.019045267712012412, "(0, 3, 1, 4, 2)": 0.011276819882691512, "(0, 3, 2, 1, 4)": 0.0059488560991915965, "(0, 3, 2, 4, 1)": 0.0016499158227686096, "(0, 3, 4, 1, 2)": 0.01092652226872251, "(0, 3, 4, 2, 1)": 0.008778129388175793, "(0, 4, 1, 2, 3)": 0.013765899897936211, "(0, 4, 1, 3, 2)": 0.008897565210026095, "(0, 4, 2, 1, 3)": 0.010274023338281637, "(0, 4, 2, 3, 1)": 0.0010274023338281615, "(0, 4, 3, 1, 2)": 0.02135415650406263, "(0, 4, 3, 2, 1)": 0.006407460928913702, "(1, 0, 2, 3, 4)": 0.012364824660660915, "(1, 0, 2, 4, 3)": 0.009276613366717168, "(1, 0, 3, 2, 4)": 0.008778129388175798, "(1, 0, 3, 4, 2)": 0.005671566509057859, "(1, 0, 4, 2, 3)": 0.013942341585576237, "(1, 0, 4, 3, 2)": 0.00980646045557042, "(1, 2, 0, 3, 4)": 0.005542763049438622, "(1, 2, 0, 4, 3)": 0.005169354139756946, "(1, 2, 3, 0, 4)": 0.0012472191289246372, "(1, 2, 3, 4, 0)": 0.004988876515698585, "(1, 2, 4, 0, 3)": 0.007586537784494032, "(1, 2, 4, 3, 0)": 0.0030641293851417055, "(1, 3, 0, 2, 4)": 0.014732805420406373, "(1, 3, 0, 4, 2)": 0.007626707459098366, "(1, 3, 2, 0, 4)": 0.00493851079667633, "(1, 3, 2, 4, 0)": 0.0015456030825826172, "(1, 3, 4, 0, 2)": 0.00612825877028341, "(1, 3, 4, 2, 0)": 0.002273030282830968, "(1, 4, 0, 2, 3)": 0.015657798908744053, "(1, 4, 0, 3, 2)": 0.0024494897427831887, "(1, 4, 2, 0, 3)": 0.013898441159592928, "(1, 4, 2, 3, 0)": 0.0048705463987341584, "(1, 4, 3, 0, 2)": 0.013689006132254048, "(1, 4, 3, 2, 0)": 0.00791973624701116, "(2, 0, 1, 3, 4)": 0.007419943096517351, "(2, 0, 1, 4, 3)": 0.01134558161674501, "(2, 0, 3, 1, 4)": 0.017834112132527252, "(2, 0, 3, 4, 1)": 0.01036286103780654, "(2, 0, 4, 1, 3)": 0.005787918451395111, "(2, 0, 4, 3, 1)": 0.004784233364802442, "(2, 1, 0, 3, 4)": 0.0033249895572099995, "(2, 1, 0, 4, 3)": 0.01695254815326855, "(2, 1, 3, 0, 4)": 0.007214953607304456, "(2, 1, 3, 4, 0)": 0.004731689855526136, "(2, 1, 4, 0, 3)": 0.012263314759431439, "(2, 1, 4, 3, 0)": 0.009401536517446974, "(2, 3, 0, 1, 4)": 0.013274871834493256, "(2, 3, 0, 4, 1)": 0.008024268744807144, "(2, 3, 1, 0, 4)": 0.011683321445547927, "(2, 3, 1, 4, 0)": 0.01483801424270332, "(2, 3, 4, 0, 1)": 0.014195069566578393, "(2, 3, 4, 1, 0)": 0.001414213562373088, "(2, 4, 0, 1, 3)": 0.004731689855526131, "(2, 4, 0, 3, 1)": 0.01677961726487096, "(2, 4, 1, 0, 3)": 0.012585264752435243, "(2, 4, 1, 3, 0)": 0.006786424357167441, "(2, 4, 3, 0, 1)": 0.009851677804087772, "(2, 4, 3, 1, 0)": 0.011323525167642026, "(3, 0, 1, 2, 4)": 0.002013840995599097, "(3, 0, 1, 4, 2)": 0.004089281382128437, "(3, 0, 2, 1, 4)": 0.006720615051218663, "(3, 0, 2, 4, 1)": 0.0026562295750848794, "(3, 0, 4, 1, 2)": 0.014565942010960597, "(3, 0, 4, 2, 1)": 0.003274480450731418, "(3, 1, 0, 2, 4)": 0.009027735042633893, "(3, 1, 0, 4, 2)": 0.011430952132988169, "(3, 1, 2, 0, 4)": 0.010019425576792761, "(3, 1, 2, 4, 0)": 0.010474837574980448, "(3, 1, 4, 0, 2)": 0.00964653075232519, "(3, 1, 4, 2, 0)": 0.0074423711872553585, "(3, 2, 0, 1, 4)": 0.0035197853469904755, "(3, 2, 0, 4, 1)": 0.002867441755680878, "(3, 2, 1, 0, 4)": 0.007408703590297629, "(3, 2, 1, 4, 0)": 0.0025495097567963883, "(3, 2, 4, 0, 1)": 0.005661762583821009, "(3, 2, 4, 1, 0)": 0.012518874638809283, "(3, 4, 0, 1, 2)": 0.010614455552060434, "(3, 4, 0, 2, 1)": 0.009228578799938087, "(3, 4, 1, 0, 2)": 0.007760297817881879, "(3, 4, 1, 2, 0)": 0.011785113019775787, "(3, 4, 2, 0, 1)": 0.010679679562400533, "(3, 4, 2, 1, 0)": 0.006976149845485447, "(4, 0, 1, 2, 3)": 0.013014948670236424, "(4, 0, 1, 3, 2)": 0.012684198393626965, "(4, 0, 2, 1, 3)": 0.012814921857827396, "(4, 0, 2, 3, 1)": 0.0013123346456686393, "(4, 0, 3, 1, 2)": 0.012328828005937957, "(4, 0, 3, 2, 1)": 0.00938971068066885, "(4, 1, 0, 2, 3)": 0.0014337208778404306, "(4, 1, 0, 3, 2)": 0.007930251502246887, "(4, 1, 2, 0, 3)": 0.008031189202104506, "(4, 1, 2, 3, 0)": 0.0119605834120061, "(4, 1, 3, 0, 2)": 0.006328945848682511, "(4, 1, 3, 2, 0)": 0.005720334100576842, "(4, 2, 0, 1, 3)": 0.012249716550008638, "(4, 2, 0, 3, 1)": 0.006459274125025368, "(4, 2, 1, 0, 3)": 0.007884584115009915, "(4, 2, 1, 3, 0)": 0.011988420338902973, "(4, 2, 3, 0, 1)": 0.007771028817916507, "(4, 2, 3, 1, 0)": 0.005522680508593633, "(4, 3, 0, 1, 2)": 0.015195028426721971, "(4, 3, 0, 2, 1)": 0.007961713941664127, "(4, 3, 1, 0, 2)": 0.01648399897543743, "(4, 3, 1, 2, 0)": 0.006328945848682501, "(4, 3, 2, 0, 1)": 0.010490736654570808, "(4, 3, 2, 1, 0)": 0.005948856099191589}