{"(0, 1, 2, 3, 4)": 0.03505447150111126, "(0, 1, 2, 4, 3)": 0.02778432561715325, "(0, 1, 3, 2, 4)": 0.026020891713305176, "(0, 1, 3, 4, 2)": 0.03743081581026817, "(0, 1, 4, 2, 3)": 0.02836003643627184, "(0, 1, 4, 3, 2)": 0.01090314047521277, "(0, 2, 1, 3, 4)": 0.024902518279617158, "(0, 2, 1, 4, 3)": 0.04888776829523808, "(0, 2, 3, 1, 4)": 0.016659581827484927, "(0, 2, 3, 4, 1)": 0.027352698932443353, "(0, 2, 4, 1, 3)": 0.030197325580624212, "(0, 2, 4, 3, 1)": 0.020069237792092527, "(0, 3, 1, 2, 4)": 0.06557488827456914, "(0, 3, 1, 4, 2)": 0.03003510677338915, "(0, 3, 2, 1, 4)": 0.039942449919297095, "(0, 3, 2, 4, 1)": 0.054359432637461104, "(0, 3, 4, 1, 2)": 0.01586280152502144, "(0, 3, 4, 2, 1)": 0.020372912299314393, "(0, 4, 1, 2, 3)": 0.01904608810811878, "(0, 4, 1, 3, 2)": 0.009180103787842257, "(0, 4, 2, 1, 3)": 0.03407411244462414, "(0, 4, 2, 3, 1)": 0.02121934062751874, "(0, 4, 3, 1, 2)": 0.007699431797217212, "(0, 4, 3, 2, 1)": 0.027846366708942256, "(1, 0, 2, 3, 4)": 0.048618126477911736, "(1, 0, 2, 4, 3)": 0.015945980858998787, "(1, 0, 3, 2, 4)": 0.030561129542097915, "(1, 0, 3, 4, 2)": 0.014003471791745893, "(1, 0, 4, 2, 3)": 0.050011908304145154, "(1, 0, 4, 3, 2)": 0.04966935814854961, "(1, 2, 0, 3, 4)": 0.060379471309009974, "(1, 2, 0, 4, 3)": 0.046292360480849205, "(1, 2, 3, 0, 4)": 0.006562466931133648, "(1, 2, 3, 4, 0)": 0.01977960158569655, "(1, 2, 4, 0, 3)": 0.04722390519876794, "(1, 2, 4, 3, 0)": 0.037064320968943826, "(1, 3, 0, 2, 4)": 0.0547786264583794, "(1, 3, 0, 4, 2)": 0.023747002734848262, "(1, 3, 2, 0, 4)": 0.0300130180088574, "(1, 3, 2, 4, 0)": 0.05439720172541559, "(1, 3, 4, 0, 2)": 0.03677314086244047, "(1, 3, 4, 2, 0)": 0.09585780484655383, "(1, 4, 0, 2, 3)": 0.03954585945456237, "(1, 4, 0, 3, 2)": 0.05296254572808976, "(1, 4, 2, 0, 3)": 0.048093117144417524, "(1, 4, 2, 3, 0)": 0.023996599874889685, "(1, 4, 3, 0, 2)": 0.04945104902830679, "(1, 4, 3, 2, 0)": 0.04647404442864377, "(2, 0, 1, 3, 4)": 0.009756941973111577, "(2, 0, 1, 4, 3)": 0.009412609745560565, "(2, 0, 3, 1, 4)": 0.04113751498193449, "(2, 0, 3, 4, 1)": 0.025413729338467615, "(2, 0, 4, 1, 3)": 0.0189912260443255, "(2, 0, 4, 3, 1)": 0.05289208746747163, "(2, 1, 0, 3, 4)": 0.03884316756736846, "(2, 1, 0, 4, 3)": 0.04680014393377673, "(2, 1, 3, 0, 4)": 0.023931107719173134, "(2, 1, 3, 4, 0)": 0.03550885061815184, "(2, 1, 4, 0, 3)": 0.044400794537435395, "(2, 1, 4, 3, 0)": 0.07039208150700538, "(2, 3, 0, 1, 4)": 0.0830527150201739, "(2, 3, 0, 4, 1)": 0.02966379901870666, "(2, 3, 1, 0, 4)": 0.014581071253131205, "(2, 3, 1, 4, 0)": 0.043569428948390936, "(2, 3, 4, 0, 1)": 0.04816554929499806, "(2, 3, 4, 1, 0)": 0.012190473284039835, "(2, 4, 0, 1, 3)": 0.026316648195053662, "(2, 4, 0, 3, 1)": 0.04797355318876805, "(2, 4, 1, 0, 3)": 0.026813204147708023, "(2, 4, 1, 3, 0)": 0.03990783653202296, "(2, 4, 3, 0, 1)": 0.09070373016952869, "(2, 4, 3, 1, 0)": 0.06027808819684536, "(3, 0, 1, 2, 4)": 0.01290833064342556, "(3, 0, 1, 4, 2)": 0.05464052347439174, "(3, 0, 2, 1, 4)": 0.04886976030453005, "(3, 0, 2, 4, 1)": 0.006049276816281408, "(3, 0, 4, 1, 2)": 0.04681538802098679, "(3, 0, 4, 2, 1)": 0.010186967436659214, "(3, 1, 0, 2, 4)": 0.03749347165396489, "(3, 1, 0, 4, 2)": 0.07819053917621155, "(3, 1, 2, 0, 4)": 0.0888785649386597, "(3, 1, 2, 4, 0)": 0.07854837504507792, "(3, 1, 4, 0, 2)": 0.02273977181552673, "(3, 1, 4, 2, 0)": 0.11378300803136936, "(3, 2, 0, 1, 4)": 0.003942732414061179, "(3, 2, 0, 4, 1)": 0.043441811336801125, "(3, 2, 1, 0, 4)": 0.0630635426904219, "(3, 2, 1, 4, 0)": 0.03761874717330298, "(3, 2, 4, 0, 1)": 0.021370329249270438, "(3, 2, 4, 1, 0)": 0.06303143505867174, "(3, 4, 0, 1, 2)": 0.09114144989459455, "(3, 4, 0, 2, 1)": 0.03261076211246155, "(3, 4, 1, 0, 2)": 0.053325487704182224, "(3, 4, 1, 2, 0)": 0.0316913828981949, "(3, 4, 2, 0, 1)": 0.04615026784561736, "(3, 4, 2, 1, 0)": 0.05170613411922764, "(4, 0, 1, 2, 3)": 0.05249626309451834, "(4, 0, 1, 3, 2)": 0.06978130520100319, "(4, 0, 2, 1, 3)": 0.033864363848873466, "(4, 0, 2, 3, 1)": 0.01978592021840002, "(4, 0, 3, 1, 2)": 0.05562738758920825, "(4, 0, 3, 2, 1)": 0.03135100343954982, "(4, 1, 0, 2, 3)": 0.0400917350862023, "(4, 1, 0, 3, 2)": 0.015424997748964374, "(4, 1, 2, 0, 3)": 0.06280171618320278, "(4, 1, 2, 3, 0)": 0.022833713500484788, "(4, 1, 3, 0, 2)": 0.03664312691351542, "(4, 1, 3, 2, 0)": 0.05010419698543779, "(4, 2, 0, 1, 3)": 0.01558622967736443, "(4, 2, 0, 3, 1)": 0.018419117483986287, "(4, 2, 1, 0, 3)": 0.01623792286251196, "(4, 2, 1, 3, 0)": 0.03474745194495082, "(4, 2, 3, 0, 1)": 0.02981406500667466, "(4, 2, 3, 1, 0)": 0.021329508120598223, "(4, 3, 0, 1, 2)": 0.012151103059210515, "(4, 3, 0, 2, 1)": 0.016252029787759484, "(4, 3, 1, 0, 2)": 0.015388826213269884, "(4, 3, 1, 2, 0)": 0.05489624051082388, "(4, 3, 2, 0, 1)": 0.035826016694885617, "(4, 3, 2, 1, 0)": 0.017903677462093284}