{"(0, 1, 2, 3, 4)": 0.016129682782580278, "(0, 1, 2, 4, 3)": 0.008860022573334675, "(0, 1, 3, 2, 4)": 0.007039570693980961, "(0, 1, 3, 4, 2)": 0.011669047376142876, "(0, 1, 4, 2, 3)": 0.013888444437333117, "(0, 1, 4, 3, 2)": 0.008524474568362953, "(0, 2, 1, 3, 4)": 0.004708148963941847, "(0, 2, 1, 4, 3)": 0.026067220795474164, "(0, 2, 3, 1, 4)": 0.01775919167329665, "(0, 2, 3, 4, 1)": 0.004731689855526127, "(0, 2, 4, 1, 3)": 0.010926522268722509, "(0, 2, 4, 3, 1)": 0.009192388155425113, "(0, 3, 1, 2, 4)": 0.016962376667855907, "(0, 3, 1, 4, 2)": 0.007306770072260999, "(0, 3, 2, 1, 4)": 0.034943605360001934, "(0, 3, 2, 4, 1)": 0.010442966798547025, "(0, 3, 4, 1, 2)": 0.0008164965809277184, "(0, 3, 4, 2, 1)": 0.0073598007219398826, "(0, 4, 1, 2, 3)": 0.012456591294036541, "(0, 4, 1, 3, 2)": 0.006737127643802574, "(0, 4, 2, 1, 3)": 0.0185786615951383, "(0, 4, 2, 3, 1)": 0.016932874009518362, "(0, 4, 3, 1, 2)": 0.000849836585598795, "(0, 4, 3, 2, 1)": 0.008730533902472528, "(1, 0, 2, 3, 4)": 0.01379009306229174, "(1, 0, 2, 4, 3)": 0.003937003937005907, "(1, 0, 3, 2, 4)": 0.005864204028586393, "(1, 0, 3, 4, 2)": 0.016300988381758398, "(1, 0, 4, 2, 3)": 0.005071708018234315, "(1, 0, 4, 3, 2)": 0.017494443562330163, "(1, 2, 0, 3, 4)": 0.0061282587702834145, "(1, 2, 0, 4, 3)": 0.012126646509054168, "(1, 2, 3, 0, 4)": 0.008872554436137449, "(1, 2, 3, 4, 0)": 0.004696334267868456, "(1, 2, 4, 0, 3)": 0.00573488351136175, "(1, 2, 4, 3, 0)": 0.025109759058979438, "(1, 3, 0, 2, 4)": 0.005328122454381933, "(1, 3, 0, 4, 2)": 0.02124068423254457, "(1, 3, 2, 0, 4)": 0.023102428924730464, "(1, 3, 2, 4, 0)": 0.008065702421708568, "(1, 3, 4, 0, 2)": 0.01061445555206044, "(1, 3, 4, 2, 0)": 0.008178562764256865, "(1, 4, 0, 2, 3)": 0.007427426651719068, "(1, 4, 0, 3, 2)": 0.0024608038433722355, "(1, 4, 2, 0, 3)": 0.016222412479858443, "(1, 4, 2, 3, 0)": 0.004988876515698585, "(1, 4, 3, 0, 2)": 0.013480438502594136, "(1, 4, 3, 2, 0)": 0.014447221955179553, "(2, 0, 1, 3, 4)": 0.008605553762283719, "(2, 0, 1, 4, 3)": 0.016628289148315892, "(2, 0, 3, 1, 4)": 0.012043901176759776, "(2, 0, 3, 4, 1)": 0.020018047412827825, "(2, 0, 4, 1, 3)": 0.02476220237916382, "(2, 0, 4, 3, 1)": 0.01061445555206044, "(2, 1, 0, 3, 4)": 0.0141087049567122, "(2, 1, 0, 4, 3)": 0.0065701344481423375, "(2, 1, 3, 0, 4)": 0.004020779360604936, "(2, 1, 3, 4, 0)": 0.007760297817881875, "(2, 1, 4, 0, 3)": 0.005787918451395111, "(2, 1, 4, 3, 0)": 0.01386241922128553, "(2, 3, 0, 1, 4)": 0.004301162633521306, "(2, 3, 0, 4, 1)": 0.0074199430965173644, "(2, 3, 1, 0, 4)": 0.001779513042005224, "(2, 3, 1, 4, 0)": 0.009436925111261372, "(2, 3, 4, 0, 1)": 0.005572751165766834, "(2, 3, 4, 1, 0)": 0.003118047822311621, "(2, 4, 0, 1, 3)": 0.010442966798547025, "(2, 4, 0, 3, 1)": 0.011518101695447333, "(2, 4, 1, 0, 3)": 0.009030811456096051, "(2, 4, 1, 3, 0)": 0.008576453553512399, "(2, 4, 3, 0, 1)": 0.022162280267758253, "(2, 4, 3, 1, 0)": 0.008195527235429495, "(3, 0, 1, 2, 4)": 0.005715476066494084, "(3, 0, 1, 4, 2)": 0.008376554582086047, "(3, 0, 2, 1, 4)": 0.004249182927993994, "(3, 0, 2, 4, 1)": 0.0065701344481423375, "(3, 0, 4, 1, 2)": 0.012263314759431442, "(3, 0, 4, 2, 1)": 0.01899268865174761, "(3, 1, 0, 2, 4)": 0.018170488894541793, "(3, 1, 0, 4, 2)": 0.018075459115115777, "(3, 1, 2, 0, 4)": 0.010496030995889194, "(3, 1, 2, 4, 0)": 0.013193011618108859, "(3, 1, 4, 0, 2)": 0.01902775750201677, "(3, 1, 4, 2, 0)": 0.01744037461371362, "(3, 2, 0, 1, 4)": 0.019395016542057046, "(3, 2, 0, 4, 1)": 0.021098973118772076, "(3, 2, 1, 0, 4)": 0.024733018865925407, "(3, 2, 1, 4, 0)": 0.004326918328582386, "(3, 2, 4, 0, 1)": 0.011848581724784153, "(3, 2, 4, 1, 0)": 0.005906681715556452, "(3, 4, 0, 1, 2)": 0.013435028842544407, "(3, 4, 0, 2, 1)": 0.005930148958219065, "(3, 4, 1, 0, 2)": 0.020043009310535737, "(3, 4, 1, 2, 0)": 0.01966525418656525, "(3, 4, 2, 0, 1)": 0.02182251640444388, "(3, 4, 2, 1, 0)": 0.016594845250525517, "(4, 0, 1, 2, 3)": 0.022855828335216582, "(4, 0, 1, 3, 2)": 0.003628590176179537, "(4, 0, 2, 1, 3)": 0.009285592184789413, "(4, 0, 2, 3, 1)": 0.01664832323889306, "(4, 0, 3, 1, 2)": 0.01457356815913279, "(4, 0, 3, 2, 1)": 0.00651067499487487, "(4, 1, 0, 2, 3)": 0.02109633986158631, "(4, 1, 0, 3, 2)": 0.020470846478725685, "(4, 1, 2, 0, 3)": 0.014061373411662952, "(4, 1, 2, 3, 0)": 0.02881068474638455, "(4, 1, 3, 0, 2)": 0.007153087911291639, "(4, 1, 3, 2, 0)": 0.01921081871122508, "(4, 2, 0, 1, 3)": 0.021969676071045448, "(4, 2, 0, 3, 1)": 0.015844732738533512, "(4, 2, 1, 0, 3)": 0.016779617264870966, "(4, 2, 1, 3, 0)": 0.015520595635763754, "(4, 2, 3, 0, 1)": 0.0091195760135363, "(4, 2, 3, 1, 0)": 0.012624931242937093, "(4, 3, 0, 1, 2)": 0.01818424226264781, "(4, 3, 0, 2, 1)": 0.018458662525281246, "(4, 3, 1, 0, 2)": 0.01722562690360564, "(4, 3, 1, 2, 0)": 0.002013840995599106, "(4, 3, 2, 0, 1)": 0.023790754506740636, "(4, 3, 2, 1, 0)": 0.029012449435065327}