{"(0, 1, 2, 3, 4)": 0.00356682242650543, "(0, 1, 2, 4, 3)": 0.005201495511442396, "(0, 1, 3, 2, 4)": 0.005482294734466175, "(0, 1, 3, 4, 2)": 0.010303721010715812, "(0, 1, 4, 2, 3)": 0.028056490633482076, "(0, 1, 4, 3, 2)": 0.0026246692913372495, "(0, 2, 1, 3, 4)": 0.01528797639395817, "(0, 2, 1, 4, 3)": 0.013898441159592904, "(0, 2, 3, 1, 4)": 0.014120513053316752, "(0, 2, 3, 4, 1)": 0.009600347215943108, "(0, 2, 4, 1, 3)": 0.005099019513592784, "(0, 2, 4, 3, 1)": 0.005104464277037856, "(0, 3, 1, 2, 4)": 0.010885770528538622, "(0, 3, 1, 4, 2)": 0.006599663291074435, "(0, 3, 2, 1, 4)": 0.006459274125025366, "(0, 3, 2, 4, 1)": 0.00154560308258262, "(0, 3, 4, 1, 2)": 0.005169354139756932, "(0, 3, 4, 2, 1)": 0.04678734396773937, "(0, 4, 1, 2, 3)": 0.0502858495669176, "(0, 4, 1, 3, 2)": 0.0028963578661637865, "(0, 4, 2, 1, 3)": 0.01087300428686674, "(0, 4, 2, 3, 1)": 0.005930148958219069, "(0, 4, 3, 1, 2)": 0.005312459150169749, "(0, 4, 3, 2, 1)": 0.013474255287605156, "(1, 0, 2, 3, 4)": 0.004904646323187366, "(1, 0, 2, 4, 3)": 0.013761863568895328, "(1, 0, 3, 2, 4)": 0.00573488351136174, "(1, 0, 3, 4, 2)": 0.005522680508593618, "(1, 0, 4, 2, 3)": 0.005436502143433346, "(1, 0, 4, 3, 2)": 0.0063420991968134825, "(1, 2, 0, 3, 4)": 0.0040892813821284445, "(1, 2, 0, 4, 3)": 0.01653951497340704, "(1, 2, 3, 0, 4)": 0.011895377253370303, "(1, 2, 3, 4, 0)": 0.0135912553585834, "(1, 2, 4, 0, 3)": 0.014744113703064306, "(1, 2, 4, 3, 0)": 0.011052903087726171, "(1, 3, 0, 2, 4)": 0.004642796092394715, "(1, 3, 0, 4, 2)": 0.006980130530457308, "(1, 3, 2, 0, 4)": 0.002357022603955167, "(1, 3, 2, 4, 0)": 0.014668560483792085, "(1, 3, 4, 0, 2)": 0.005185449728701335, "(1, 3, 4, 2, 0)": 0.007982620009885377, "(1, 4, 0, 2, 3)": 0.004708148963941858, "(1, 4, 0, 3, 2)": 0.04866381270170542, "(1, 4, 2, 0, 3)": 0.00889131911223278, "(1, 4, 2, 3, 0)": 0.006337717780610522, "(1, 4, 3, 0, 2)": 0.008106924338010201, "(1, 4, 3, 2, 0)": 0.011578236288638945, "(2, 0, 1, 3, 4)": 0.004478342947514798, "(2, 0, 1, 4, 3)": 0.012478871031556558, "(2, 0, 3, 1, 4)": 0.006128258770283401, "(2, 0, 3, 4, 1)": 0.013676825492619085, "(2, 0, 4, 1, 3)": 0.00815475321515004, "(2, 0, 4, 3, 1)": 0.0012472191289246385, "(2, 1, 0, 3, 4)": 0.009809292646374779, "(2, 1, 0, 4, 3)": 0.007919736247011163, "(2, 1, 3, 0, 4)": 0.008249579113843056, "(2, 1, 3, 4, 0)": 0.008806563209081932, "(2, 1, 4, 0, 3)": 0.018277186751673672, "(2, 1, 4, 3, 0)": 0.006712343521867428, "(2, 3, 0, 1, 4)": 0.007082843120291922, "(2, 3, 0, 4, 1)": 0.06658870441415388, "(2, 3, 1, 0, 4)": 0.010559356040971458, "(2, 3, 1, 4, 0)": 0.014584999904772791, "(2, 3, 4, 0, 1)": 0.008106924338010215, "(2, 3, 4, 1, 0)": 0.006612278141625786, "(2, 4, 0, 1, 3)": 0.012743189902410149, "(2, 4, 0, 3, 1)": 0.01653951497340704, "(2, 4, 1, 0, 3)": 0.011197718021493882, "(2, 4, 1, 3, 0)": 0.018334848422244084, "(2, 4, 3, 0, 1)": 0.00918634251968044, "(2, 4, 3, 1, 0)": 0.028723780314498213, "(3, 0, 1, 2, 4)": 0.007641262257565101, "(3, 0, 1, 4, 2)": 0.0031885210782848263, "(3, 0, 2, 1, 4)": 0.016614919667442128, "(3, 0, 2, 4, 1)": 0.012903487900563943, "(3, 0, 4, 1, 2)": 0.016413070672146913, "(3, 0, 4, 2, 1)": 0.010303721010715812, "(3, 1, 0, 2, 4)": 0.009974968671629971, "(3, 1, 0, 4, 2)": 0.01151810169544734, "(3, 1, 2, 0, 4)": 0.001649915822768623, "(3, 1, 2, 4, 0)": 0.008106924338010201, "(3, 1, 4, 0, 2)": 0.001224744871391593, "(3, 1, 4, 2, 0)": 0.010677078252031305, "(3, 2, 0, 1, 4)": 0.008573214099741122, "(3, 2, 0, 4, 1)": 0.01564182427553342, "(3, 2, 1, 0, 4)": 0.008524474568362942, "(3, 2, 1, 4, 0)": 0.007382411530116713, "(3, 2, 4, 0, 1)": 0.06281056174455588, "(3, 2, 4, 1, 0)": 0.011556623882239818, "(3, 4, 0, 1, 2)": 0.006599663291074461, "(3, 4, 0, 2, 1)": 0.004708148963941859, "(3, 4, 1, 0, 2)": 0.014713938969562163, "(3, 4, 1, 2, 0)": 0.0020412414523193227, "(3, 4, 2, 0, 1)": 0.010208928554075689, "(3, 4, 2, 1, 0)": 0.006407460928913705, "(4, 0, 1, 2, 3)": 0.006819090848492914, "(4, 0, 1, 3, 2)": 0.006798692684790373, "(4, 0, 2, 1, 3)": 0.002943920288775938, "(4, 0, 2, 3, 1)": 0.004415880433163926, "(4, 0, 3, 1, 2)": 0.006548960901462845, "(4, 0, 3, 2, 1)": 0.002321398046197363, "(4, 1, 0, 2, 3)": 0.015970458839856667, "(4, 1, 0, 3, 2)": 0.06581075562212878, "(4, 1, 2, 0, 3)": 0.01202774570177914, "(4, 1, 2, 3, 0)": 0.010058164179743086, "(4, 1, 3, 0, 2)": 0.005887840577551892, "(4, 1, 3, 2, 0)": 0.009366014212151422, "(4, 2, 0, 1, 3)": 0.021003967879109558, "(4, 2, 0, 3, 1)": 0.003704351795148806, "(4, 2, 1, 0, 3)": 0.011047875612784367, "(4, 2, 1, 3, 0)": 0.01778107608292215, "(4, 2, 3, 0, 1)": 0.004552166761249212, "(4, 2, 3, 1, 0)": 0.014514360704718144, "(4, 3, 0, 1, 2)": 0.004143267631552012, "(4, 3, 0, 2, 1)": 0.0025927248643506716, "(4, 3, 1, 0, 2)": 0.006328945848682522, "(4, 3, 1, 2, 0)": 0.010416333327999829, "(4, 3, 2, 0, 1)": 0.014522013940527977, "(4, 3, 2, 1, 0)": 0.011848581724784157}