{"(0, 1, 2, 3, 4)": 0.009701317207243328, "(0, 1, 2, 4, 3)": 0.014312077262073288, "(0, 1, 3, 2, 4)": 0.006386096007908295, "(0, 1, 3, 4, 2)": 0.0032221455929585512, "(0, 1, 4, 2, 3)": 0.005753453069437717, "(0, 1, 4, 3, 2)": 0.003287687468250125, "(0, 2, 1, 3, 4)": 0.00816060999898633, "(0, 2, 1, 4, 3)": 0.01630487316383936, "(0, 2, 3, 1, 4)": 0.017096848312546455, "(0, 2, 3, 4, 1)": 0.012085620473199629, "(0, 2, 4, 1, 3)": 0.01831963124325619, "(0, 2, 4, 3, 1)": 0.006881860213634095, "(0, 3, 1, 2, 4)": 0.012502088714379767, "(0, 3, 1, 4, 2)": 0.008769644614616184, "(0, 3, 2, 1, 4)": 0.018278828068439057, "(0, 3, 2, 4, 1)": 0.017221175595437403, "(0, 3, 4, 1, 2)": 0.012177939982699143, "(0, 3, 4, 2, 1)": 0.00965723677985697, "(0, 4, 1, 2, 3)": 0.0034615346628659176, "(0, 4, 1, 3, 2)": 0.013648280314953808, "(0, 4, 2, 1, 3)": 0.010288288919392229, "(0, 4, 2, 3, 1)": 0.0044462218668088254, "(0, 4, 3, 1, 2)": 0.009814275317108228, "(0, 4, 3, 2, 1)": 0.0018571184369578853, "(1, 0, 2, 3, 4)": 0.0014236104336041897, "(1, 0, 2, 4, 3)": 0.0029393876913398074, "(1, 0, 3, 2, 4)": 0.0009797958971132766, "(1, 0, 3, 4, 2)": 0.011332548992467079, "(1, 0, 4, 2, 3)": 0.01082712642701964, "(1, 0, 4, 3, 2)": 0.005845416057808797, "(1, 2, 0, 3, 4)": 0.009017513823419138, "(1, 2, 0, 4, 3)": 0.0044181444068748955, "(1, 2, 3, 0, 4)": 0.007661737545897948, "(1, 2, 3, 4, 0)": 0.010152613237760776, "(1, 2, 4, 0, 3)": 0.00846850373770689, "(1, 2, 4, 3, 0)": 0.004349201714746685, "(1, 3, 0, 2, 4)": 0.007680277772754486, "(1, 3, 0, 4, 2)": 0.015304901175767199, "(1, 3, 2, 0, 4)": 0.01191973154060107, "(1, 3, 2, 4, 0)": 0.007638498979947985, "(1, 3, 4, 0, 2)": 0.007224649164876838, "(1, 3, 4, 2, 0)": 0.007418894796396562, "(1, 4, 0, 2, 3)": 0.0027904599381941906, "(1, 4, 0, 3, 2)": 0.0034097898273451836, "(1, 4, 2, 0, 3)": 0.006743556595414285, "(1, 4, 2, 3, 0)": 0.011781718418333073, "(1, 4, 3, 0, 2)": 0.0034097898273451727, "(1, 4, 3, 2, 0)": 0.012540423526429322, "(2, 0, 1, 3, 4)": 0.011811858448186741, "(2, 0, 1, 4, 3)": 0.014196087097819913, "(2, 0, 3, 1, 4)": 0.010554409294487088, "(2, 0, 3, 4, 1)": 0.009745198247798192, "(2, 0, 4, 1, 3)": 0.013726211745739915, "(2, 0, 4, 3, 1)": 0.005063156678946006, "(2, 1, 0, 3, 4)": 0.012377757829626867, "(2, 1, 0, 4, 3)": 0.010435835695653053, "(2, 1, 3, 0, 4)": 0.004902607016226733, "(2, 1, 3, 4, 0)": 0.0045723808531952835, "(2, 1, 4, 0, 3)": 0.01124435660923093, "(2, 1, 4, 3, 0)": 0.007946487693734067, "(2, 3, 0, 1, 4)": 0.002536839678725397, "(2, 3, 0, 4, 1)": 0.007533038342306953, "(2, 3, 1, 0, 4)": 0.005989620652057662, "(2, 3, 1, 4, 0)": 0.016080906552665343, "(2, 3, 4, 0, 1)": 0.0070275647749890304, "(2, 3, 4, 1, 0)": 0.006711846905948381, "(2, 4, 0, 1, 3)": 0.004607240678178926, "(2, 4, 0, 3, 1)": 0.0038273866918419595, "(2, 4, 1, 0, 3)": 0.010236318782756921, "(2, 4, 1, 3, 0)": 0.005678810517079152, "(2, 4, 3, 0, 1)": 0.013674306807537505, "(2, 4, 3, 1, 0)": 0.010291744264214909, "(3, 0, 1, 2, 4)": 0.005438954147832296, "(3, 0, 1, 4, 2)": 0.0053897021150420546, "(3, 0, 2, 1, 4)": 0.00037712361663281, "(3, 0, 2, 4, 1)": 0.006358196809368721, "(3, 0, 4, 1, 2)": 0.01191973154060107, "(3, 0, 4, 2, 1)": 0.0039732438468670335, "(3, 1, 0, 2, 4)": 0.00834159590379576, "(3, 1, 0, 4, 2)": 0.011876400502209783, "(3, 1, 2, 0, 4)": 0.0058088055762111936, "(3, 1, 2, 4, 0)": 0.009965273035229226, "(3, 1, 4, 0, 2)": 0.0047814456205442935, "(3, 1, 4, 2, 0)": 0.0053698748174939295, "(3, 2, 0, 1, 4)": 0.011437171367470569, "(3, 2, 0, 4, 1)": 0.005555377774933239, "(3, 2, 1, 0, 4)": 0.004576267280461456, "(3, 2, 1, 4, 0)": 0.0029454296045832635, "(3, 2, 4, 0, 1)": 0.001543444920372023, "(3, 2, 4, 1, 0)": 0.0017987650084309382, "(3, 4, 0, 1, 2)": 0.005084180257316706, "(3, 4, 0, 2, 1)": 0.0026127890589687074, "(3, 4, 1, 0, 2)": 0.005409456740026896, "(3, 4, 1, 2, 0)": 0.014543727170158276, "(3, 4, 2, 0, 1)": 0.009152534560922932, "(3, 4, 2, 1, 0)": 0.010654993612803762, "(4, 0, 1, 2, 3)": 0.012369137219529728, "(4, 0, 1, 3, 2)": 0.00926834517172413, "(4, 0, 2, 1, 3)": 0.00571625362939361, "(4, 0, 2, 3, 1)": 0.009478865379827318, "(4, 0, 3, 1, 2)": 0.005926962872238085, "(4, 0, 3, 2, 1)": 0.004262497963505526, "(4, 1, 0, 2, 3)": 0.005487764167268441, "(4, 1, 0, 3, 2)": 0.009335237900914298, "(4, 1, 2, 0, 3)": 0.001496662954709575, "(4, 1, 2, 3, 0)": 0.015625619987699686, "(4, 1, 3, 0, 2)": 0.008802019970186136, "(4, 1, 3, 2, 0)": 0.014449298329753673, "(4, 2, 0, 1, 3)": 0.0007542472332656462, "(4, 2, 0, 3, 1)": 0.006575374936500226, "(4, 2, 1, 0, 3)": 0.007195060033723756, "(4, 2, 1, 3, 0)": 0.0023551362310207575, "(4, 2, 3, 0, 1)": 0.0027194770739161606, "(4, 2, 3, 1, 0)": 0.0053099487337972895, "(4, 3, 0, 1, 2)": 0.006173779681488126, "(4, 3, 0, 2, 1)": 0.012548926470242595, "(4, 3, 1, 0, 2)": 0.006556421788343614, "(4, 3, 1, 2, 0)": 0.0035826743580118386, "(4, 3, 2, 0, 1)": 0.0006798692684790574, "(4, 3, 2, 1, 0)": 0.008468503737706882}