{"(0, 1, 2, 3, 4)": 0.005228979080300701, "(0, 1, 2, 4, 3)": 0.008328798766262078, "(0, 1, 3, 2, 4)": 0.010654993612803762, "(0, 1, 3, 4, 2)": 0.0028534579412043534, "(0, 1, 4, 2, 3)": 0.0058088055762111936, "(0, 1, 4, 3, 2)": 0.006861162842809917, "(0, 2, 1, 3, 4)": 0.0023551362310207575, "(0, 2, 1, 4, 3)": 0.005167419300020303, "(0, 2, 3, 1, 4)": 0.00748331477354789, "(0, 2, 3, 4, 1)": 0.001177568115510388, "(0, 2, 4, 1, 3)": 0.0025508168626278602, "(0, 2, 4, 3, 1)": 0.005132900414645377, "(0, 3, 1, 2, 4)": 0.011759062698852978, "(0, 3, 1, 4, 2)": 0.003766519171153472, "(0, 3, 2, 1, 4)": 0.0035826743580118386, "(0, 3, 2, 4, 1)": 0.007397296803562779, "(0, 3, 4, 1, 2)": 0.007187643718369897, "(0, 3, 4, 2, 1)": 0.007273696905059124, "(0, 4, 1, 2, 3)": 0.01154392577168713, "(0, 4, 1, 3, 2)": 0.0032166234884839495, "(0, 4, 2, 1, 3)": 0.00777231554228784, "(0, 4, 2, 3, 1)": 0.003522625283632772, "(0, 4, 3, 1, 2)": 0.013210097148267552, "(0, 4, 3, 2, 1)": 0.009319990462560691, "(1, 0, 2, 3, 4)": 0.0011313708498984824, "(1, 0, 2, 4, 3)": 0.00566627449623354, "(1, 0, 3, 2, 4)": 0.004079215610874232, "(1, 0, 3, 4, 2)": 0.004245782220824161, "(1, 0, 4, 2, 3)": 0.0107546372427071, "(1, 0, 4, 3, 2)": 0.006433246976967899, "(1, 2, 0, 3, 4)": 0.0066077395697940544, "(1, 2, 0, 4, 3)": 0.0034563950391508637, "(1, 2, 3, 0, 4)": 0.004988876515698593, "(1, 2, 3, 4, 0)": 0.006701243665668821, "(1, 2, 4, 0, 3)": 0.0021416504538945267, "(1, 2, 4, 3, 0)": 0.003287687468250125, "(1, 3, 0, 2, 4)": 0.014696938456699058, "(1, 3, 0, 4, 2)": 0.0033359989341858157, "(1, 3, 2, 0, 4)": 0.007680277772754486, "(1, 3, 2, 4, 0)": 0.00460724067817895, "(1, 3, 4, 0, 2)": 0.006130434097372072, "(1, 3, 4, 2, 0)": 0.003923717058549909, "(1, 4, 0, 2, 3)": 0.0028158282775923704, "(1, 4, 0, 3, 2)": 0.0064855394704081675, "(1, 4, 2, 0, 3)": 0.00707295317859991, "(1, 4, 2, 3, 0)": 0.005239168721170281, "(1, 4, 3, 0, 2)": 0.0069818813128459025, "(1, 4, 3, 2, 0)": 0.0049995555358007, "(2, 0, 1, 3, 4)": 0.01201036589321444, "(2, 0, 1, 4, 3)": 0.005552176750308537, "(2, 0, 3, 1, 4)": 0.012410748030101452, "(2, 0, 3, 4, 1)": 0.0031721006008987485, "(2, 0, 4, 1, 3)": 0.006419414995845719, "(2, 0, 4, 3, 1)": 0.010229369482035528, "(2, 1, 0, 3, 4)": 0.004759084879353264, "(2, 1, 0, 4, 3)": 0.016448167746658658, "(2, 1, 3, 0, 4)": 0.0022939534045446977, "(2, 1, 3, 4, 0)": 0.0024073960113690385, "(2, 1, 4, 0, 3)": 0.01110595435891136, "(2, 1, 4, 3, 0)": 0.011296410442653412, "(2, 3, 0, 1, 4)": 0.006853385213811419, "(2, 3, 0, 4, 1)": 0.007361159328982541, "(2, 3, 1, 0, 4)": 0.007349074015744345, "(2, 3, 1, 4, 0)": 0.019504073648571194, "(2, 3, 4, 0, 1)": 0.0041096093353126546, "(2, 3, 4, 1, 0)": 0.00604281023659981, "(2, 4, 0, 1, 3)": 0.005228979080300701, "(2, 4, 0, 3, 1)": 0.013609147250613794, "(2, 4, 1, 0, 3)": 0.006884443009826967, "(2, 4, 1, 3, 0)": 0.006130434097372085, "(2, 4, 3, 0, 1)": 0.009076465293395989, "(2, 4, 3, 1, 0)": 0.007353910524340096, "(3, 0, 1, 2, 4)": 0.007341813278899311, "(3, 0, 1, 4, 2)": 0.0035975300168618767, "(3, 0, 2, 1, 4)": 0.009913402824235243, "(3, 0, 2, 4, 1)": 0.004814792022738077, "(3, 0, 4, 1, 2)": 0.011695393205113815, "(3, 0, 4, 2, 1)": 0.0014236104336041637, "(3, 1, 0, 2, 4)": 0.010654993612803762, "(3, 1, 0, 4, 2)": 0.009832372834446197, "(3, 1, 2, 0, 4)": 0.004811098280711665, "(3, 1, 2, 4, 0)": 0.003923717058549908, "(3, 1, 4, 0, 2)": 0.01029865147590801, "(3, 1, 4, 2, 0)": 0.007165348716023681, "(3, 2, 0, 1, 4)": 0.0011775681155103694, "(3, 2, 0, 4, 1)": 0.006048691318514005, "(3, 2, 1, 0, 4)": 0.0037570674142947823, "(3, 2, 1, 4, 0)": 0.0025508168626278602, "(3, 2, 4, 0, 1)": 0.0014236104336041897, "(3, 2, 4, 1, 0)": 0.013076187007941817, "(3, 4, 0, 1, 2)": 0.007382863039950456, "(3, 4, 0, 2, 1)": 0.0053897021150420546, "(3, 4, 1, 0, 2)": 0.002993325909419145, "(3, 4, 1, 2, 0)": 0.006727720432822865, "(3, 4, 2, 0, 1)": 0.0044462218668088254, "(3, 4, 2, 1, 0)": 0.008333066662399876, "(4, 0, 1, 2, 3)": 0.0019866219234335016, "(4, 0, 1, 3, 2)": 0.005396295025292813, "(4, 0, 2, 1, 3)": 0.00677511787515332, "(4, 0, 2, 3, 1)": 0.00037712361663283614, "(4, 0, 3, 1, 2)": 0.0027776888874666067, "(4, 0, 3, 2, 1)": 0.005309948733797295, "(4, 1, 0, 2, 3)": 0.0030346151137976038, "(4, 1, 0, 3, 2)": 0.0040922691341927515, "(4, 1, 2, 0, 3)": 0.002828427124746193, "(4, 1, 2, 3, 0)": 0.014390120067447502, "(4, 1, 3, 0, 2)": 0.004135483311805553, "(4, 1, 3, 2, 0)": 0.006147809004479207, "(4, 2, 0, 1, 3)": 0.004814792022738077, "(4, 2, 0, 3, 1)": 0.0045057987329908894, "(4, 2, 1, 0, 3)": 0.007721830525637465, "(4, 2, 1, 3, 0)": 0.012637861985144314, "(4, 2, 3, 0, 1)": 0.006884443009826967, "(4, 2, 3, 1, 0)": 0.003923717058549908, "(4, 3, 0, 1, 2)": 0.009291334074764986, "(4, 3, 0, 2, 1)": 0.008094991592885629, "(4, 3, 1, 0, 2)": 0.00623110477095889, "(4, 3, 1, 2, 0)": 0.0035975300168618763, "(4, 3, 2, 0, 1)": 0.010931707196143808, "(4, 3, 2, 1, 0)": 0.0043204937989385775}