{"(0, 1, 2, 3, 4)": 0.001122497216032175, "(0, 1, 2, 4, 3)": 0.0008041558721209937, "(0, 1, 3, 2, 4)": 0.0021312489817527642, "(0, 1, 3, 4, 2)": 0.0007542472332656462, "(0, 1, 4, 2, 3)": 0.0010033277962194953, "(0, 1, 4, 3, 2)": 0.0012710450643291713, "(0, 2, 1, 3, 4)": 0.0025468935326524132, "(0, 2, 1, 4, 3)": 0.000454606056566192, "(0, 2, 3, 1, 4)": 0.0013021349989749689, "(0, 2, 3, 4, 1)": 0.0011313708498984691, "(0, 2, 4, 1, 3)": 0.0004109609335312663, "(0, 2, 4, 3, 1)": 0.000997775303139724, "(0, 3, 1, 2, 4)": 0.001400793425963386, "(0, 3, 1, 4, 2)": 0.0014522013940527986, "(0, 3, 2, 1, 4)": 0.001667999467092908, "(0, 3, 2, 4, 1)": 0.001053037933262088, "(0, 3, 4, 1, 2)": 0.0012283683848458749, "(0, 3, 4, 2, 1)": 0.0014522013940527986, "(0, 4, 1, 2, 3)": 0.0005715476066494019, "(0, 4, 1, 3, 2)": 0.0007930251502246822, "(0, 4, 2, 1, 3)": 0.000967241208569792, "(0, 4, 2, 3, 1)": 0.0010801234497346444, "(0, 4, 3, 1, 2)": 0.0010274023338281636, "(0, 4, 3, 2, 1)": 0.001049867716534904, "(1, 0, 2, 3, 4)": 0.004517373868373819, "(1, 0, 2, 4, 3)": 0.00041096093353126486, "(1, 0, 3, 2, 4)": 0.002080598204576959, "(1, 0, 3, 4, 2)": 0.0010208928554075697, "(1, 0, 4, 2, 3)": 0.0011440668201153704, "(1, 0, 4, 3, 2)": 0.001964688270438849, "(1, 2, 0, 3, 4)": 0.00033993463423951964, "(1, 2, 0, 4, 3)": 0.0006164414002968973, "(1, 2, 3, 0, 4)": 0.0009285592184789333, "(1, 2, 3, 4, 0)": 0.0017913371790059245, "(1, 2, 4, 0, 3)": 0.0005715476066494051, "(1, 2, 4, 3, 0)": 0.0006944222218666601, "(1, 3, 0, 2, 4)": 0.002430820620467266, "(1, 3, 0, 4, 2)": 0.001249888883950182, "(1, 3, 2, 0, 4)": 0.0020542638584174168, "(1, 3, 2, 4, 0)": 0.0009877021593352813, "(1, 3, 4, 0, 2)": 0.00169377946878833, "(1, 3, 4, 2, 0)": 0.0023299976156401763, "(1, 4, 0, 2, 3)": 0.0003559026084010435, "(1, 4, 0, 3, 2)": 0.0012569805089976563, "(1, 4, 2, 0, 3)": 0.0007483314773547874, "(1, 4, 2, 3, 0)": 0.0019646882704388497, "(1, 4, 3, 0, 2)": 0.002376271589416215, "(1, 4, 3, 2, 0)": 0.0016499158227686124, "(2, 0, 1, 3, 4)": 0.0010338708279513883, "(2, 0, 1, 4, 3)": 0.001275408431313936, "(2, 0, 3, 1, 4)": 0.004294958284624736, "(2, 0, 3, 4, 1)": 0.00024944382578492424, "(2, 0, 4, 1, 3)": 0.0002160246899469263, "(2, 0, 4, 3, 1)": 0.0015062831370260077, "(2, 1, 0, 3, 4)": 0.0009416297927883723, "(2, 1, 0, 4, 3)": 0.0009899494936611612, "(2, 1, 3, 0, 4)": 0.00037416573867739744, "(2, 1, 3, 4, 0)": 0.0020215505600075117, "(2, 1, 4, 0, 3)": 0.0009899494936611622, "(2, 1, 4, 3, 0)": 0.00131993265821488, "(2, 3, 0, 1, 4)": 0.0026948510575210273, "(2, 3, 0, 4, 1)": 0.0016357125528513746, "(2, 3, 1, 0, 4)": 0.0013912424503139413, "(2, 3, 1, 4, 0)": 0.002082199691565531, "(2, 3, 4, 0, 1)": 0.001344123010243739, "(2, 3, 4, 1, 0)": 0.0015121728296285043, "(2, 4, 0, 1, 3)": 0.0005715476066494051, "(2, 4, 0, 3, 1)": 0.0008178562764256908, "(2, 4, 1, 0, 3)": 0.0008485281374238552, "(2, 4, 1, 3, 0)": 0.0022226110770892818, "(2, 4, 3, 0, 1)": 0.0010708252269472755, "(2, 4, 3, 1, 0)": 0.0024904261125803773, "(3, 0, 1, 2, 4)": 0.0026836956277160374, "(3, 0, 1, 4, 2)": 0.0025495097567963822, "(3, 0, 2, 1, 4)": 0.0012328828005937962, "(3, 0, 2, 4, 1)": 0.0022543784558547953, "(3, 0, 4, 1, 2)": 0.0005734883511361797, "(3, 0, 4, 2, 1)": 0.0008164965809277268, "(3, 1, 0, 2, 4)": 0.0017556258776351512, "(3, 1, 0, 4, 2)": 0.0029063149634316367, "(3, 1, 2, 0, 4)": 0.0008576453553512367, "(3, 1, 2, 4, 0)": 0.00253902868567227, "(3, 1, 4, 0, 2)": 0.0015584892970081277, "(3, 1, 4, 2, 0)": 0.0014306175822583304, "(3, 2, 0, 1, 4)": 0.0008806563209081956, "(3, 2, 0, 4, 1)": 0.0005436502143433417, "(3, 2, 1, 0, 4)": 0.003909816704996117, "(3, 2, 1, 4, 0)": 0.001667999467092908, "(3, 2, 4, 0, 1)": 0.0003681787005729025, "(3, 2, 4, 1, 0)": 0.002148384405909608, "(3, 4, 0, 1, 2)": 0.0014055445761538671, "(3, 4, 0, 2, 1)": 0.0013021349989749689, "(3, 4, 1, 0, 2)": 0.002148384405909608, "(3, 4, 1, 2, 0)": 0.0011518101695447323, "(3, 4, 2, 0, 1)": 0.0013199326582148919, "(3, 4, 2, 1, 0)": 0.0008653836657164743, "(4, 0, 1, 2, 3)": 0.0003399346342395287, "(4, 0, 1, 3, 2)": 0.000974109279746835, "(4, 0, 2, 1, 3)": 0.0002449489742783135, "(4, 0, 2, 3, 1)": 0.0026662499674428245, "(4, 0, 3, 1, 2)": 0.0016759740119968722, "(4, 0, 3, 2, 1)": 0.0016309506430300063, "(4, 1, 0, 2, 3)": 0.00021602468994693058, "(4, 1, 0, 3, 2)": 0.001132352516764206, "(4, 1, 2, 0, 3)": 0.00093926685357369, "(4, 1, 2, 3, 0)": 0.001265789169736508, "(4, 1, 3, 0, 2)": 0.000903081145609607, "(4, 1, 3, 2, 0)": 0.00047140452079103207, "(4, 2, 0, 1, 3)": 0.0003771236166328231, "(4, 2, 0, 3, 1)": 0.0014165686240583924, "(4, 2, 1, 0, 3)": 0.00028674417556809036, "(4, 2, 1, 3, 0)": 0.0017378147196982806, "(4, 2, 3, 0, 1)": 0.0014514360704718232, "(4, 2, 3, 1, 0)": 0.0005099019513592823, "(4, 3, 0, 1, 2)": 0.000993310961716751, "(4, 3, 0, 2, 1)": 0.0013224556283251503, "(4, 3, 1, 0, 2)": 0.001470449666674187, "(4, 3, 1, 2, 0)": 0.004761885714247618, "(4, 3, 2, 0, 1)": 0.0011145502331533694, "(4, 3, 2, 1, 0)": 0.0011343133018115702}