{"(0, 1, 2, 3, 4)": 0.03090803563260963, "(0, 1, 2, 4, 3)": 0.029394481719458083, "(0, 1, 3, 2, 4)": 0.03385354076344485, "(0, 1, 3, 4, 2)": 0.05312258360517575, "(0, 1, 4, 2, 3)": 0.03270120622987612, "(0, 1, 4, 3, 2)": 0.04118640552415324, "(0, 2, 1, 3, 4)": 0.012551759504813135, "(0, 2, 1, 4, 3)": 0.01045795816060138, "(0, 2, 3, 1, 4)": 0.006386096007908292, "(0, 2, 3, 4, 1)": 0.020836719724776482, "(0, 2, 4, 1, 3)": 0.003636848452529552, "(0, 2, 4, 3, 1)": 0.016973705154345826, "(0, 3, 1, 2, 4)": 0.006531972647421791, "(0, 3, 1, 4, 2)": 0.024398907079348192, "(0, 3, 2, 1, 4)": 0.028442847177375816, "(0, 3, 2, 4, 1)": 0.019443822212266357, "(0, 3, 4, 1, 2)": 0.010754637242707074, "(0, 3, 4, 2, 1)": 0.008173670466130172, "(0, 4, 1, 2, 3)": 0.00499955553580071, "(0, 4, 1, 3, 2)": 0.010498677165349092, "(0, 4, 2, 1, 3)": 0.023778982316322948, "(0, 4, 2, 3, 1)": 0.010007996802557439, "(0, 4, 3, 1, 2)": 0.017987650084309376, "(0, 4, 3, 2, 1)": 0.007838367176906167, "(1, 0, 2, 3, 4)": 0.04579645789311174, "(1, 0, 2, 4, 3)": 0.06428796327635697, "(1, 0, 3, 2, 4)": 0.03256664960763797, "(1, 0, 3, 4, 2)": 0.01197478833030278, "(1, 0, 4, 2, 3)": 0.03357671150597621, "(1, 0, 4, 3, 2)": 0.013861537512924824, "(1, 2, 0, 3, 4)": 0.024867292217332845, "(1, 2, 0, 4, 3)": 0.008981957222986297, "(1, 2, 3, 0, 4)": 0.011332548992467092, "(1, 2, 3, 4, 0)": 0.019575040797459982, "(1, 2, 4, 0, 3)": 0.009646185198765828, "(1, 2, 4, 3, 0)": 0.01861994152037602, "(1, 3, 0, 2, 4)": 0.057546580166756116, "(1, 3, 0, 4, 2)": 0.06679161624036359, "(1, 3, 2, 0, 4)": 0.0008640987597877137, "(1, 3, 2, 4, 0)": 0.021886982432487115, "(1, 3, 4, 0, 2)": 0.014375287436739796, "(1, 3, 4, 2, 0)": 0.017347686365109968, "(1, 4, 0, 2, 3)": 0.053512698389157023, "(1, 4, 0, 3, 2)": 0.06393746945258313, "(1, 4, 2, 0, 3)": 0.026279184834304827, "(1, 4, 2, 3, 0)": 0.014145906357199827, "(1, 4, 3, 0, 2)": 0.009814275317108224, "(1, 4, 3, 2, 0)": 0.0104664543502882, "(2, 0, 1, 3, 4)": 0.013435607747904647, "(2, 0, 1, 4, 3)": 0.023693599698371426, "(2, 0, 3, 1, 4)": 0.005063156678946006, "(2, 0, 3, 4, 1)": 0.0107546372427071, "(2, 0, 4, 1, 3)": 0.004418144406874906, "(2, 0, 4, 3, 1)": 0.0058908592091665496, "(2, 1, 0, 3, 4)": 0.004814792022738082, "(2, 1, 0, 4, 3)": 0.025010575540936452, "(2, 1, 3, 0, 4)": 0.0035226252836327767, "(2, 1, 3, 4, 0)": 0.004999555535800711, "(2, 1, 4, 0, 3)": 0.00943374557403131, "(2, 1, 4, 3, 0)": 0.002223110933404404, "(2, 3, 0, 1, 4)": 0.0037712361663282566, "(2, 3, 0, 4, 1)": 0.012455074824700514, "(2, 3, 1, 0, 4)": 0.005309948733797299, "(2, 3, 1, 4, 0)": 0.0020997354330698245, "(2, 3, 4, 0, 1)": 0.00566627449623354, "(2, 3, 4, 1, 0)": 0.011606894502837521, "(2, 4, 0, 1, 3)": 0.004262497963505535, "(2, 4, 0, 3, 1)": 0.004458200932613461, "(2, 4, 1, 0, 3)": 0.002174600857373348, "(2, 4, 1, 3, 0)": 0.007894864716313312, "(2, 4, 3, 0, 1)": 0.0113341176199218, "(2, 4, 3, 1, 0)": 0.006976786907707272, "(3, 0, 1, 2, 4)": 0.011089935377028431, "(3, 0, 1, 4, 2)": 0.037720374688842456, "(3, 0, 2, 1, 4)": 0.04638045565393537, "(3, 0, 2, 4, 1)": 0.022775425352778815, "(3, 0, 4, 1, 2)": 0.04563078882606446, "(3, 0, 4, 2, 1)": 0.012502088714379784, "(3, 1, 0, 2, 4)": 0.04931999819771105, "(3, 1, 0, 4, 2)": 0.007305401350294786, "(3, 1, 2, 0, 4)": 0.008028836915906449, "(3, 1, 2, 4, 0)": 0.009568466729604892, "(3, 1, 4, 0, 2)": 0.023269627318793826, "(3, 1, 4, 2, 0)": 0.008396824796711354, "(3, 2, 0, 1, 4)": 0.03972035582250826, "(3, 2, 0, 4, 1)": 0.024658376985429407, "(3, 2, 1, 0, 4)": 0.05487375409873911, "(3, 2, 1, 4, 0)": 0.038367115549068256, "(3, 2, 4, 0, 1)": 0.050355535941939894, "(3, 2, 4, 1, 0)": 0.0217042750525226, "(3, 4, 0, 1, 2)": 0.019534129676599944, "(3, 4, 0, 2, 1)": 0.032347007417825986, "(3, 4, 1, 0, 2)": 0.11582622999802572, "(3, 4, 1, 2, 0)": 0.010391449476479311, "(3, 4, 2, 0, 1)": 0.06992287815078042, "(3, 4, 2, 1, 0)": 0.04165935935923911, "(4, 0, 1, 2, 3)": 0.028330117464556253, "(4, 0, 1, 3, 2)": 0.0038689648342791747, "(4, 0, 2, 1, 3)": 0.01932827520039547, "(4, 0, 2, 3, 1)": 0.006853385213811394, "(4, 0, 3, 1, 2)": 0.01642545450073013, "(4, 0, 3, 2, 1)": 0.020135540717845134, "(4, 1, 0, 2, 3)": 0.0034563950391508637, "(4, 1, 0, 3, 2)": 0.06599663291074442, "(4, 1, 2, 0, 3)": 0.019055941039184846, "(4, 1, 2, 3, 0)": 0.004529410067056799, "(4, 1, 3, 0, 2)": 0.023287955876136683, "(4, 1, 3, 2, 0)": 0.013906353464034585, "(4, 2, 0, 1, 3)": 0.041118149547641626, "(4, 2, 0, 3, 1)": 0.007946487693734025, "(4, 2, 1, 0, 3)": 0.052947605128928064, "(4, 2, 1, 3, 0)": 0.029089287833610956, "(4, 2, 3, 0, 1)": 0.054182243913994135, "(4, 2, 3, 1, 0)": 0.004529410067056799, "(4, 3, 0, 1, 2)": 0.032101505676006316, "(4, 3, 0, 2, 1)": 0.05560463609768124, "(4, 3, 1, 0, 2)": 0.00933142837702543, "(4, 3, 1, 2, 0)": 0.022359487173606342, "(4, 3, 2, 0, 1)": 0.028707877354869384, "(4, 3, 2, 1, 0)": 0.021777868480536748}