{"(0, 1, 2, 3, 4)": 0.17126666666666668, "(0, 1, 2, 4, 3)": 0.17793333333333336, "(0, 1, 3, 2, 4)": 0.17086666666666664, "(0, 1, 3, 4, 2)": 0.15946666666666667, "(0, 1, 4, 2, 3)": 0.17846666666666666, "(0, 1, 4, 3, 2)": 0.15866666666666665, "(0, 2, 1, 3, 4)": 0.16943333333333332, "(0, 2, 1, 4, 3)": 0.17876666666666666, "(0, 2, 3, 1, 4)": 0.16956666666666667, "(0, 2, 3, 4, 1)": 0.15156666666666666, "(0, 2, 4, 1, 3)": 0.17816666666666667, "(0, 2, 4, 3, 1)": 0.15, "(0, 3, 1, 2, 4)": 0.17043333333333333, "(0, 3, 1, 4, 2)": 0.1608, "(0, 3, 2, 1, 4)": 0.1716333333333333, "(0, 3, 2, 4, 1)": 0.1527666666666667, "(0, 3, 4, 1, 2)": 0.15833333333333333, "(0, 3, 4, 2, 1)": 0.1518, "(0, 4, 1, 2, 3)": 0.17856666666666665, "(0, 4, 1, 3, 2)": 0.1593, "(0, 4, 2, 1, 3)": 0.1774, "(0, 4, 2, 3, 1)": 0.15066666666666667, "(0, 4, 3, 1, 2)": 0.15853333333333333, "(0, 4, 3, 2, 1)": 0.1499, "(1, 0, 2, 3, 4)": 0.17073333333333332, "(1, 0, 2, 4, 3)": 0.17383333333333337, "(1, 0, 3, 2, 4)": 0.17106666666666667, "(1, 0, 3, 4, 2)": 0.1597333333333333, "(1, 0, 4, 2, 3)": 0.1779666666666667, "(1, 0, 4, 3, 2)": 0.1587, "(1, 2, 0, 3, 4)": 0.16953333333333334, "(1, 2, 0, 4, 3)": 0.1773, "(1, 2, 3, 0, 4)": 0.16903333333333334, "(1, 2, 3, 4, 0)": 0.17503333333333335, "(1, 2, 4, 0, 3)": 0.17703333333333335, "(1, 2, 4, 3, 0)": 0.17376666666666665, "(1, 3, 0, 2, 4)": 0.16906666666666667, "(1, 3, 0, 4, 2)": 0.15866666666666668, "(1, 3, 2, 0, 4)": 0.17073333333333332, "(1, 3, 2, 4, 0)": 0.17523333333333335, "(1, 3, 4, 0, 2)": 0.15713333333333335, "(1, 3, 4, 2, 0)": 0.17566666666666664, "(1, 4, 0, 2, 3)": 0.1767, "(1, 4, 0, 3, 2)": 0.1586, "(1, 4, 2, 0, 3)": 0.17683333333333331, "(1, 4, 2, 3, 0)": 0.17473333333333332, "(1, 4, 3, 0, 2)": 0.15783333333333333, "(1, 4, 3, 2, 0)": 0.1762, "(2, 0, 1, 3, 4)": 0.17046666666666666, "(2, 0, 1, 4, 3)": 0.17759999999999998, "(2, 0, 3, 1, 4)": 0.16886666666666664, "(2, 0, 3, 4, 1)": 0.15059999999999998, "(2, 0, 4, 1, 3)": 0.1756333333333333, "(2, 0, 4, 3, 1)": 0.14973333333333336, "(2, 1, 0, 3, 4)": 0.16933333333333334, "(2, 1, 0, 4, 3)": 0.17463333333333333, "(2, 1, 3, 0, 4)": 0.16993333333333335, "(2, 1, 3, 4, 0)": 0.17446666666666666, "(2, 1, 4, 0, 3)": 0.17706666666666668, "(2, 1, 4, 3, 0)": 0.17393333333333336, "(2, 3, 0, 1, 4)": 0.1696333333333333, "(2, 3, 0, 4, 1)": 0.15083333333333332, "(2, 3, 1, 0, 4)": 0.1683, "(2, 3, 1, 4, 0)": 0.17526666666666668, "(2, 3, 4, 0, 1)": 0.15036666666666668, "(2, 3, 4, 1, 0)": 0.17426666666666665, "(2, 4, 0, 1, 3)": 0.1773, "(2, 4, 0, 3, 1)": 0.15156666666666666, "(2, 4, 1, 0, 3)": 0.17846666666666666, "(2, 4, 1, 3, 0)": 0.17573333333333332, "(2, 4, 3, 0, 1)": 0.15036666666666665, "(2, 4, 3, 1, 0)": 0.17416666666666666, "(3, 0, 1, 2, 4)": 0.17153333333333332, "(3, 0, 1, 4, 2)": 0.15796666666666667, "(3, 0, 2, 1, 4)": 0.17036666666666667, "(3, 0, 2, 4, 1)": 0.14973333333333333, "(3, 0, 4, 1, 2)": 0.15990000000000001, "(3, 0, 4, 2, 1)": 0.15233333333333332, "(3, 1, 0, 2, 4)": 0.1708666666666667, "(3, 1, 0, 4, 2)": 0.16123333333333334, "(3, 1, 2, 0, 4)": 0.16996666666666668, "(3, 1, 2, 4, 0)": 0.1775, "(3, 1, 4, 0, 2)": 0.15853333333333333, "(3, 1, 4, 2, 0)": 0.1765, "(3, 2, 0, 1, 4)": 0.17066666666666666, "(3, 2, 0, 4, 1)": 0.14966666666666667, "(3, 2, 1, 0, 4)": 0.16949999999999998, "(3, 2, 1, 4, 0)": 0.17703333333333335, "(3, 2, 4, 0, 1)": 0.1496666666666667, "(3, 2, 4, 1, 0)": 0.17623333333333333, "(3, 4, 0, 1, 2)": 0.15839999999999999, "(3, 4, 0, 2, 1)": 0.15153333333333333, "(3, 4, 1, 0, 2)": 0.15873333333333337, "(3, 4, 1, 2, 0)": 0.17843333333333336, "(3, 4, 2, 0, 1)": 0.1509, "(3, 4, 2, 1, 0)": 0.17450000000000002, "(4, 0, 1, 2, 3)": 0.17836666666666667, "(4, 0, 1, 3, 2)": 0.15733333333333333, "(4, 0, 2, 1, 3)": 0.17886666666666665, "(4, 0, 2, 3, 1)": 0.15103333333333335, "(4, 0, 3, 1, 2)": 0.15863333333333332, "(4, 0, 3, 2, 1)": 0.15143333333333334, "(4, 1, 0, 2, 3)": 0.17703333333333335, "(4, 1, 0, 3, 2)": 0.15856666666666666, "(4, 1, 2, 0, 3)": 0.17803333333333335, "(4, 1, 2, 3, 0)": 0.17626666666666665, "(4, 1, 3, 0, 2)": 0.15810000000000002, "(4, 1, 3, 2, 0)": 0.17546666666666666, "(4, 2, 0, 1, 3)": 0.17666666666666667, "(4, 2, 0, 3, 1)": 0.14673333333333333, "(4, 2, 1, 0, 3)": 0.1781, "(4, 2, 1, 3, 0)": 0.17663333333333334, "(4, 2, 3, 0, 1)": 0.15166666666666664, "(4, 2, 3, 1, 0)": 0.17826666666666666, "(4, 3, 0, 1, 2)": 0.15910000000000002, "(4, 3, 0, 2, 1)": 0.15016666666666667, "(4, 3, 1, 0, 2)": 0.1588, "(4, 3, 1, 2, 0)": 0.17453333333333335, "(4, 3, 2, 0, 1)": 0.1509, "(4, 3, 2, 1, 0)": 0.17636666666666667}