{"(0, 1, 2, 3, 4)": 0.2992, "(0, 1, 2, 4, 3)": 0.31703333333333333, "(0, 1, 3, 2, 4)": 0.3108666666666666, "(0, 1, 3, 4, 2)": 0.31629999999999997, "(0, 1, 4, 2, 3)": 0.3193, "(0, 1, 4, 3, 2)": 0.3167666666666667, "(0, 2, 1, 3, 4)": 0.2805666666666667, "(0, 2, 1, 4, 3)": 0.28426666666666667, "(0, 2, 3, 1, 4)": 0.30256666666666665, "(0, 2, 3, 4, 1)": 0.2672666666666667, "(0, 2, 4, 1, 3)": 0.2821, "(0, 2, 4, 3, 1)": 0.25830000000000003, "(0, 3, 1, 2, 4)": 0.30846666666666667, "(0, 3, 1, 4, 2)": 0.2937, "(0, 3, 2, 1, 4)": 0.3027, "(0, 3, 2, 4, 1)": 0.2778333333333333, "(0, 3, 4, 1, 2)": 0.2922666666666667, "(0, 3, 4, 2, 1)": 0.2792666666666667, "(0, 4, 1, 2, 3)": 0.30283333333333334, "(0, 4, 1, 3, 2)": 0.3037666666666667, "(0, 4, 2, 1, 3)": 0.31303333333333333, "(0, 4, 2, 3, 1)": 0.2754666666666667, "(0, 4, 3, 1, 2)": 0.2947666666666666, "(0, 4, 3, 2, 1)": 0.26130000000000003, "(1, 0, 2, 3, 4)": 0.30363333333333337, "(1, 0, 2, 4, 3)": 0.3243666666666667, "(1, 0, 3, 2, 4)": 0.3168666666666667, "(1, 0, 3, 4, 2)": 0.32966666666666666, "(1, 0, 4, 2, 3)": 0.3532666666666667, "(1, 0, 4, 3, 2)": 0.31583333333333335, "(1, 2, 0, 3, 4)": 0.29309999999999997, "(1, 2, 0, 4, 3)": 0.3158, "(1, 2, 3, 0, 4)": 0.3233, "(1, 2, 3, 4, 0)": 0.33213333333333334, "(1, 2, 4, 0, 3)": 0.3234666666666666, "(1, 2, 4, 3, 0)": 0.3436666666666666, "(1, 3, 0, 2, 4)": 0.3127, "(1, 3, 0, 4, 2)": 0.3271, "(1, 3, 2, 0, 4)": 0.30816666666666664, "(1, 3, 2, 4, 0)": 0.3307333333333334, "(1, 3, 4, 0, 2)": 0.33803333333333335, "(1, 3, 4, 2, 0)": 0.34023333333333333, "(1, 4, 0, 2, 3)": 0.31, "(1, 4, 0, 3, 2)": 0.3211333333333333, "(1, 4, 2, 0, 3)": 0.29460000000000003, "(1, 4, 2, 3, 0)": 0.3184, "(1, 4, 3, 0, 2)": 0.31316666666666665, "(1, 4, 3, 2, 0)": 0.3121, "(2, 0, 1, 3, 4)": 0.2972333333333333, "(2, 0, 1, 4, 3)": 0.2937, "(2, 0, 3, 1, 4)": 0.2996666666666667, "(2, 0, 3, 4, 1)": 0.2682333333333333, "(2, 0, 4, 1, 3)": 0.2985333333333334, "(2, 0, 4, 3, 1)": 0.28496666666666665, "(2, 1, 0, 3, 4)": 0.29833333333333334, "(2, 1, 0, 4, 3)": 0.31533333333333335, "(2, 1, 3, 0, 4)": 0.3237, "(2, 1, 3, 4, 0)": 0.2990333333333333, "(2, 1, 4, 0, 3)": 0.30136666666666667, "(2, 1, 4, 3, 0)": 0.31656666666666666, "(2, 3, 0, 1, 4)": 0.3126, "(2, 3, 0, 4, 1)": 0.26503333333333334, "(2, 3, 1, 0, 4)": 0.2992333333333333, "(2, 3, 1, 4, 0)": 0.31043333333333334, "(2, 3, 4, 0, 1)": 0.29153333333333337, "(2, 3, 4, 1, 0)": 0.31983333333333336, "(2, 4, 0, 1, 3)": 0.33136666666666664, "(2, 4, 0, 3, 1)": 0.29583333333333334, "(2, 4, 1, 0, 3)": 0.3055333333333333, "(2, 4, 1, 3, 0)": 0.304, "(2, 4, 3, 0, 1)": 0.2881666666666667, "(2, 4, 3, 1, 0)": 0.3091, "(3, 0, 1, 2, 4)": 0.31116666666666665, "(3, 0, 1, 4, 2)": 0.3114666666666667, "(3, 0, 2, 1, 4)": 0.3103333333333333, "(3, 0, 2, 4, 1)": 0.29133333333333333, "(3, 0, 4, 1, 2)": 0.2967666666666667, "(3, 0, 4, 2, 1)": 0.3128666666666667, "(3, 1, 0, 2, 4)": 0.30333333333333334, "(3, 1, 0, 4, 2)": 0.3295333333333333, "(3, 1, 2, 0, 4)": 0.30346666666666666, "(3, 1, 2, 4, 0)": 0.32326666666666665, "(3, 1, 4, 0, 2)": 0.3137666666666667, "(3, 1, 4, 2, 0)": 0.3428333333333333, "(3, 2, 0, 1, 4)": 0.28846666666666665, "(3, 2, 0, 4, 1)": 0.28026666666666666, "(3, 2, 1, 0, 4)": 0.3216333333333333, "(3, 2, 1, 4, 0)": 0.34590000000000004, "(3, 2, 4, 0, 1)": 0.3011333333333333, "(3, 2, 4, 1, 0)": 0.3302666666666667, "(3, 4, 0, 1, 2)": 0.32360000000000005, "(3, 4, 0, 2, 1)": 0.30306666666666665, "(3, 4, 1, 0, 2)": 0.33853333333333335, "(3, 4, 1, 2, 0)": 0.34493333333333337, "(3, 4, 2, 0, 1)": 0.3011, "(3, 4, 2, 1, 0)": 0.3023, "(4, 0, 1, 2, 3)": 0.31470000000000004, "(4, 0, 1, 3, 2)": 0.3132333333333333, "(4, 0, 2, 1, 3)": 0.3187333333333333, "(4, 0, 2, 3, 1)": 0.27963333333333334, "(4, 0, 3, 1, 2)": 0.332, "(4, 0, 3, 2, 1)": 0.2766, "(4, 1, 0, 2, 3)": 0.3245, "(4, 1, 0, 3, 2)": 0.3171, "(4, 1, 2, 0, 3)": 0.31839999999999996, "(4, 1, 2, 3, 0)": 0.3134666666666666, "(4, 1, 3, 0, 2)": 0.3125, "(4, 1, 3, 2, 0)": 0.33403333333333335, "(4, 2, 0, 1, 3)": 0.3036333333333333, "(4, 2, 0, 3, 1)": 0.2919333333333333, "(4, 2, 1, 0, 3)": 0.31980000000000003, "(4, 2, 1, 3, 0)": 0.31903333333333334, "(4, 2, 3, 0, 1)": 0.2938, "(4, 2, 3, 1, 0)": 0.317, "(4, 3, 0, 1, 2)": 0.32353333333333334, "(4, 3, 0, 2, 1)": 0.3059, "(4, 3, 1, 0, 2)": 0.3291, "(4, 3, 1, 2, 0)": 0.3401, "(4, 3, 2, 0, 1)": 0.2789, "(4, 3, 2, 1, 0)": 0.3171333333333333}