{"(0, 1, 2, 3, 4)": 0.06773333333333333, "(0, 1, 2, 4, 3)": 0.07213333333333333, "(0, 1, 3, 2, 4)": 0.06746666666666667, "(0, 1, 3, 4, 2)": 0.02626666666666667, "(0, 1, 4, 2, 3)": 0.0736, "(0, 1, 4, 3, 2)": 0.026400000000000003, "(0, 2, 1, 3, 4)": 0.06680000000000001, "(0, 2, 1, 4, 3)": 0.06973333333333333, "(0, 2, 3, 1, 4)": 0.06626666666666665, "(0, 2, 3, 4, 1)": 0.15213333333333334, "(0, 2, 4, 1, 3)": 0.06799999999999999, "(0, 2, 4, 3, 1)": 0.1576, "(0, 3, 1, 2, 4)": 0.05906666666666666, "(0, 3, 1, 4, 2)": 0.0228, "(0, 3, 2, 1, 4)": 0.06746666666666666, "(0, 3, 2, 4, 1)": 0.15613333333333335, "(0, 3, 4, 1, 2)": 0.02426666666666667, "(0, 3, 4, 2, 1)": 0.15306666666666666, "(0, 4, 1, 2, 3)": 0.06893333333333335, "(0, 4, 1, 3, 2)": 0.023333333333333334, "(0, 4, 2, 1, 3)": 0.07546666666666667, "(0, 4, 2, 3, 1)": 0.1544, "(0, 4, 3, 1, 2)": 0.02386666666666667, "(0, 4, 3, 2, 1)": 0.154, "(1, 0, 2, 3, 4)": 0.07293333333333334, "(1, 0, 2, 4, 3)": 0.07213333333333333, "(1, 0, 3, 2, 4)": 0.06866666666666667, "(1, 0, 3, 4, 2)": 0.03106666666666667, "(1, 0, 4, 2, 3)": 0.07466666666666667, "(1, 0, 4, 3, 2)": 0.0268, "(1, 2, 0, 3, 4)": 0.07146666666666666, "(1, 2, 0, 4, 3)": 0.07426666666666666, "(1, 2, 3, 0, 4)": 0.0688, "(1, 2, 3, 4, 0)": 0.18626666666666666, "(1, 2, 4, 0, 3)": 0.0736, "(1, 2, 4, 3, 0)": 0.18466666666666667, "(1, 3, 0, 2, 4)": 0.06933333333333334, "(1, 3, 0, 4, 2)": 0.024933333333333335, "(1, 3, 2, 0, 4)": 0.0676, "(1, 3, 2, 4, 0)": 0.18639999999999998, "(1, 3, 4, 0, 2)": 0.023066666666666666, "(1, 3, 4, 2, 0)": 0.1869333333333333, "(1, 4, 0, 2, 3)": 0.0692, "(1, 4, 0, 3, 2)": 0.029066666666666668, "(1, 4, 2, 0, 3)": 0.07373333333333333, "(1, 4, 2, 3, 0)": 0.1848, "(1, 4, 3, 0, 2)": 0.02613333333333333, "(1, 4, 3, 2, 0)": 0.18466666666666667, "(2, 0, 1, 3, 4)": 0.06653333333333333, "(2, 0, 1, 4, 3)": 0.07333333333333333, "(2, 0, 3, 1, 4)": 0.06413333333333333, "(2, 0, 3, 4, 1)": 0.1552, "(2, 0, 4, 1, 3)": 0.0696, "(2, 0, 4, 3, 1)": 0.15546666666666667, "(2, 1, 0, 3, 4)": 0.0692, "(2, 1, 0, 4, 3)": 0.07213333333333333, "(2, 1, 3, 0, 4)": 0.06333333333333334, "(2, 1, 3, 4, 0)": 0.18466666666666665, "(2, 1, 4, 0, 3)": 0.0696, "(2, 1, 4, 3, 0)": 0.18600000000000003, "(2, 3, 0, 1, 4)": 0.06346666666666667, "(2, 3, 0, 4, 1)": 0.1572, "(2, 3, 1, 0, 4)": 0.06546666666666667, "(2, 3, 1, 4, 0)": 0.18573333333333333, "(2, 3, 4, 0, 1)": 0.1536, "(2, 3, 4, 1, 0)": 0.18600000000000003, "(2, 4, 0, 1, 3)": 0.06760000000000001, "(2, 4, 0, 3, 1)": 0.15493333333333334, "(2, 4, 1, 0, 3)": 0.06999999999999999, "(2, 4, 1, 3, 0)": 0.1848, "(2, 4, 3, 0, 1)": 0.156, "(2, 4, 3, 1, 0)": 0.18546666666666667, "(3, 0, 1, 2, 4)": 0.06746666666666666, "(3, 0, 1, 4, 2)": 0.0224, "(3, 0, 2, 1, 4)": 0.06386666666666667, "(3, 0, 2, 4, 1)": 0.15506666666666669, "(3, 0, 4, 1, 2)": 0.02186666666666667, "(3, 0, 4, 2, 1)": 0.1564, "(3, 1, 0, 2, 4)": 0.06533333333333334, "(3, 1, 0, 4, 2)": 0.021733333333333337, "(3, 1, 2, 0, 4)": 0.0644, "(3, 1, 2, 4, 0)": 0.18159999999999998, "(3, 1, 4, 0, 2)": 0.028800000000000003, "(3, 1, 4, 2, 0)": 0.1849333333333333, "(3, 2, 0, 1, 4)": 0.05906666666666666, "(3, 2, 0, 4, 1)": 0.15253333333333333, "(3, 2, 1, 0, 4)": 0.06626666666666665, "(3, 2, 1, 4, 0)": 0.1837333333333333, "(3, 2, 4, 0, 1)": 0.1532, "(3, 2, 4, 1, 0)": 0.18600000000000003, "(3, 4, 0, 1, 2)": 0.021333333333333333, "(3, 4, 0, 2, 1)": 0.15506666666666666, "(3, 4, 1, 0, 2)": 0.024533333333333334, "(3, 4, 1, 2, 0)": 0.18466666666666667, "(3, 4, 2, 0, 1)": 0.15213333333333334, "(3, 4, 2, 1, 0)": 0.1856, "(4, 0, 1, 2, 3)": 0.07213333333333333, "(4, 0, 1, 3, 2)": 0.0236, "(4, 0, 2, 1, 3)": 0.06826666666666666, "(4, 0, 2, 3, 1)": 0.15626666666666666, "(4, 0, 3, 1, 2)": 0.021333333333333333, "(4, 0, 3, 2, 1)": 0.1512, "(4, 1, 0, 2, 3)": 0.07266666666666667, "(4, 1, 0, 3, 2)": 0.025066666666666668, "(4, 1, 2, 0, 3)": 0.0712, "(4, 1, 2, 3, 0)": 0.18506666666666668, "(4, 1, 3, 0, 2)": 0.023333333333333334, "(4, 1, 3, 2, 0)": 0.18626666666666666, "(4, 2, 0, 1, 3)": 0.06973333333333333, "(4, 2, 0, 3, 1)": 0.1556, "(4, 2, 1, 0, 3)": 0.07093333333333333, "(4, 2, 1, 3, 0)": 0.18359999999999999, "(4, 2, 3, 0, 1)": 0.154, "(4, 2, 3, 1, 0)": 0.18333333333333335, "(4, 3, 0, 1, 2)": 0.030133333333333335, "(4, 3, 0, 2, 1)": 0.152, "(4, 3, 1, 0, 2)": 0.024666666666666667, "(4, 3, 1, 2, 0)": 0.18506666666666668, "(4, 3, 2, 0, 1)": 0.15413333333333332, "(4, 3, 2, 1, 0)": 0.18653333333333333}