{"(0, 1, 2, 3, 4)": 0.17033333333333334, "(0, 1, 2, 4, 3)": 0.17436666666666664, "(0, 1, 3, 2, 4)": 0.16783333333333336, "(0, 1, 3, 4, 2)": 0.1571, "(0, 1, 4, 2, 3)": 0.17646666666666666, "(0, 1, 4, 3, 2)": 0.15739999999999998, "(0, 2, 1, 3, 4)": 0.16993333333333335, "(0, 2, 1, 4, 3)": 0.17390000000000003, "(0, 2, 3, 1, 4)": 0.1686, "(0, 2, 3, 4, 1)": 0.1499, "(0, 2, 4, 1, 3)": 0.1774, "(0, 2, 4, 3, 1)": 0.14916666666666667, "(0, 3, 1, 2, 4)": 0.17003333333333334, "(0, 3, 1, 4, 2)": 0.15746666666666667, "(0, 3, 2, 1, 4)": 0.1703, "(0, 3, 2, 4, 1)": 0.1486666666666667, "(0, 3, 4, 1, 2)": 0.15833333333333333, "(0, 3, 4, 2, 1)": 0.1492666666666667, "(0, 4, 1, 2, 3)": 0.17713333333333334, "(0, 4, 1, 3, 2)": 0.15786666666666668, "(0, 4, 2, 1, 3)": 0.17423333333333335, "(0, 4, 2, 3, 1)": 0.14936666666666668, "(0, 4, 3, 1, 2)": 0.1582, "(0, 4, 3, 2, 1)": 0.14686666666666667, "(1, 0, 2, 3, 4)": 0.16756666666666664, "(1, 0, 2, 4, 3)": 0.17733333333333334, "(1, 0, 3, 2, 4)": 0.16796666666666668, "(1, 0, 3, 4, 2)": 0.15893333333333334, "(1, 0, 4, 2, 3)": 0.17793333333333336, "(1, 0, 4, 3, 2)": 0.16026666666666664, "(1, 2, 0, 3, 4)": 0.1691, "(1, 2, 0, 4, 3)": 0.17900000000000002, "(1, 2, 3, 0, 4)": 0.17056666666666667, "(1, 2, 3, 4, 0)": 0.17500000000000002, "(1, 2, 4, 0, 3)": 0.17773333333333333, "(1, 2, 4, 3, 0)": 0.17373333333333332, "(1, 3, 0, 2, 4)": 0.16836666666666666, "(1, 3, 0, 4, 2)": 0.15836666666666666, "(1, 3, 2, 0, 4)": 0.17036666666666667, "(1, 3, 2, 4, 0)": 0.1745, "(1, 3, 4, 0, 2)": 0.15896666666666667, "(1, 3, 4, 2, 0)": 0.17296666666666663, "(1, 4, 0, 2, 3)": 0.1758666666666667, "(1, 4, 0, 3, 2)": 0.15833333333333333, "(1, 4, 2, 0, 3)": 0.17696666666666663, "(1, 4, 2, 3, 0)": 0.1749666666666667, "(1, 4, 3, 0, 2)": 0.15656666666666666, "(1, 4, 3, 2, 0)": 0.17523333333333335, "(2, 0, 1, 3, 4)": 0.17090000000000002, "(2, 0, 1, 4, 3)": 0.17793333333333336, "(2, 0, 3, 1, 4)": 0.1693, "(2, 0, 3, 4, 1)": 0.151, "(2, 0, 4, 1, 3)": 0.17733333333333334, "(2, 0, 4, 3, 1)": 0.14996666666666666, "(2, 1, 0, 3, 4)": 0.16766666666666666, "(2, 1, 0, 4, 3)": 0.1770333333333333, "(2, 1, 3, 0, 4)": 0.16916666666666666, "(2, 1, 3, 4, 0)": 0.17346666666666666, "(2, 1, 4, 0, 3)": 0.1767, "(2, 1, 4, 3, 0)": 0.17559999999999998, "(2, 3, 0, 1, 4)": 0.17029999999999998, "(2, 3, 0, 4, 1)": 0.15073333333333333, "(2, 3, 1, 0, 4)": 0.1698666666666667, "(2, 3, 1, 4, 0)": 0.17733333333333334, "(2, 3, 4, 0, 1)": 0.14986666666666668, "(2, 3, 4, 1, 0)": 0.17323333333333335, "(2, 4, 0, 1, 3)": 0.17663333333333334, "(2, 4, 0, 3, 1)": 0.1495, "(2, 4, 1, 0, 3)": 0.17726666666666666, "(2, 4, 1, 3, 0)": 0.17369999999999997, "(2, 4, 3, 0, 1)": 0.15103333333333332, "(2, 4, 3, 1, 0)": 0.17423333333333332, "(3, 0, 1, 2, 4)": 0.17013333333333333, "(3, 0, 1, 4, 2)": 0.15906666666666666, "(3, 0, 2, 1, 4)": 0.17053333333333334, "(3, 0, 2, 4, 1)": 0.1493, "(3, 0, 4, 1, 2)": 0.1562, "(3, 0, 4, 2, 1)": 0.14893333333333333, "(3, 1, 0, 2, 4)": 0.16876666666666665, "(3, 1, 0, 4, 2)": 0.15746666666666667, "(3, 1, 2, 0, 4)": 0.1704, "(3, 1, 2, 4, 0)": 0.17533333333333334, "(3, 1, 4, 0, 2)": 0.1574, "(3, 1, 4, 2, 0)": 0.1744, "(3, 2, 0, 1, 4)": 0.1705, "(3, 2, 0, 4, 1)": 0.15026666666666666, "(3, 2, 1, 0, 4)": 0.16843333333333335, "(3, 2, 1, 4, 0)": 0.17596666666666663, "(3, 2, 4, 0, 1)": 0.14870000000000003, "(3, 2, 4, 1, 0)": 0.17579999999999998, "(3, 4, 0, 1, 2)": 0.15956666666666666, "(3, 4, 0, 2, 1)": 0.15080000000000002, "(3, 4, 1, 0, 2)": 0.15666666666666668, "(3, 4, 1, 2, 0)": 0.17500000000000002, "(3, 4, 2, 0, 1)": 0.15, "(3, 4, 2, 1, 0)": 0.17353333333333332, "(4, 0, 1, 2, 3)": 0.17579999999999998, "(4, 0, 1, 3, 2)": 0.15536666666666665, "(4, 0, 2, 1, 3)": 0.17743333333333333, "(4, 0, 2, 3, 1)": 0.15123333333333333, "(4, 0, 3, 1, 2)": 0.15783333333333335, "(4, 0, 3, 2, 1)": 0.1492, "(4, 1, 0, 2, 3)": 0.17453333333333335, "(4, 1, 0, 3, 2)": 0.15853333333333333, "(4, 1, 2, 0, 3)": 0.1758666666666667, "(4, 1, 2, 3, 0)": 0.17576666666666665, "(4, 1, 3, 0, 2)": 0.15976666666666664, "(4, 1, 3, 2, 0)": 0.17576666666666665, "(4, 2, 0, 1, 3)": 0.1748666666666667, "(4, 2, 0, 3, 1)": 0.14726666666666666, "(4, 2, 1, 0, 3)": 0.17603333333333335, "(4, 2, 1, 3, 0)": 0.17403333333333335, "(4, 2, 3, 0, 1)": 0.1499, "(4, 2, 3, 1, 0)": 0.17443333333333333, "(4, 3, 0, 1, 2)": 0.15856666666666666, "(4, 3, 0, 2, 1)": 0.14966666666666667, "(4, 3, 1, 0, 2)": 0.15746666666666667, "(4, 3, 1, 2, 0)": 0.1737, "(4, 3, 2, 0, 1)": 0.1502, "(4, 3, 2, 1, 0)": 0.17573333333333332}