{"(0, 1, 2, 3, 4)": 0.004614289399969086, "(0, 1, 2, 4, 3)": 0.0144864639884579, "(0, 1, 3, 2, 4)": 0.007488185138380757, "(0, 1, 3, 4, 2)": 0.0008498365855987909, "(0, 1, 4, 2, 3)": 0.006911142372205087, "(0, 1, 4, 3, 2)": 0.003185797475602529, "(0, 2, 1, 3, 4)": 0.004456191074100033, "(0, 2, 1, 4, 3)": 0.010628349145354366, "(0, 2, 3, 1, 4)": 0.0063347037990913735, "(0, 2, 3, 4, 1)": 0.0033187179586233245, "(0, 2, 4, 1, 3)": 0.0070225331770111575, "(0, 2, 4, 3, 1)": 0.008404074739209753, "(0, 3, 1, 2, 4)": 0.004659592852981382, "(0, 3, 1, 4, 2)": 0.0024944382578492965, "(0, 3, 2, 1, 4)": 0.006600452425570685, "(0, 3, 2, 4, 1)": 0.006134771117708165, "(0, 3, 4, 1, 2)": 0.006255830613648932, "(0, 3, 4, 2, 1)": 0.005519221462811188, "(0, 4, 1, 2, 3)": 0.00697191787737701, "(0, 4, 1, 3, 2)": 0.009943765495134229, "(0, 4, 2, 1, 3)": 0.0008897565210026361, "(0, 4, 2, 3, 1)": 0.00346460275099791, "(0, 4, 3, 1, 2)": 0.0019904284854160093, "(0, 4, 3, 2, 1)": 0.005868643132975659, "(1, 0, 2, 3, 4)": 0.0002700308624336654, "(1, 0, 2, 4, 3)": 0.002539274830865409, "(1, 0, 3, 2, 4)": 0.018188919856757697, "(1, 0, 3, 4, 2)": 0.001430083525144121, "(1, 0, 4, 2, 3)": 0.0034338996296727677, "(1, 0, 4, 3, 2)": 0.004390251195040617, "(1, 2, 0, 3, 4)": 0.005130586386239592, "(1, 2, 0, 4, 3)": 0.0032183285862212386, "(1, 2, 3, 0, 4)": 0.012731604376511213, "(1, 2, 3, 4, 0)": 0.00745425866349044, "(1, 2, 4, 0, 3)": 0.003717918324367328, "(1, 2, 4, 3, 0)": 0.011499245144307923, "(1, 3, 0, 2, 4)": 0.006842219831474418, "(1, 3, 0, 4, 2)": 0.002664061227190993, "(1, 3, 2, 0, 4)": 0.006848813765901354, "(1, 3, 2, 4, 0)": 0.00268548050738698, "(1, 3, 4, 0, 2)": 0.004225829964502735, "(1, 3, 4, 2, 0)": 0.009814070115004419, "(1, 4, 0, 2, 3)": 0.004136138161242778, "(1, 4, 0, 3, 2)": 0.021712451624714264, "(1, 4, 2, 0, 3)": 0.002038688303787484, "(1, 4, 2, 3, 0)": 0.009260317069205663, "(1, 4, 3, 0, 2)": 0.007190126331759858, "(1, 4, 3, 2, 0)": 0.002857738033247037, "(2, 0, 1, 3, 4)": 0.006442318854436077, "(2, 0, 1, 4, 3)": 0.002980841603753355, "(2, 0, 3, 1, 4)": 0.0026562295750848946, "(2, 0, 3, 4, 1)": 0.00668824632387955, "(2, 0, 4, 1, 3)": 0.0026067487199362043, "(2, 0, 4, 3, 1)": 0.005562460986130258, "(2, 1, 0, 3, 4)": 0.002151388440570942, "(2, 1, 0, 4, 3)": 0.0017047727121232478, "(2, 1, 3, 0, 4)": 0.0036747070933915607, "(2, 1, 3, 4, 0)": 0.006310540124796531, "(2, 1, 4, 0, 3)": 0.008916471960491047, "(2, 1, 4, 3, 0)": 0.015221056321936254, "(2, 3, 0, 1, 4)": 0.0005237418787490589, "(2, 3, 0, 4, 1)": 0.020649942830160285, "(2, 3, 1, 0, 4)": 0.00793922225410022, "(2, 3, 1, 4, 0)": 0.0009807168579950357, "(2, 3, 4, 0, 1)": 0.0018568566629297582, "(2, 3, 4, 1, 0)": 0.006312465621468538, "(2, 4, 0, 1, 3)": 0.0037211855936276814, "(2, 4, 0, 3, 1)": 0.004136138161242778, "(2, 4, 1, 0, 3)": 0.0020446406910641793, "(2, 4, 1, 3, 0)": 0.0037435129075359987, "(2, 4, 3, 0, 1)": 0.029650803343061253, "(2, 4, 3, 1, 0)": 0.006462230007254931, "(3, 0, 1, 2, 4)": 0.010871886527492177, "(3, 0, 1, 4, 2)": 0.005324210948321074, "(3, 0, 2, 1, 4)": 0.0028192049706728226, "(3, 0, 2, 4, 1)": 0.0033561717609336844, "(3, 0, 4, 1, 2)": 0.0040478903970668865, "(3, 0, 4, 2, 1)": 0.006982865935034608, "(3, 1, 0, 2, 4)": 0.007048443484596828, "(3, 1, 0, 4, 2)": 0.0021562248388226376, "(3, 1, 2, 0, 4)": 0.0031836169158155005, "(3, 1, 2, 4, 0)": 0.0038355971576217074, "(3, 1, 4, 0, 2)": 0.0038527587518555704, "(3, 1, 4, 2, 0)": 0.0035682823443345182, "(3, 2, 0, 1, 4)": 0.006015893302097558, "(3, 2, 0, 4, 1)": 0.003280307404294088, "(3, 2, 1, 0, 4)": 0.0081396235921707, "(3, 2, 1, 4, 0)": 0.0059251699459921476, "(3, 2, 4, 0, 1)": 0.005001041558182315, "(3, 2, 4, 1, 0)": 0.007328833846905977, "(3, 4, 0, 1, 2)": 0.00040824829046390873, "(3, 4, 0, 2, 1)": 0.0065319726474218145, "(3, 4, 1, 0, 2)": 0.002435273199367099, "(3, 4, 1, 2, 0)": 0.004741586115308755, "(3, 4, 2, 0, 1)": 0.007669609942276532, "(3, 4, 2, 1, 0)": 0.009422011757345404, "(4, 0, 1, 2, 3)": 0.01219218214904761, "(4, 0, 1, 3, 2)": 0.005059369745553435, "(4, 0, 2, 1, 3)": 0.003611324780003418, "(4, 0, 2, 3, 1)": 0.00503873881927704, "(4, 0, 3, 1, 2)": 0.001826692518065282, "(4, 0, 3, 2, 1)": 0.001276116069259442, "(4, 1, 0, 2, 3)": 0.010705009211683209, "(4, 1, 0, 3, 2)": 0.0042442771927489265, "(4, 1, 2, 0, 3)": 0.002704805394519558, "(4, 1, 2, 3, 0)": 0.0017834112132527169, "(4, 1, 3, 0, 2)": 0.004012134372403579, "(4, 1, 3, 2, 0)": 0.008093850546350976, "(4, 2, 0, 1, 3)": 0.003588175023601864, "(4, 2, 0, 3, 1)": 0.005160278308601391, "(4, 2, 1, 0, 3)": 0.004900396809329729, "(4, 2, 1, 3, 0)": 0.010461735834299527, "(4, 2, 3, 0, 1)": 0.0019400744544704814, "(4, 2, 3, 1, 0)": 0.006532238428662029, "(4, 3, 0, 1, 2)": 0.001530931089239499, "(4, 3, 0, 2, 1)": 0.0024671452238479055, "(4, 3, 1, 0, 2)": 0.00935470024461855, "(4, 3, 1, 2, 0)": 0.008570986265042982, "(4, 3, 2, 0, 1)": 0.004402887310239363, "(4, 3, 2, 1, 0)": 0.004610901936353286}