{"(0, 1, 2, 3, 4)": 0.17623333333333333, "(0, 1, 2, 4, 3)": 0.18426666666666666, "(0, 1, 3, 2, 4)": 0.17679999999999998, "(0, 1, 3, 4, 2)": 0.16923333333333335, "(0, 1, 4, 2, 3)": 0.1832, "(0, 1, 4, 3, 2)": 0.1666, "(0, 2, 1, 3, 4)": 0.17686666666666664, "(0, 2, 1, 4, 3)": 0.1841, "(0, 2, 3, 1, 4)": 0.1774, "(0, 2, 3, 4, 1)": 0.18023333333333333, "(0, 2, 4, 1, 3)": 0.18306666666666668, "(0, 2, 4, 3, 1)": 0.18023333333333333, "(0, 3, 1, 2, 4)": 0.17703333333333335, "(0, 3, 1, 4, 2)": 0.16749999999999998, "(0, 3, 2, 1, 4)": 0.17716666666666667, "(0, 3, 2, 4, 1)": 0.18113333333333334, "(0, 3, 4, 1, 2)": 0.1682, "(0, 3, 4, 2, 1)": 0.18023333333333333, "(0, 4, 1, 2, 3)": 0.1841, "(0, 4, 1, 3, 2)": 0.1675, "(0, 4, 2, 1, 3)": 0.18263333333333334, "(0, 4, 2, 3, 1)": 0.17993333333333336, "(0, 4, 3, 1, 2)": 0.16836666666666666, "(0, 4, 3, 2, 1)": 0.18146666666666667, "(1, 0, 2, 3, 4)": 0.17633333333333334, "(1, 0, 2, 4, 3)": 0.18476666666666666, "(1, 0, 3, 2, 4)": 0.17666666666666667, "(1, 0, 3, 4, 2)": 0.16846666666666668, "(1, 0, 4, 2, 3)": 0.18453333333333333, "(1, 0, 4, 3, 2)": 0.16790000000000002, "(1, 2, 0, 3, 4)": 0.17679999999999998, "(1, 2, 0, 4, 3)": 0.18433333333333332, "(1, 2, 3, 0, 4)": 0.17676666666666666, "(1, 2, 3, 4, 0)": 0.15903333333333333, "(1, 2, 4, 0, 3)": 0.1837, "(1, 2, 4, 3, 0)": 0.15996666666666667, "(1, 3, 0, 2, 4)": 0.17689999999999997, "(1, 3, 0, 4, 2)": 0.1702, "(1, 3, 2, 0, 4)": 0.17643333333333333, "(1, 3, 2, 4, 0)": 0.1577333333333333, "(1, 3, 4, 0, 2)": 0.1674, "(1, 3, 4, 2, 0)": 0.15923333333333334, "(1, 4, 0, 2, 3)": 0.1843, "(1, 4, 0, 3, 2)": 0.16826666666666668, "(1, 4, 2, 0, 3)": 0.18543333333333334, "(1, 4, 2, 3, 0)": 0.16006666666666666, "(1, 4, 3, 0, 2)": 0.1691666666666667, "(1, 4, 3, 2, 0)": 0.15703333333333333, "(2, 0, 1, 3, 4)": 0.1767, "(2, 0, 1, 4, 3)": 0.18266666666666667, "(2, 0, 3, 1, 4)": 0.1776333333333333, "(2, 0, 3, 4, 1)": 0.18023333333333333, "(2, 0, 4, 1, 3)": 0.18486666666666665, "(2, 0, 4, 3, 1)": 0.17863333333333334, "(2, 1, 0, 3, 4)": 0.1781, "(2, 1, 0, 4, 3)": 0.1846, "(2, 1, 3, 0, 4)": 0.17793333333333336, "(2, 1, 3, 4, 0)": 0.15733333333333333, "(2, 1, 4, 0, 3)": 0.18373333333333333, "(2, 1, 4, 3, 0)": 0.15826666666666667, "(2, 3, 0, 1, 4)": 0.17666666666666667, "(2, 3, 0, 4, 1)": 0.18036666666666668, "(2, 3, 1, 0, 4)": 0.1766, "(2, 3, 1, 4, 0)": 0.1588, "(2, 3, 4, 0, 1)": 0.18059999999999998, "(2, 3, 4, 1, 0)": 0.15906666666666666, "(2, 4, 0, 1, 3)": 0.18436666666666668, "(2, 4, 0, 3, 1)": 0.1808, "(2, 4, 1, 0, 3)": 0.18333333333333335, "(2, 4, 1, 3, 0)": 0.15746666666666667, "(2, 4, 3, 0, 1)": 0.17986666666666665, "(2, 4, 3, 1, 0)": 0.15933333333333333, "(3, 0, 1, 2, 4)": 0.17706666666666662, "(3, 0, 1, 4, 2)": 0.16763333333333333, "(3, 0, 2, 1, 4)": 0.17686666666666664, "(3, 0, 2, 4, 1)": 0.18176666666666666, "(3, 0, 4, 1, 2)": 0.16649999999999998, "(3, 0, 4, 2, 1)": 0.1824, "(3, 1, 0, 2, 4)": 0.17800000000000002, "(3, 1, 0, 4, 2)": 0.1685, "(3, 1, 2, 0, 4)": 0.17700000000000002, "(3, 1, 2, 4, 0)": 0.16013333333333332, "(3, 1, 4, 0, 2)": 0.1693, "(3, 1, 4, 2, 0)": 0.15880000000000002, "(3, 2, 0, 1, 4)": 0.1773, "(3, 2, 0, 4, 1)": 0.18006666666666668, "(3, 2, 1, 0, 4)": 0.17606666666666668, "(3, 2, 1, 4, 0)": 0.16046666666666667, "(3, 2, 4, 0, 1)": 0.18153333333333332, "(3, 2, 4, 1, 0)": 0.15996666666666667, "(3, 4, 0, 1, 2)": 0.1668333333333333, "(3, 4, 0, 2, 1)": 0.1807, "(3, 4, 1, 0, 2)": 0.16856666666666667, "(3, 4, 1, 2, 0)": 0.15976666666666667, "(3, 4, 2, 0, 1)": 0.18230000000000002, "(3, 4, 2, 1, 0)": 0.15863333333333332, "(4, 0, 1, 2, 3)": 0.18523333333333333, "(4, 0, 1, 3, 2)": 0.16726666666666667, "(4, 0, 2, 1, 3)": 0.18496666666666664, "(4, 0, 2, 3, 1)": 0.18156666666666665, "(4, 0, 3, 1, 2)": 0.1689333333333333, "(4, 0, 3, 2, 1)": 0.1811, "(4, 1, 0, 2, 3)": 0.18486666666666665, "(4, 1, 0, 3, 2)": 0.1686, "(4, 1, 2, 0, 3)": 0.18376666666666666, "(4, 1, 2, 3, 0)": 0.15883333333333335, "(4, 1, 3, 0, 2)": 0.1686, "(4, 1, 3, 2, 0)": 0.15983333333333333, "(4, 2, 0, 1, 3)": 0.18416666666666667, "(4, 2, 0, 3, 1)": 0.18126666666666666, "(4, 2, 1, 0, 3)": 0.18600000000000003, "(4, 2, 1, 3, 0)": 0.15836666666666668, "(4, 2, 3, 0, 1)": 0.1812666666666667, "(4, 2, 3, 1, 0)": 0.1596, "(4, 3, 0, 1, 2)": 0.16790000000000002, "(4, 3, 0, 2, 1)": 0.18223333333333333, "(4, 3, 1, 0, 2)": 0.16933333333333334, "(4, 3, 1, 2, 0)": 0.15926666666666667, "(4, 3, 2, 0, 1)": 0.1815, "(4, 3, 2, 1, 0)": 0.15643333333333334}