{"(0, 1, 2, 3, 4)": 0.8626666666666667, "(0, 1, 2, 4, 3)": 0.8540833333333332, "(0, 1, 3, 2, 4)": 0.8554583333333333, "(0, 1, 3, 4, 2)": 0.8729999999999999, "(0, 1, 4, 2, 3)": 0.8406666666666668, "(0, 1, 4, 3, 2)": 0.8740833333333334, "(0, 2, 1, 3, 4)": 0.8584583333333334, "(0, 2, 1, 4, 3)": 0.8573333333333334, "(0, 2, 3, 1, 4)": 0.8629583333333333, "(0, 2, 3, 4, 1)": 0.8566250000000001, "(0, 2, 4, 1, 3)": 0.8545416666666666, "(0, 2, 4, 3, 1)": 0.85925, "(0, 3, 1, 2, 4)": 0.8564166666666666, "(0, 3, 1, 4, 2)": 0.8685833333333334, "(0, 3, 2, 1, 4)": 0.8567916666666666, "(0, 3, 2, 4, 1)": 0.8577916666666666, "(0, 3, 4, 1, 2)": 0.8793333333333333, "(0, 3, 4, 2, 1)": 0.8484166666666666, "(0, 4, 1, 2, 3)": 0.861625, "(0, 4, 1, 3, 2)": 0.8696666666666667, "(0, 4, 2, 1, 3)": 0.8415, "(0, 4, 2, 3, 1)": 0.8578749999999999, "(0, 4, 3, 1, 2)": 0.8745833333333333, "(0, 4, 3, 2, 1)": 0.860125, "(1, 0, 2, 3, 4)": 0.8670833333333333, "(1, 0, 2, 4, 3)": 0.8547083333333334, "(1, 0, 3, 2, 4)": 0.8598333333333334, "(1, 0, 3, 4, 2)": 0.873875, "(1, 0, 4, 2, 3)": 0.8527083333333333, "(1, 0, 4, 3, 2)": 0.8752916666666666, "(1, 2, 0, 3, 4)": 0.8685416666666667, "(1, 2, 0, 4, 3)": 0.8595833333333335, "(1, 2, 3, 0, 4)": 0.8553333333333333, "(1, 2, 3, 4, 0)": 0.8914166666666667, "(1, 2, 4, 0, 3)": 0.8583333333333333, "(1, 2, 4, 3, 0)": 0.8880416666666667, "(1, 3, 0, 2, 4)": 0.8663333333333334, "(1, 3, 0, 4, 2)": 0.8778333333333332, "(1, 3, 2, 0, 4)": 0.8647083333333333, "(1, 3, 2, 4, 0)": 0.8921666666666667, "(1, 3, 4, 0, 2)": 0.8761666666666666, "(1, 3, 4, 2, 0)": 0.8814166666666668, "(1, 4, 0, 2, 3)": 0.8534166666666666, "(1, 4, 0, 3, 2)": 0.8755416666666666, "(1, 4, 2, 0, 3)": 0.86325, "(1, 4, 2, 3, 0)": 0.8799166666666668, "(1, 4, 3, 0, 2)": 0.8753333333333333, "(1, 4, 3, 2, 0)": 0.8873333333333333, "(2, 0, 1, 3, 4)": 0.85875, "(2, 0, 1, 4, 3)": 0.861875, "(2, 0, 3, 1, 4)": 0.8609166666666667, "(2, 0, 3, 4, 1)": 0.8592916666666667, "(2, 0, 4, 1, 3)": 0.8609166666666668, "(2, 0, 4, 3, 1)": 0.8548750000000002, "(2, 1, 0, 3, 4)": 0.8664999999999999, "(2, 1, 0, 4, 3)": 0.863625, "(2, 1, 3, 0, 4)": 0.8520416666666666, "(2, 1, 3, 4, 0)": 0.8883333333333333, "(2, 1, 4, 0, 3)": 0.8559166666666665, "(2, 1, 4, 3, 0)": 0.8890000000000001, "(2, 3, 0, 1, 4)": 0.8646666666666668, "(2, 3, 0, 4, 1)": 0.8639583333333333, "(2, 3, 1, 0, 4)": 0.8636249999999999, "(2, 3, 1, 4, 0)": 0.8835000000000001, "(2, 3, 4, 0, 1)": 0.8595416666666668, "(2, 3, 4, 1, 0)": 0.88525, "(2, 4, 0, 1, 3)": 0.8467083333333333, "(2, 4, 0, 3, 1)": 0.8630416666666667, "(2, 4, 1, 0, 3)": 0.8498749999999999, "(2, 4, 1, 3, 0)": 0.8865833333333333, "(2, 4, 3, 0, 1)": 0.8472500000000002, "(2, 4, 3, 1, 0)": 0.8724999999999999, "(3, 0, 1, 2, 4)": 0.8664583333333334, "(3, 0, 1, 4, 2)": 0.8820416666666667, "(3, 0, 2, 1, 4)": 0.8668333333333335, "(3, 0, 2, 4, 1)": 0.8614166666666666, "(3, 0, 4, 1, 2)": 0.8714583333333333, "(3, 0, 4, 2, 1)": 0.8622500000000001, "(3, 1, 0, 2, 4)": 0.8602500000000001, "(3, 1, 0, 4, 2)": 0.8765416666666667, "(3, 1, 2, 0, 4)": 0.8645833333333334, "(3, 1, 2, 4, 0)": 0.8935416666666667, "(3, 1, 4, 0, 2)": 0.8736666666666667, "(3, 1, 4, 2, 0)": 0.8865833333333333, "(3, 2, 0, 1, 4)": 0.8689166666666667, "(3, 2, 0, 4, 1)": 0.8568749999999999, "(3, 2, 1, 0, 4)": 0.868, "(3, 2, 1, 4, 0)": 0.8932083333333334, "(3, 2, 4, 0, 1)": 0.8620416666666667, "(3, 2, 4, 1, 0)": 0.8855, "(3, 4, 0, 1, 2)": 0.8755000000000001, "(3, 4, 0, 2, 1)": 0.8644166666666666, "(3, 4, 1, 0, 2)": 0.8758333333333335, "(3, 4, 1, 2, 0)": 0.8884583333333333, "(3, 4, 2, 0, 1)": 0.8642500000000001, "(3, 4, 2, 1, 0)": 0.88875, "(4, 0, 1, 2, 3)": 0.8595416666666668, "(4, 0, 1, 3, 2)": 0.8751666666666668, "(4, 0, 2, 1, 3)": 0.85725, "(4, 0, 2, 3, 1)": 0.8613333333333334, "(4, 0, 3, 1, 2)": 0.8795000000000001, "(4, 0, 3, 2, 1)": 0.8644999999999999, "(4, 1, 0, 2, 3)": 0.8569999999999999, "(4, 1, 0, 3, 2)": 0.8734583333333333, "(4, 1, 2, 0, 3)": 0.85325, "(4, 1, 2, 3, 0)": 0.8911666666666666, "(4, 1, 3, 0, 2)": 0.8763333333333333, "(4, 1, 3, 2, 0)": 0.8857500000000001, "(4, 2, 0, 1, 3)": 0.852875, "(4, 2, 0, 3, 1)": 0.8633333333333333, "(4, 2, 1, 0, 3)": 0.8527916666666666, "(4, 2, 1, 3, 0)": 0.883625, "(4, 2, 3, 0, 1)": 0.8652916666666667, "(4, 2, 3, 1, 0)": 0.8926666666666666, "(4, 3, 0, 1, 2)": 0.8820833333333334, "(4, 3, 0, 2, 1)": 0.85875, "(4, 3, 1, 0, 2)": 0.8669166666666667, "(4, 3, 1, 2, 0)": 0.8870833333333333, "(4, 3, 2, 0, 1)": 0.8590833333333334, "(4, 3, 2, 1, 0)": 0.8816666666666667}