{"(0, 1, 2, 3, 4)": 0.25533333333333336, "(0, 1, 2, 4, 3)": 0.2328, "(0, 1, 3, 2, 4)": 0.2584666666666667, "(0, 1, 3, 4, 2)": 0.2988, "(0, 1, 4, 2, 3)": 0.23446666666666668, "(0, 1, 4, 3, 2)": 0.28496666666666665, "(0, 2, 1, 3, 4)": 0.2721, "(0, 2, 1, 4, 3)": 0.2493, "(0, 2, 3, 1, 4)": 0.26486666666666664, "(0, 2, 3, 4, 1)": 0.22466666666666665, "(0, 2, 4, 1, 3)": 0.24926666666666666, "(0, 2, 4, 3, 1)": 0.23466666666666666, "(0, 3, 1, 2, 4)": 0.27563333333333334, "(0, 3, 1, 4, 2)": 0.29763333333333336, "(0, 3, 2, 1, 4)": 0.26289999999999997, "(0, 3, 2, 4, 1)": 0.23796666666666666, "(0, 3, 4, 1, 2)": 0.29309999999999997, "(0, 3, 4, 2, 1)": 0.23023333333333332, "(0, 4, 1, 2, 3)": 0.2503666666666667, "(0, 4, 1, 3, 2)": 0.28296666666666664, "(0, 4, 2, 1, 3)": 0.23586666666666667, "(0, 4, 2, 3, 1)": 0.22940000000000002, "(0, 4, 3, 1, 2)": 0.26996666666666663, "(0, 4, 3, 2, 1)": 0.23726666666666665, "(1, 0, 2, 3, 4)": 0.2743, "(1, 0, 2, 4, 3)": 0.25583333333333336, "(1, 0, 3, 2, 4)": 0.2637333333333333, "(1, 0, 3, 4, 2)": 0.3046, "(1, 0, 4, 2, 3)": 0.24816666666666667, "(1, 0, 4, 3, 2)": 0.29716666666666663, "(1, 2, 0, 3, 4)": 0.26940000000000003, "(1, 2, 0, 4, 3)": 0.2529666666666667, "(1, 2, 3, 0, 4)": 0.2810333333333333, "(1, 2, 3, 4, 0)": 0.28826666666666667, "(1, 2, 4, 0, 3)": 0.24346666666666664, "(1, 2, 4, 3, 0)": 0.28330000000000005, "(1, 3, 0, 2, 4)": 0.2622333333333333, "(1, 3, 0, 4, 2)": 0.3117666666666667, "(1, 3, 2, 0, 4)": 0.2892333333333333, "(1, 3, 2, 4, 0)": 0.29, "(1, 3, 4, 0, 2)": 0.29686666666666667, "(1, 3, 4, 2, 0)": 0.25933333333333336, "(1, 4, 0, 2, 3)": 0.25793333333333335, "(1, 4, 0, 3, 2)": 0.2985333333333333, "(1, 4, 2, 0, 3)": 0.25473333333333337, "(1, 4, 2, 3, 0)": 0.2913333333333333, "(1, 4, 3, 0, 2)": 0.3108666666666667, "(1, 4, 3, 2, 0)": 0.29773333333333335, "(2, 0, 1, 3, 4)": 0.2692333333333334, "(2, 0, 1, 4, 3)": 0.26463333333333333, "(2, 0, 3, 1, 4)": 0.2756, "(2, 0, 3, 4, 1)": 0.24136666666666665, "(2, 0, 4, 1, 3)": 0.2517, "(2, 0, 4, 3, 1)": 0.24166666666666667, "(2, 1, 0, 3, 4)": 0.26566666666666666, "(2, 1, 0, 4, 3)": 0.2479, "(2, 1, 3, 0, 4)": 0.2695666666666667, "(2, 1, 3, 4, 0)": 0.26976666666666665, "(2, 1, 4, 0, 3)": 0.23186666666666667, "(2, 1, 4, 3, 0)": 0.2842333333333333, "(2, 3, 0, 1, 4)": 0.27363333333333334, "(2, 3, 0, 4, 1)": 0.2371, "(2, 3, 1, 0, 4)": 0.2705666666666667, "(2, 3, 1, 4, 0)": 0.28076666666666666, "(2, 3, 4, 0, 1)": 0.23713333333333333, "(2, 3, 4, 1, 0)": 0.2669666666666667, "(2, 4, 0, 1, 3)": 0.2462, "(2, 4, 0, 3, 1)": 0.23496666666666666, "(2, 4, 1, 0, 3)": 0.25406666666666666, "(2, 4, 1, 3, 0)": 0.28056666666666663, "(2, 4, 3, 0, 1)": 0.23636666666666664, "(2, 4, 3, 1, 0)": 0.30443333333333333, "(3, 0, 1, 2, 4)": 0.25110000000000005, "(3, 0, 1, 4, 2)": 0.29686666666666667, "(3, 0, 2, 1, 4)": 0.26406666666666667, "(3, 0, 2, 4, 1)": 0.23673333333333332, "(3, 0, 4, 1, 2)": 0.3085, "(3, 0, 4, 2, 1)": 0.23879999999999998, "(3, 1, 0, 2, 4)": 0.2822, "(3, 1, 0, 4, 2)": 0.29533333333333334, "(3, 1, 2, 0, 4)": 0.26563333333333333, "(3, 1, 2, 4, 0)": 0.28819999999999996, "(3, 1, 4, 0, 2)": 0.30033333333333334, "(3, 1, 4, 2, 0)": 0.28776666666666667, "(3, 2, 0, 1, 4)": 0.2590333333333333, "(3, 2, 0, 4, 1)": 0.2384666666666667, "(3, 2, 1, 0, 4)": 0.26816666666666666, "(3, 2, 1, 4, 0)": 0.28676666666666667, "(3, 2, 4, 0, 1)": 0.2353333333333333, "(3, 2, 4, 1, 0)": 0.2884333333333333, "(3, 4, 0, 1, 2)": 0.30143333333333333, "(3, 4, 0, 2, 1)": 0.24136666666666665, "(3, 4, 1, 0, 2)": 0.3057666666666667, "(3, 4, 1, 2, 0)": 0.2996, "(3, 4, 2, 0, 1)": 0.236, "(3, 4, 2, 1, 0)": 0.29009999999999997, "(4, 0, 1, 2, 3)": 0.2724, "(4, 0, 1, 3, 2)": 0.3222666666666667, "(4, 0, 2, 1, 3)": 0.2566333333333333, "(4, 0, 2, 3, 1)": 0.2416, "(4, 0, 3, 1, 2)": 0.30793333333333334, "(4, 0, 3, 2, 1)": 0.23223333333333332, "(4, 1, 0, 2, 3)": 0.27473333333333333, "(4, 1, 0, 3, 2)": 0.31329999999999997, "(4, 1, 2, 0, 3)": 0.26289999999999997, "(4, 1, 2, 3, 0)": 0.2853333333333334, "(4, 1, 3, 0, 2)": 0.3002, "(4, 1, 3, 2, 0)": 0.3174666666666666, "(4, 2, 0, 1, 3)": 0.26106666666666667, "(4, 2, 0, 3, 1)": 0.2407, "(4, 2, 1, 0, 3)": 0.25733333333333336, "(4, 2, 1, 3, 0)": 0.2860333333333333, "(4, 2, 3, 0, 1)": 0.24903333333333336, "(4, 2, 3, 1, 0)": 0.31256666666666666, "(4, 3, 0, 1, 2)": 0.3179666666666667, "(4, 3, 0, 2, 1)": 0.24886666666666665, "(4, 3, 1, 0, 2)": 0.31583333333333335, "(4, 3, 1, 2, 0)": 0.3041333333333333, "(4, 3, 2, 0, 1)": 0.2508333333333333, "(4, 3, 2, 1, 0)": 0.29843333333333333}