{"(0, 1, 2, 3, 4)": 0.4417333333333333, "(0, 1, 2, 4, 3)": 0.46546666666666664, "(0, 1, 3, 2, 4)": 0.4346666666666667, "(0, 1, 3, 4, 2)": 0.4169333333333333, "(0, 1, 4, 2, 3)": 0.4517333333333333, "(0, 1, 4, 3, 2)": 0.4201333333333333, "(0, 2, 1, 3, 4)": 0.4586666666666666, "(0, 2, 1, 4, 3)": 0.4673333333333333, "(0, 2, 3, 1, 4)": 0.44586666666666663, "(0, 2, 3, 4, 1)": 0.4613333333333333, "(0, 2, 4, 1, 3)": 0.45786666666666664, "(0, 2, 4, 3, 1)": 0.4736, "(0, 3, 1, 2, 4)": 0.43226666666666663, "(0, 3, 1, 4, 2)": 0.416, "(0, 3, 2, 1, 4)": 0.45293333333333335, "(0, 3, 2, 4, 1)": 0.46186666666666665, "(0, 3, 4, 1, 2)": 0.4209333333333333, "(0, 3, 4, 2, 1)": 0.4565333333333334, "(0, 4, 1, 2, 3)": 0.44106666666666666, "(0, 4, 1, 3, 2)": 0.4130666666666667, "(0, 4, 2, 1, 3)": 0.44813333333333333, "(0, 4, 2, 3, 1)": 0.4626666666666666, "(0, 4, 3, 1, 2)": 0.4232, "(0, 4, 3, 2, 1)": 0.4526666666666667, "(1, 0, 2, 3, 4)": 0.44720000000000004, "(1, 0, 2, 4, 3)": 0.454, "(1, 0, 3, 2, 4)": 0.4472, "(1, 0, 3, 4, 2)": 0.414, "(1, 0, 4, 2, 3)": 0.45280000000000004, "(1, 0, 4, 3, 2)": 0.3934666666666667, "(1, 2, 0, 3, 4)": 0.4618666666666667, "(1, 2, 0, 4, 3)": 0.4676, "(1, 2, 3, 0, 4)": 0.45106666666666667, "(1, 2, 3, 4, 0)": 0.4949333333333334, "(1, 2, 4, 0, 3)": 0.47093333333333337, "(1, 2, 4, 3, 0)": 0.4949333333333334, "(1, 3, 0, 2, 4)": 0.436, "(1, 3, 0, 4, 2)": 0.41439999999999994, "(1, 3, 2, 0, 4)": 0.4348, "(1, 3, 2, 4, 0)": 0.4592, "(1, 3, 4, 0, 2)": 0.41586666666666666, "(1, 3, 4, 2, 0)": 0.4636, "(1, 4, 0, 2, 3)": 0.45080000000000003, "(1, 4, 0, 3, 2)": 0.4072, "(1, 4, 2, 0, 3)": 0.4537333333333333, "(1, 4, 2, 3, 0)": 0.48066666666666674, "(1, 4, 3, 0, 2)": 0.4168, "(1, 4, 3, 2, 0)": 0.47533333333333333, "(2, 0, 1, 3, 4)": 0.4624, "(2, 0, 1, 4, 3)": 0.4810666666666667, "(2, 0, 3, 1, 4)": 0.4626666666666666, "(2, 0, 3, 4, 1)": 0.4774666666666667, "(2, 0, 4, 1, 3)": 0.48733333333333334, "(2, 0, 4, 3, 1)": 0.48773333333333335, "(2, 1, 0, 3, 4)": 0.4630666666666667, "(2, 1, 0, 4, 3)": 0.488, "(2, 1, 3, 0, 4)": 0.46426666666666666, "(2, 1, 3, 4, 0)": 0.5, "(2, 1, 4, 0, 3)": 0.47373333333333334, "(2, 1, 4, 3, 0)": 0.5068, "(2, 3, 0, 1, 4)": 0.4642666666666666, "(2, 3, 0, 4, 1)": 0.4872, "(2, 3, 1, 0, 4)": 0.4670666666666667, "(2, 3, 1, 4, 0)": 0.49173333333333336, "(2, 3, 4, 0, 1)": 0.4832, "(2, 3, 4, 1, 0)": 0.5002666666666666, "(2, 4, 0, 1, 3)": 0.48079999999999995, "(2, 4, 0, 3, 1)": 0.4910666666666667, "(2, 4, 1, 0, 3)": 0.4857333333333333, "(2, 4, 1, 3, 0)": 0.49733333333333335, "(2, 4, 3, 0, 1)": 0.48760000000000003, "(2, 4, 3, 1, 0)": 0.5024000000000001, "(3, 0, 1, 2, 4)": 0.4361333333333333, "(3, 0, 1, 4, 2)": 0.4126666666666667, "(3, 0, 2, 1, 4)": 0.4326666666666667, "(3, 0, 2, 4, 1)": 0.45720000000000005, "(3, 0, 4, 1, 2)": 0.40640000000000004, "(3, 0, 4, 2, 1)": 0.4368, "(3, 1, 0, 2, 4)": 0.4285333333333334, "(3, 1, 0, 4, 2)": 0.4086666666666667, "(3, 1, 2, 0, 4)": 0.4285333333333334, "(3, 1, 2, 4, 0)": 0.4492, "(3, 1, 4, 0, 2)": 0.4081333333333333, "(3, 1, 4, 2, 0)": 0.45186666666666664, "(3, 2, 0, 1, 4)": 0.44413333333333327, "(3, 2, 0, 4, 1)": 0.4458666666666667, "(3, 2, 1, 0, 4)": 0.43746666666666667, "(3, 2, 1, 4, 0)": 0.4765333333333333, "(3, 2, 4, 0, 1)": 0.4461333333333333, "(3, 2, 4, 1, 0)": 0.4566666666666667, "(3, 4, 0, 1, 2)": 0.41133333333333333, "(3, 4, 0, 2, 1)": 0.432, "(3, 4, 1, 0, 2)": 0.40066666666666667, "(3, 4, 1, 2, 0)": 0.44799999999999995, "(3, 4, 2, 0, 1)": 0.4378666666666667, "(3, 4, 2, 1, 0)": 0.4505333333333334, "(4, 0, 1, 2, 3)": 0.4346666666666667, "(4, 0, 1, 3, 2)": 0.4082666666666667, "(4, 0, 2, 1, 3)": 0.4453333333333333, "(4, 0, 2, 3, 1)": 0.4497333333333333, "(4, 0, 3, 1, 2)": 0.4046666666666667, "(4, 0, 3, 2, 1)": 0.45626666666666665, "(4, 1, 0, 2, 3)": 0.4461333333333333, "(4, 1, 0, 3, 2)": 0.4096, "(4, 1, 2, 0, 3)": 0.4532, "(4, 1, 2, 3, 0)": 0.48080000000000006, "(4, 1, 3, 0, 2)": 0.40453333333333336, "(4, 1, 3, 2, 0)": 0.46466666666666673, "(4, 2, 0, 1, 3)": 0.44333333333333336, "(4, 2, 0, 3, 1)": 0.44826666666666665, "(4, 2, 1, 0, 3)": 0.45413333333333333, "(4, 2, 1, 3, 0)": 0.4684, "(4, 2, 3, 0, 1)": 0.4710666666666666, "(4, 2, 3, 1, 0)": 0.4766666666666666, "(4, 3, 0, 1, 2)": 0.40266666666666673, "(4, 3, 0, 2, 1)": 0.4397333333333333, "(4, 3, 1, 0, 2)": 0.4172, "(4, 3, 1, 2, 0)": 0.45386666666666664, "(4, 3, 2, 0, 1)": 0.4401333333333333, "(4, 3, 2, 1, 0)": 0.45586666666666664}