{"(0, 1, 2, 3, 4)": 0.6668333333333334, "(0, 1, 2, 4, 3)": 0.7125833333333335, "(0, 1, 3, 2, 4)": 0.6485833333333334, "(0, 1, 3, 4, 2)": 0.62725, "(0, 1, 4, 2, 3)": 0.6969583333333332, "(0, 1, 4, 3, 2)": 0.6405, "(0, 2, 1, 3, 4)": 0.689375, "(0, 2, 1, 4, 3)": 0.7183333333333334, "(0, 2, 3, 1, 4)": 0.6914166666666667, "(0, 2, 3, 4, 1)": 0.7395833333333334, "(0, 2, 4, 1, 3)": 0.7280833333333333, "(0, 2, 4, 3, 1)": 0.7284166666666666, "(0, 3, 1, 2, 4)": 0.6642083333333333, "(0, 3, 1, 4, 2)": 0.6434583333333334, "(0, 3, 2, 1, 4)": 0.6861666666666667, "(0, 3, 2, 4, 1)": 0.7182916666666666, "(0, 3, 4, 1, 2)": 0.6422083333333334, "(0, 3, 4, 2, 1)": 0.7229583333333333, "(0, 4, 1, 2, 3)": 0.7139999999999999, "(0, 4, 1, 3, 2)": 0.6510833333333333, "(0, 4, 2, 1, 3)": 0.7091666666666666, "(0, 4, 2, 3, 1)": 0.7319166666666667, "(0, 4, 3, 1, 2)": 0.654625, "(0, 4, 3, 2, 1)": 0.7106666666666667, "(1, 0, 2, 3, 4)": 0.6649166666666667, "(1, 0, 2, 4, 3)": 0.70325, "(1, 0, 3, 2, 4)": 0.6575000000000001, "(1, 0, 3, 4, 2)": 0.6408333333333333, "(1, 0, 4, 2, 3)": 0.708875, "(1, 0, 4, 3, 2)": 0.6433750000000001, "(1, 2, 0, 3, 4)": 0.68675, "(1, 2, 0, 4, 3)": 0.7252916666666667, "(1, 2, 3, 0, 4)": 0.6660833333333334, "(1, 2, 3, 4, 0)": 0.6712083333333333, "(1, 2, 4, 0, 3)": 0.7178333333333334, "(1, 2, 4, 3, 0)": 0.6629583333333333, "(1, 3, 0, 2, 4)": 0.6536666666666667, "(1, 3, 0, 4, 2)": 0.6325833333333334, "(1, 3, 2, 0, 4)": 0.6489583333333334, "(1, 3, 2, 4, 0)": 0.6474166666666666, "(1, 3, 4, 0, 2)": 0.6408333333333333, "(1, 3, 4, 2, 0)": 0.6636666666666667, "(1, 4, 0, 2, 3)": 0.7125416666666667, "(1, 4, 0, 3, 2)": 0.6473333333333334, "(1, 4, 2, 0, 3)": 0.71775, "(1, 4, 2, 3, 0)": 0.6709999999999999, "(1, 4, 3, 0, 2)": 0.6310833333333333, "(1, 4, 3, 2, 0)": 0.6660416666666666, "(2, 0, 1, 3, 4)": 0.6841666666666667, "(2, 0, 1, 4, 3)": 0.7093750000000001, "(2, 0, 3, 1, 4)": 0.704875, "(2, 0, 3, 4, 1)": 0.725, "(2, 0, 4, 1, 3)": 0.7169583333333334, "(2, 0, 4, 3, 1)": 0.7321666666666666, "(2, 1, 0, 3, 4)": 0.6810833333333334, "(2, 1, 0, 4, 3)": 0.7074166666666667, "(2, 1, 3, 0, 4)": 0.6559583333333333, "(2, 1, 3, 4, 0)": 0.6628333333333333, "(2, 1, 4, 0, 3)": 0.7109166666666668, "(2, 1, 4, 3, 0)": 0.6595416666666667, "(2, 3, 0, 1, 4)": 0.6925, "(2, 3, 0, 4, 1)": 0.7343333333333334, "(2, 3, 1, 0, 4)": 0.6843750000000001, "(2, 3, 1, 4, 0)": 0.6519583333333334, "(2, 3, 4, 0, 1)": 0.727875, "(2, 3, 4, 1, 0)": 0.6644166666666667, "(2, 4, 0, 1, 3)": 0.726625, "(2, 4, 0, 3, 1)": 0.7436666666666668, "(2, 4, 1, 0, 3)": 0.718125, "(2, 4, 1, 3, 0)": 0.663875, "(2, 4, 3, 0, 1)": 0.7307083333333333, "(2, 4, 3, 1, 0)": 0.6858749999999999, "(3, 0, 1, 2, 4)": 0.6625, "(3, 0, 1, 4, 2)": 0.6459583333333333, "(3, 0, 2, 1, 4)": 0.6697916666666667, "(3, 0, 2, 4, 1)": 0.7338333333333334, "(3, 0, 4, 1, 2)": 0.6382916666666666, "(3, 0, 4, 2, 1)": 0.7354166666666666, "(3, 1, 0, 2, 4)": 0.6344166666666666, "(3, 1, 0, 4, 2)": 0.6332916666666667, "(3, 1, 2, 0, 4)": 0.6560416666666667, "(3, 1, 2, 4, 0)": 0.65425, "(3, 1, 4, 0, 2)": 0.6501666666666668, "(3, 1, 4, 2, 0)": 0.658, "(3, 2, 0, 1, 4)": 0.6880416666666666, "(3, 2, 0, 4, 1)": 0.7332083333333334, "(3, 2, 1, 0, 4)": 0.6638750000000001, "(3, 2, 1, 4, 0)": 0.6482083333333333, "(3, 2, 4, 0, 1)": 0.7283749999999999, "(3, 2, 4, 1, 0)": 0.6637916666666667, "(3, 4, 0, 1, 2)": 0.6560833333333332, "(3, 4, 0, 2, 1)": 0.7258333333333332, "(3, 4, 1, 0, 2)": 0.6519166666666667, "(3, 4, 1, 2, 0)": 0.6618333333333334, "(3, 4, 2, 0, 1)": 0.7226666666666667, "(3, 4, 2, 1, 0)": 0.6805833333333333, "(4, 0, 1, 2, 3)": 0.7014166666666665, "(4, 0, 1, 3, 2)": 0.6562083333333333, "(4, 0, 2, 1, 3)": 0.7235416666666666, "(4, 0, 2, 3, 1)": 0.7444999999999999, "(4, 0, 3, 1, 2)": 0.6485, "(4, 0, 3, 2, 1)": 0.7194166666666666, "(4, 1, 0, 2, 3)": 0.7119999999999999, "(4, 1, 0, 3, 2)": 0.649625, "(4, 1, 2, 0, 3)": 0.7090833333333334, "(4, 1, 2, 3, 0)": 0.6583749999999999, "(4, 1, 3, 0, 2)": 0.6452916666666667, "(4, 1, 3, 2, 0)": 0.6610833333333334, "(4, 2, 0, 1, 3)": 0.7313333333333333, "(4, 2, 0, 3, 1)": 0.7385416666666665, "(4, 2, 1, 0, 3)": 0.7118333333333334, "(4, 2, 1, 3, 0)": 0.6630416666666666, "(4, 2, 3, 0, 1)": 0.7295416666666666, "(4, 2, 3, 1, 0)": 0.683125, "(4, 3, 0, 1, 2)": 0.6669166666666667, "(4, 3, 0, 2, 1)": 0.7284583333333333, "(4, 3, 1, 0, 2)": 0.652875, "(4, 3, 1, 2, 0)": 0.6566666666666666, "(4, 3, 2, 0, 1)": 0.7322083333333333, "(4, 3, 2, 1, 0)": 0.6551666666666667}