{"(0, 1, 2, 3, 4)": 0.012980754985747156, "(0, 1, 2, 4, 3)": 0.00489897948556636, "(0, 1, 3, 2, 4)": 0.011506037062728755, "(0, 1, 3, 4, 2)": 0.003519785346990418, "(0, 1, 4, 2, 3)": 0.009721111047611782, "(0, 1, 4, 3, 2)": 0.005572751165766818, "(0, 2, 1, 3, 4)": 0.007706418681131243, "(0, 2, 1, 4, 3)": 0.0018708286933869526, "(0, 2, 3, 1, 4)": 0.007261006970263959, "(0, 2, 3, 4, 1)": 0.004490731195102497, "(0, 2, 4, 1, 3)": 0.0120715459748212, "(0, 2, 4, 3, 1)": 0.009885455084224637, "(0, 3, 1, 2, 4)": 0.005169354139756916, "(0, 3, 1, 4, 2)": 0.0026562295750848504, "(0, 3, 2, 1, 4)": 0.012518874638809298, "(0, 3, 2, 4, 1)": 0.005115336417740941, "(0, 3, 4, 1, 2)": 0.005572751165766798, "(0, 3, 4, 2, 1)": 0.009312476696466003, "(0, 4, 1, 2, 3)": 0.014912708972178347, "(0, 4, 1, 3, 2)": 0.0028284271247461927, "(0, 4, 2, 1, 3)": 0.00889756521002611, "(0, 4, 2, 3, 1)": 0.005104464277037856, "(0, 4, 3, 1, 2)": 0.0074870258150721, "(0, 4, 3, 2, 1)": 0.006164414002968979, "(1, 0, 2, 3, 4)": 0.012754084313139362, "(1, 0, 2, 4, 3)": 0.004415880433163902, "(1, 0, 3, 2, 4)": 0.005115336417740918, "(1, 0, 3, 4, 2)": 0.0022484562605386976, "(1, 0, 4, 2, 3)": 0.015079419381690053, "(1, 0, 4, 3, 2)": 0.0019293061504650297, "(1, 2, 0, 3, 4)": 0.0016499158227686087, "(1, 2, 0, 4, 3)": 0.012154103102336326, "(1, 2, 3, 0, 4)": 0.006964194138592034, "(1, 2, 3, 4, 0)": 0.011960583412006098, "(1, 2, 4, 0, 3)": 0.00925862960822074, "(1, 2, 4, 3, 0)": 0.009834745661287973, "(1, 3, 0, 2, 4)": 0.005807083796728131, "(1, 3, 0, 4, 2)": 0.010637982264821972, "(1, 3, 2, 0, 4)": 0.005249338582674546, "(1, 3, 2, 4, 0)": 0.008041558721209879, "(1, 3, 4, 0, 2)": 0.0030092450142113437, "(1, 3, 4, 2, 0)": 0.005661762583820996, "(1, 4, 0, 2, 3)": 0.010036046144883091, "(1, 4, 0, 3, 2)": 0.0037932688922469606, "(1, 4, 2, 0, 3)": 0.004496912521077299, "(1, 4, 2, 3, 0)": 0.010956986609262377, "(1, 4, 3, 0, 2)": 0.005249338582674513, "(1, 4, 3, 2, 0)": 0.007560864148142485, "(2, 0, 1, 3, 4)": 0.002549509756796351, "(2, 0, 1, 4, 3)": 0.004515405728048072, "(2, 0, 3, 1, 4)": 0.0004082482904638634, "(2, 0, 3, 4, 1)": 0.01131370849898477, "(2, 0, 4, 1, 3)": 0.006980130530457329, "(2, 0, 4, 3, 1)": 0.007191816336797146, "(2, 1, 0, 3, 4)": 0.004020779360604925, "(2, 1, 0, 4, 3)": 0.00744237118725542, "(2, 1, 3, 0, 4)": 0.006114645442614694, "(2, 1, 3, 4, 0)": 0.00659966329107445, "(2, 1, 4, 0, 3)": 0.004813176359397908, "(2, 1, 4, 3, 0)": 0.007813805446487371, "(2, 3, 0, 1, 4)": 0.008524474568362955, "(2, 3, 0, 4, 1)": 0.0007071067811865483, "(2, 3, 1, 0, 4)": 0.008663460945578043, "(2, 3, 1, 4, 0)": 0.003171049598406744, "(2, 3, 4, 0, 1)": 0.006381396573025534, "(2, 3, 4, 1, 0)": 0.008984554647962377, "(2, 4, 0, 1, 3)": 0.008872554436137426, "(2, 4, 0, 3, 1)": 0.004089281382128414, "(2, 4, 1, 0, 3)": 0.009228578799938067, "(2, 4, 1, 3, 0)": 0.0038944404818492895, "(2, 4, 3, 0, 1)": 0.009186342519680455, "(2, 4, 3, 1, 0)": 0.002273030282830978, "(3, 0, 1, 2, 4)": 0.014696938456699081, "(3, 0, 1, 4, 2)": 0.00843603382322916, "(3, 0, 2, 1, 4)": 0.010496030995889218, "(3, 0, 2, 4, 1)": 0.005976807025680371, "(3, 0, 4, 1, 2)": 0.0022730302828309614, "(3, 0, 4, 2, 1)": 0.01226331475943142, "(3, 1, 0, 2, 4)": 0.007329544475765304, "(3, 1, 0, 4, 2)": 0.00679869268479035, "(3, 1, 2, 0, 4)": 0.006059886320899267, "(3, 1, 2, 4, 0)": 0.012062338081814816, "(3, 1, 4, 0, 2)": 0.006114645442614657, "(3, 1, 4, 2, 0)": 0.013347908700117312, "(3, 2, 0, 1, 4)": 0.00996939761915877, "(3, 2, 0, 4, 1)": 0.005906681715556456, "(3, 2, 1, 0, 4)": 0.01084998719917318, "(3, 2, 1, 4, 0)": 0.002460803843372257, "(3, 2, 4, 0, 1)": 0.004089281382128436, "(3, 2, 4, 1, 0)": 0.010352133435513023, "(3, 4, 0, 1, 2)": 0.008860022573334639, "(3, 4, 0, 2, 1)": 0.004027681991198183, "(3, 4, 1, 0, 2)": 0.003965125751123419, "(3, 4, 1, 2, 0)": 0.010624918300339473, "(3, 4, 2, 0, 1)": 0.005948856099191564, "(3, 4, 2, 1, 0)": 0.011007573150638907, "(4, 0, 1, 2, 3)": 0.008576453553512412, "(4, 0, 1, 3, 2)": 0.005572751165766819, "(4, 0, 2, 1, 3)": 0.006712343521867472, "(4, 0, 2, 3, 1)": 0.004169998667732272, "(4, 0, 3, 1, 2)": 0.008730533902472562, "(4, 0, 3, 2, 1)": 0.00374165738677394, "(4, 1, 0, 2, 3)": 0.00815475321515004, "(4, 1, 0, 3, 2)": 0.0051370116691408, "(4, 1, 2, 0, 3)": 0.005792715732327594, "(4, 1, 2, 3, 0)": 0.0008164965809277495, "(4, 1, 3, 0, 2)": 0.007442371187255331, "(4, 1, 3, 2, 0)": 0.010085743513604833, "(4, 2, 0, 1, 3)": 0.004496912521077329, "(4, 2, 0, 3, 1)": 0.013205638526360215, "(4, 2, 1, 0, 3)": 0.01550447963941031, "(4, 2, 1, 3, 0)": 0.0088975652100261, "(4, 2, 3, 0, 1)": 0.00624944441975088, "(4, 2, 3, 1, 0)": 0.01196058341200609, "(4, 3, 0, 1, 2)": 0.004027681991198194, "(4, 3, 0, 2, 1)": 0.005835713800003821, "(4, 3, 1, 0, 2)": 0.006536223850375863, "(4, 3, 1, 2, 0)": 0.015472197287033555, "(4, 3, 2, 0, 1)": 0.007003967129816904, "(4, 3, 2, 1, 0)": 0.005759050847723646}