{"(0, 1, 2, 3, 4)": [0.13749999999999998, 0.18166666666666667, 0.1723333333333333, 0.2205, 0.7840000000000001], "(0, 1, 2, 4, 3)": [0.10916666666666668, 0.16866666666666666, 0.22199999999999998, 0.7935, 0.29183333333333333], "(0, 1, 3, 2, 4)": [0.11633333333333334, 0.1955, 0.30883333333333335, 0.169, 0.7646666666666667], "(0, 1, 3, 4, 2)": [0.14333333333333334, 0.22083333333333333, 0.7098333333333334, 0.2061666666666667, 0.30133333333333334], "(0, 1, 4, 2, 3)": [0.118, 0.21383333333333332, 0.26616666666666666, 0.8031666666666667, 0.19533333333333336], "(0, 1, 4, 3, 2)": [0.11733333333333333, 0.19366666666666665, 0.7106666666666667, 0.29350000000000004, 0.26866666666666666], "(0, 2, 1, 3, 4)": [0.11383333333333334, 0.1416666666666667, 0.13466666666666668, 0.2336666666666667, 0.7789999999999999], "(0, 2, 1, 4, 3)": [0.10283333333333333, 0.14833333333333334, 0.12783333333333333, 0.8406666666666666, 0.20166666666666666], "(0, 2, 3, 1, 4)": [0.1305, 0.2675, 0.17883333333333332, 0.17933333333333334, 0.7566666666666667], "(0, 2, 3, 4, 1)": [0.07733333333333332, 0.8141666666666666, 0.1295, 0.12333333333333334, 0.19200000000000003], "(0, 2, 4, 1, 3)": [0.067, 0.22983333333333333, 0.15016666666666667, 0.8235, 0.14], "(0, 2, 4, 3, 1)": [0.08266666666666667, 0.8035, 0.11649999999999999, 0.11633333333333333, 0.17250000000000001], "(0, 3, 1, 2, 4)": [0.1365, 0.16966666666666666, 0.30716666666666664, 0.1366666666666667, 0.7923333333333332], "(0, 3, 1, 4, 2)": [0.09900000000000002, 0.20999999999999996, 0.7618333333333333, 0.11649999999999999, 0.2811666666666666], "(0, 3, 2, 1, 4)": [0.13433333333333333, 0.3005, 0.2055, 0.11816666666666668, 0.755], "(0, 3, 2, 4, 1)": [0.10316666666666667, 0.7891666666666666, 0.14400000000000002, 0.1105, 0.24233333333333332], "(0, 3, 4, 1, 2)": [0.1095, 0.28983333333333333, 0.742, 0.13333333333333333, 0.18666666666666668], "(0, 3, 4, 2, 1)": [0.08333333333333333, 0.8099999999999999, 0.2068333333333333, 0.10633333333333334, 0.18983333333333333], "(0, 4, 1, 2, 3)": [0.10049999999999999, 0.16816666666666666, 0.2541666666666667, 0.8495, 0.14183333333333334], "(0, 4, 1, 3, 2)": [0.11516666666666668, 0.22366666666666668, 0.765, 0.21583333333333332, 0.1991666666666667], "(0, 4, 2, 1, 3)": [0.11816666666666666, 0.2568333333333333, 0.18983333333333333, 0.8228333333333334, 0.1775], "(0, 4, 2, 3, 1)": [0.10733333333333332, 0.8071666666666667, 0.124, 0.17333333333333334, 0.1655], "(0, 4, 3, 1, 2)": [0.08983333333333333, 0.29133333333333333, 0.7265, 0.14333333333333334, 0.22283333333333336], "(0, 4, 3, 2, 1)": [0.09833333333333334, 0.8008333333333333, 0.19700000000000004, 0.08850000000000001, 0.12183333333333331], "(1, 0, 2, 3, 4)": [0.12566666666666668, 0.149, 0.20533333333333334, 0.26766666666666666, 0.7705000000000001], "(1, 0, 2, 4, 3)": [0.14233333333333334, 0.22716666666666666, 0.21933333333333335, 0.7948333333333334, 0.23816666666666664], "(1, 0, 3, 2, 4)": [0.132, 0.1835, 0.29, 0.19716666666666668, 0.7816666666666666], "(1, 0, 3, 4, 2)": [0.13366666666666668, 0.2081666666666667, 0.7605, 0.1915, 0.35450000000000004], "(1, 0, 4, 2, 3)": [0.1805, 0.2071666666666667, 0.38333333333333336, 0.7281666666666666, 0.26716666666666666], "(1, 0, 4, 3, 2)": [0.13416666666666666, 0.21333333333333335, 0.7208333333333333, 0.276, 0.23483333333333334], "(1, 2, 0, 3, 4)": [0.13649999999999998, 0.15783333333333335, 0.15116666666666664, 0.262, 0.758], "(1, 2, 0, 4, 3)": [0.16316666666666665, 0.17383333333333337, 0.18883333333333333, 0.8113333333333334, 0.24183333333333334], "(1, 2, 3, 0, 4)": [0.21950000000000003, 0.20033333333333334, 0.21383333333333332, 0.20183333333333334, 0.781], "(1, 2, 3, 4, 0)": [0.6651666666666668, 0.2041666666666667, 0.2233333333333333, 0.2021666666666667, 0.3658333333333333], "(1, 2, 4, 0, 3)": [0.23716666666666666, 0.19033333333333333, 0.21533333333333335, 0.7928333333333333, 0.18166666666666664], "(1, 2, 4, 3, 0)": [0.6515000000000001, 0.2273333333333333, 0.23116666666666666, 0.35316666666666663, 0.2551666666666667], "(1, 3, 0, 2, 4)": [0.145, 0.18800000000000003, 0.3073333333333333, 0.14216666666666664, 0.781], "(1, 3, 0, 4, 2)": [0.15616666666666668, 0.23933333333333331, 0.7371666666666666, 0.17066666666666666, 0.33216666666666667], "(1, 3, 2, 0, 4)": [0.212, 0.2101666666666667, 0.20216666666666663, 0.1445, 0.7719999999999999], "(1, 3, 2, 4, 0)": [0.7080000000000001, 0.21266666666666664, 0.1865, 0.17016666666666666, 0.37633333333333335], "(1, 3, 4, 0, 2)": [0.2795, 0.2785, 0.6206666666666667, 0.1975, 0.314], "(1, 3, 4, 2, 0)": [0.5793333333333333, 0.22683333333333333, 0.3948333333333333, 0.19516666666666663, 0.305], "(1, 4, 0, 2, 3)": [0.11066666666666668, 0.17633333333333334, 0.2243333333333333, 0.8366666666666666, 0.20199999999999999], "(1, 4, 0, 3, 2)": [0.142, 0.1975, 0.7481666666666666, 0.2773333333333333, 0.24066666666666667], "(1, 4, 2, 0, 3)": [0.14333333333333334, 0.15783333333333333, 0.17966666666666667, 0.8450000000000001, 0.14716666666666667], "(1, 4, 2, 3, 0)": [0.6816666666666666, 0.20716666666666664, 0.17683333333333331, 0.29133333333333333, 0.23500000000000001], "(1, 4, 3, 0, 2)": [0.253, 0.17499999999999996, 0.6808333333333333, 0.2125, 0.24450000000000002], "(1, 4, 3, 2, 0)": [0.6695000000000001, 0.20983333333333334, 0.2865, 0.1885, 0.2061666666666667], "(2, 0, 1, 3, 4)": [0.13116666666666665, 0.1875, 0.16983333333333336, 0.223, 0.7746666666666666], "(2, 0, 1, 4, 3)": [0.11216666666666668, 0.18733333333333332, 0.1366666666666667, 0.8424999999999999, 0.18983333333333333], "(2, 0, 3, 1, 4)": [0.12016666666666666, 0.24633333333333332, 0.19766666666666666, 0.1535, 0.7806666666666667], "(2, 0, 3, 4, 1)": [0.115, 0.8056666666666666, 0.12549999999999997, 0.09583333333333333, 0.1991666666666667], "(2, 0, 4, 1, 3)": [0.09866666666666667, 0.24783333333333335, 0.18016666666666667, 0.7975, 0.16849999999999998], "(2, 0, 4, 3, 1)": [0.11950000000000001, 0.7906666666666666, 0.14983333333333335, 0.19699999999999998, 0.1678333333333333], "(2, 1, 0, 3, 4)": [0.14600000000000002, 0.22916666666666666, 0.14900000000000002, 0.2125, 0.755], "(2, 1, 0, 4, 3)": [0.1255, 0.20533333333333334, 0.17699999999999996, 0.8198333333333334, 0.249], "(2, 1, 3, 0, 4)": [0.24266666666666667, 0.27066666666666667, 0.162, 0.1748333333333333, 0.7683333333333334], "(2, 1, 3, 4, 0)": [0.7313333333333333, 0.16416666666666666, 0.15133333333333335, 0.15116666666666667, 0.29716666666666663], "(2, 1, 4, 0, 3)": [0.171, 0.15366666666666665, 0.1426666666666667, 0.844, 0.1955], "(2, 1, 4, 3, 0)": [0.6806666666666668, 0.2193333333333333, 0.19083333333333333, 0.26166666666666666, 0.23033333333333336], "(2, 3, 0, 1, 4)": [0.18616666666666667, 0.2985, 0.20133333333333334, 0.13783333333333334, 0.7391666666666666], "(2, 3, 0, 4, 1)": [0.08433333333333333, 0.8104999999999999, 0.15266666666666664, 0.06483333333333334, 0.21283333333333332], "(2, 3, 1, 0, 4)": [0.20116666666666663, 0.19000000000000003, 0.1765, 0.1255, 0.8029999999999999], "(2, 3, 1, 4, 0)": [0.7286666666666667, 0.22233333333333336, 0.16683333333333336, 0.11933333333333333, 0.315], "(2, 3, 4, 0, 1)": [0.2045, 0.781, 0.13566666666666669, 0.14616666666666667, 0.19033333333333333], "(2, 3, 4, 1, 0)": [0.6773333333333333, 0.3501666666666667, 0.19316666666666668, 0.16283333333333336, 0.21566666666666667], "(2, 4, 0, 1, 3)": [0.17166666666666666, 0.2685, 0.22483333333333333, 0.7908333333333334, 0.20099999999999998], "(2, 4, 0, 3, 1)": [0.13733333333333334, 0.7716666666666666, 0.134, 0.22966666666666669, 0.2065], "(2, 4, 1, 0, 3)": [0.19666666666666668, 0.1658333333333333, 0.15416666666666667, 0.8288333333333333, 0.18216666666666667], "(2, 4, 1, 3, 0)": [0.7254999999999999, 0.21866666666666668, 0.14783333333333334, 0.22316666666666665, 0.2048333333333333], "(2, 4, 3, 0, 1)": [0.16983333333333336, 0.7926666666666667, 0.1433333333333333, 0.152, 0.18299999999999997], "(2, 4, 3, 1, 0)": [0.7393333333333333, 0.31466666666666665, 0.12733333333333333, 0.14883333333333335, 0.21533333333333335],