{"(0, 1, 2, 3, 4)": [0.0, 0.0, 0.0, 0.0, 0.8811666666666667], "(0, 1, 2, 4, 3)": [0.0, 0.0, 0.0, 0.9213333333333334, 0.0], "(0, 1, 3, 2, 4)": [0.0, 0.0, 0.0, 0.0, 0.8839999999999999], "(0, 1, 3, 4, 2)": [0.0, 0.0, 0.8461666666666666, 0.0, 0.0], "(0, 1, 4, 2, 3)": [0.0, 0.0, 0.0, 0.916, 0.0], "(0, 1, 4, 3, 2)": [0.0, 0.0, 0.8329999999999999, 0.0, 0.0], "(0, 2, 1, 3, 4)": [0.0, 0.0, 0.0, 0.0, 0.8843333333333333], "(0, 2, 1, 4, 3)": [0.0, 0.0, 0.0, 0.9205, 0.0], "(0, 2, 3, 1, 4)": [0.0, 0.0, 0.0, 0.0, 0.887], "(0, 2, 3, 4, 1)": [0.0, 0.9011666666666667, 0.0, 0.0, 0.0], "(0, 2, 4, 1, 3)": [0.0, 0.0, 0.0, 0.9153333333333333, 0.0], "(0, 2, 4, 3, 1)": [0.0, 0.9011666666666667, 0.0, 0.0, 0.0], "(0, 3, 1, 2, 4)": [0.0, 0.0, 0.0, 0.0, 0.8851666666666667], "(0, 3, 1, 4, 2)": [0.0, 0.0, 0.8374999999999999, 0.0, 0.0], "(0, 3, 2, 1, 4)": [0.0, 0.0, 0.0, 0.0, 0.8858333333333333], "(0, 3, 2, 4, 1)": [0.0, 0.9056666666666667, 0.0, 0.0, 0.0], "(0, 3, 4, 1, 2)": [0.0, 0.0, 0.8410000000000001, 0.0, 0.0], "(0, 3, 4, 2, 1)": [0.0, 0.9011666666666667, 0.0, 0.0, 0.0], "(0, 4, 1, 2, 3)": [0.0, 0.0, 0.0, 0.9205, 0.0], "(0, 4, 1, 3, 2)": [0.0, 0.0, 0.8375, 0.0, 0.0], "(0, 4, 2, 1, 3)": [0.0, 0.0, 0.0, 0.9131666666666666, 0.0], "(0, 4, 2, 3, 1)": [0.0, 0.8996666666666666, 0.0, 0.0, 0.0], "(0, 4, 3, 1, 2)": [0.0, 0.0, 0.8418333333333333, 0.0, 0.0], "(0, 4, 3, 2, 1)": [0.0, 0.9073333333333333, 0.0, 0.0, 0.0], "(1, 0, 2, 3, 4)": [0.0, 0.0, 0.0, 0.0, 0.8816666666666665], "(1, 0, 2, 4, 3)": [0.0, 0.0, 0.0, 0.9238333333333334, 0.0], "(1, 0, 3, 2, 4)": [0.0, 0.0, 0.0, 0.0, 0.8833333333333333], "(1, 0, 3, 4, 2)": [0.0, 0.0, 0.8423333333333334, 0.0, 0.0], "(1, 0, 4, 2, 3)": [0.0, 0.0, 0.0, 0.9226666666666667, 0.0], "(1, 0, 4, 3, 2)": [0.0, 0.0, 0.8395, 0.0, 0.0], "(1, 2, 0, 3, 4)": [0.0, 0.0, 0.0, 0.0, 0.884], "(1, 2, 0, 4, 3)": [0.0, 0.0, 0.0, 0.9216666666666667, 0.0], "(1, 2, 3, 0, 4)": [0.0, 0.0, 0.0, 0.0, 0.8838333333333334], "(1, 2, 3, 4, 0)": [0.7951666666666667, 0.0, 0.0, 0.0, 0.0], "(1, 2, 4, 0, 3)": [0.0, 0.0, 0.0, 0.9185, 0.0], "(1, 2, 4, 3, 0)": [0.7998333333333334, 0.0, 0.0, 0.0, 0.0], "(1, 3, 0, 2, 4)": [0.0, 0.0, 0.0, 0.0, 0.8845], "(1, 3, 0, 4, 2)": [0.0, 0.0, 0.851, 0.0, 0.0], "(1, 3, 2, 0, 4)": [0.0, 0.0, 0.0, 0.0, 0.8821666666666665], "(1, 3, 2, 4, 0)": [0.7886666666666667, 0.0, 0.0, 0.0, 0.0], "(1, 3, 4, 0, 2)": [0.0, 0.0, 0.8370000000000001, 0.0, 0.0], "(1, 3, 4, 2, 0)": [0.7961666666666667, 0.0, 0.0, 0.0, 0.0], "(1, 4, 0, 2, 3)": [0.0, 0.0, 0.0, 0.9215, 0.0], "(1, 4, 0, 3, 2)": [0.0, 0.0, 0.8413333333333334, 0.0, 0.0], "(1, 4, 2, 0, 3)": [0.0, 0.0, 0.0, 0.9271666666666666, 0.0], "(1, 4, 2, 3, 0)": [0.8003333333333332, 0.0, 0.0, 0.0, 0.0], "(1, 4, 3, 0, 2)": [0.0, 0.0, 0.8458333333333333, 0.0, 0.0], "(1, 4, 3, 2, 0)": [0.7851666666666667, 0.0, 0.0, 0.0, 0.0], "(2, 0, 1, 3, 4)": [0.0, 0.0, 0.0, 0.0, 0.8835000000000001], "(2, 0, 1, 4, 3)": [0.0, 0.0, 0.0, 0.9133333333333334, 0.0], "(2, 0, 3, 1, 4)": [0.0, 0.0, 0.0, 0.0, 0.8881666666666667], "(2, 0, 3, 4, 1)": [0.0, 0.9011666666666667, 0.0, 0.0, 0.0], "(2, 0, 4, 1, 3)": [0.0, 0.0, 0.0, 0.9243333333333333, 0.0], "(2, 0, 4, 3, 1)": [0.0, 0.8931666666666667, 0.0, 0.0, 0.0], "(2, 1, 0, 3, 4)": [0.0, 0.0, 0.0, 0.0, 0.8905], "(2, 1, 0, 4, 3)": [0.0, 0.0, 0.0, 0.923, 0.0], "(2, 1, 3, 0, 4)": [0.0, 0.0, 0.0, 0.0, 0.8896666666666667], "(2, 1, 3, 4, 0)": [0.7866666666666666, 0.0, 0.0, 0.0, 0.0], "(2, 1, 4, 0, 3)": [0.0, 0.0, 0.0, 0.9186666666666666, 0.0], "(2, 1, 4, 3, 0)": [0.7913333333333333, 0.0, 0.0, 0.0, 0.0], "(2, 3, 0, 1, 4)": [0.0, 0.0, 0.0, 0.0, 0.8833333333333333], "(2, 3, 0, 4, 1)": [0.0, 0.9018333333333333, 0.0, 0.0, 0.0], "(2, 3, 1, 0, 4)": [0.0, 0.0, 0.0, 0.0, 0.883], "(2, 3, 1, 4, 0)": [0.794, 0.0, 0.0, 0.0, 0.0], "(2, 3, 4, 0, 1)": [0.0, 0.9029999999999999, 0.0, 0.0, 0.0], "(2, 3, 4, 1, 0)": [0.7953333333333333, 0.0, 0.0, 0.0, 0.0], "(2, 4, 0, 1, 3)": [0.0, 0.0, 0.0, 0.9218333333333333, 0.0], "(2, 4, 0, 3, 1)": [0.0, 0.904, 0.0, 0.0, 0.0], "(2, 4, 1, 0, 3)": [0.0, 0.0, 0.0, 0.9166666666666666, 0.0], "(2, 4, 1, 3, 0)": [0.7873333333333333, 0.0, 0.0, 0.0, 0.0], "(2, 4, 3, 0, 1)": [0.0, 0.8993333333333333, 0.0, 0.0, 0.0], "(2, 4, 3, 1, 0)": [0.7966666666666665, 0.0, 0.0, 0.0, 0.0], "(3, 0, 1, 2, 4)": [0.0, 0.0, 0.0, 0.0, 0.8853333333333332], "(3, 0, 1, 4, 2)": [0.0, 0.0, 0.8381666666666666, 0.0, 0.0], "(3, 0, 2, 1, 4)": [0.0, 0.0, 0.0, 0.0, 0.8843333333333333], "(3, 0, 2, 4, 1)": [0.0, 0.9088333333333334, 0.0, 0.0, 0.0], "(3, 0, 4, 1, 2)": [0.0, 0.0, 0.8325, 0.0, 0.0], "(3, 0, 4, 2, 1)": [0.0, 0.9119999999999999, 0.0, 0.0, 0.0], "(3, 1, 0, 2, 4)": [0.0, 0.0, 0.0, 0.0, 0.89], "(3, 1, 0, 4, 2)": [0.0, 0.0, 0.8424999999999999, 0.0, 0.0], "(3, 1, 2, 0, 4)": [0.0, 0.0, 0.0, 0.0, 0.8849999999999999], "(3, 1, 2, 4, 0)": [0.8006666666666667, 0.0, 0.0, 0.0, 0.0], "(3, 1, 4, 0, 2)": [0.0, 0.0, 0.8465000000000001, 0.0, 0.0], "(3, 1, 4, 2, 0)": [0.794, 0.0, 0.0, 0.0, 0.0], "(3, 2, 0, 1, 4)": [0.0, 0.0, 0.0, 0.0, 0.8865], "(3, 2, 0, 4, 1)": [0.0, 0.9003333333333333, 0.0, 0.0, 0.0], "(3, 2, 1, 0, 4)": [0.0, 0.0, 0.0, 0.0, 0.8803333333333333], "(3, 2, 1, 4, 0)": [0.8023333333333333, 0.0, 0.0, 0.0, 0.0], "(3, 2, 4, 0, 1)": [0.0, 0.9076666666666666, 0.0, 0.0, 0.0], "(3, 2, 4, 1, 0)": [0.7998333333333333, 0.0, 0.0, 0.0, 0.0], "(3, 4, 0, 1, 2)": [0.0, 0.0, 0.8341666666666666, 0.0, 0.0], "(3, 4, 0, 2, 1)": [0.0, 0.9035000000000001, 0.0, 0.0, 0.0], "(3, 4, 1, 0, 2)": [0.0, 0.0, 0.8428333333333332, 0.0, 0.0], "(3, 4, 1, 2, 0)": [0.7988333333333334, 0.0, 0.0, 0.0, 0.0], "(3, 4, 2, 0, 1)": [0.0, 0.9114999999999999, 0.0, 0.0, 0.0], "(3, 4, 2, 1, 0)": [0.7931666666666667, 0.0, 0.0, 0.0, 0.0], "(4, 0, 1, 2, 3)": [0.0, 0.0, 0.0, 0.9261666666666667, 0.0], "(4, 0, 1, 3, 2)": [0.0, 0.0, 0.8363333333333333, 0.0, 0.0], "(4, 0, 2, 1, 3)": [0.0, 0.0, 0.0, 0.9248333333333334, 0.0], "(4, 0, 2, 3, 1)": [0.0, 0.9078333333333334, 0.0, 0.0, 0.0], "(4, 0, 3, 1, 2)": [0.0, 0.0, 0.8446666666666666, 0.0, 0.0], "(4, 0, 3, 2, 1)": [0.0, 0.9055, 0.0, 0.0, 0.0], "(4, 1, 0, 2, 3)": [0.0, 0.0, 0.0, 0.9243333333333333, 0.0], "(4, 1, 0, 3, 2)": [0.0, 0.0, 0.843, 0.0, 0.0], "(4, 1, 2, 0, 3)": [0.0, 0.0, 0.0, 0.9188333333333333, 0.0], "(4, 1, 2, 3, 0)": [0.7941666666666668, 0.0, 0.0, 0.0, 0.0], "(4, 1, 3, 0, 2)": [0.0, 0.0, 0.843, 0.0, 0.0], "(4, 1, 3, 2, 0)": [0.7991666666666667, 0.0, 0.0, 0.0, 0.0], "(4, 2, 0, 1, 3)": [0.0, 0.0, 0.0, 0.9208333333333334, 0.0], "(4, 2, 0, 3, 1)": [0.0, 0.9063333333333333, 0.0, 0.0, 0.0], "(4, 2, 1, 0, 3)": [0.0, 0.0, 0.0, 0.93, 0.0], "(4, 2, 1, 3, 0)": [0.7918333333333334, 0.0, 0.0, 0.0, 0.0], "(4, 2, 3, 0, 1)": [0.0, 0.9063333333333333, 0.0, 0.0, 0.0], "(4, 2, 3, 1, 0)": [0.798, 0.0, 0.0, 0.0, 0.0], "(4, 3, 0, 1, 2)": [0.0, 0.0, 0.8395, 0.0, 0.0], "(4, 3, 0, 2, 1)": [0.0, 0.9111666666666668, 0.0, 0.0, 0.0], "(4, 3, 1, 0, 2)": [0.0, 0.0, 0.8466666666666667, 0.0, 0.0], "(4, 3, 1, 2, 0)": [0.7963333333333334, 0.0, 0.0, 0.0, 0.0], "(4, 3, 2, 0, 1)": [0.0, 0.9075000000000001, 0.0, 0.0, 0.0], "(4, 3, 2, 1, 0)": [0.7821666666666666, 0.0, 0.0, 0.0, 0.0]}