{"(0, 1, 2, 3, 4)": 0.0641172980070899, "(0, 1, 2, 4, 3)": 0.07434894975998085, "(0, 1, 3, 2, 4)": 0.06827767398565848, "(0, 1, 3, 4, 2)": 0.071527577562193, "(0, 1, 4, 2, 3)": 0.0700575384947418, "(0, 1, 4, 3, 2)": 0.09041043951751901, "(0, 2, 1, 3, 4)": 0.08777481439399507, "(0, 2, 1, 4, 3)": 0.0981184863047771, "(0, 2, 3, 1, 4)": 0.06994300245815227, "(0, 2, 3, 4, 1)": 0.09518097411960377, "(0, 2, 4, 1, 3)": 0.07453025225540882, "(0, 2, 4, 3, 1)": 0.07683308712434889, "(0, 3, 1, 2, 4)": 0.08022705103358121, "(0, 3, 1, 4, 2)": 0.07377087000061891, "(0, 3, 2, 1, 4)": 0.06679182025682975, "(0, 3, 2, 4, 1)": 0.08793181508019604, "(0, 3, 4, 1, 2)": 0.1097564326406304, "(0, 3, 4, 2, 1)": 0.10361414803494937, "(0, 4, 1, 2, 3)": 0.07661037139875326, "(0, 4, 1, 3, 2)": 0.08560270436694514, "(0, 4, 2, 1, 3)": 0.07094759658989824, "(0, 4, 2, 3, 1)": 0.11971063687914552, "(0, 4, 3, 1, 2)": 0.07701858329446587, "(0, 4, 3, 2, 1)": 0.09228260850066863, "(1, 0, 2, 3, 4)": 0.08233326524420678, "(1, 0, 2, 4, 3)": 0.06914247493949136, "(1, 0, 3, 2, 4)": 0.09106230369512935, "(1, 0, 3, 4, 2)": 0.11476107171810448, "(1, 0, 4, 2, 3)": 0.07526091416882891, "(1, 0, 4, 3, 2)": 0.08439422417926476, "(1, 2, 0, 3, 4)": 0.08193473929402362, "(1, 2, 0, 4, 3)": 0.056818218082790195, "(1, 2, 3, 0, 4)": 0.06236261243624913, "(1, 2, 3, 4, 0)": 0.07148333100427601, "(1, 2, 4, 0, 3)": 0.06488444980397057, "(1, 2, 4, 3, 0)": 0.06528992717724935, "(1, 3, 0, 2, 4)": 0.06708437002128825, "(1, 3, 0, 4, 2)": 0.12633853808352916, "(1, 3, 2, 0, 4)": 0.05980777519944108, "(1, 3, 2, 4, 0)": 0.07840474667594677, "(1, 3, 4, 0, 2)": 0.10715897395539231, "(1, 3, 4, 2, 0)": 0.0837385239726619, "(1, 4, 0, 2, 3)": 0.06771241888407556, "(1, 4, 0, 3, 2)": 0.17667755654262984, "(1, 4, 2, 0, 3)": 0.04881139292270839, "(1, 4, 2, 3, 0)": 0.06658193479340871, "(1, 4, 3, 0, 2)": 0.09122858064115313, "(1, 4, 3, 2, 0)": 0.09366139870791107, "(2, 0, 1, 3, 4)": 0.06811420902611756, "(2, 0, 1, 4, 3)": 0.09421424041569199, "(2, 0, 3, 1, 4)": 0.09472137091657198, "(2, 0, 3, 4, 1)": 0.12824883687272023, "(2, 0, 4, 1, 3)": 0.09105831853946053, "(2, 0, 4, 3, 1)": 0.1289756553178843, "(2, 1, 0, 3, 4)": 0.07016333323866297, "(2, 1, 0, 4, 3)": 0.07486517744612473, "(2, 1, 3, 0, 4)": 0.06857345103180543, "(2, 1, 3, 4, 0)": 0.06564127381959822, "(2, 1, 4, 0, 3)": 0.06877788236030116, "(2, 1, 4, 3, 0)": 0.06403975255128047, "(2, 3, 0, 1, 4)": 0.08246021130610412, "(2, 3, 0, 4, 1)": 0.13180884880804694, "(2, 3, 1, 0, 4)": 0.07037277374530432, "(2, 3, 1, 4, 0)": 0.07961565339308976, "(2, 3, 4, 0, 1)": 0.09020369390714636, "(2, 3, 4, 1, 0)": 0.0732881923288484, "(2, 4, 0, 1, 3)": 0.08150463385384196, "(2, 4, 0, 3, 1)": 0.11845694926576569, "(2, 4, 1, 0, 3)": 0.0769832381133024, "(2, 4, 1, 3, 0)": 0.05079830441266828, "(2, 4, 3, 0, 1)": 0.09590308578473286, "(2, 4, 3, 1, 0)": 0.07771564284989738, "(3, 0, 1, 2, 4)": 0.07152038730810328, "(3, 0, 1, 4, 2)": 0.11365819526215737, "(3, 0, 2, 1, 4)": 0.07021082446955174, "(3, 0, 2, 4, 1)": 0.11062937595886571, "(3, 0, 4, 1, 2)": 0.13595861822838848, "(3, 0, 4, 2, 1)": 0.1163896242301587, "(3, 1, 0, 2, 4)": 0.08900076367216464, "(3, 1, 0, 4, 2)": 0.09276683383989545, "(3, 1, 2, 0, 4)": 0.04848627978585604, "(3, 1, 2, 4, 0)": 0.07527830585096704, "(3, 1, 4, 0, 2)": 0.08999273000259073, "(3, 1, 4, 2, 0)": 0.08683727143379322, "(3, 2, 0, 1, 4)": 0.06989292538966074, "(3, 2, 0, 4, 1)": 0.08882245683011189, "(3, 2, 1, 0, 4)": 0.09183566772219912, "(3, 2, 1, 4, 0)": 0.06451420300216398, "(3, 2, 4, 0, 1)": 0.11230340412726297, "(3, 2, 4, 1, 0)": 0.09840529797584815, "(3, 4, 0, 1, 2)": 0.08592523476404709, "(3, 4, 0, 2, 1)": 0.10355433933424607, "(3, 4, 1, 0, 2)": 0.10403562594448346, "(3, 4, 1, 2, 0)": 0.07502047248931346, "(3, 4, 2, 0, 1)": 0.09950192191078772, "(3, 4, 2, 1, 0)": 0.08502937977553465, "(4, 0, 1, 2, 3)": 0.06394896240234302, "(4, 0, 1, 3, 2)": 0.09567685985451913, "(4, 0, 2, 1, 3)": -0.013438918774159925, "(4, 0, 2, 3, 1)": 0.0961690543793094, "(4, 0, 3, 1, 2)": 0.11264614893489888, "(4, 0, 3, 2, 1)": 0.10421272499458206, "(4, 1, 0, 2, 3)": 0.06845096022335134, "(4, 1, 0, 3, 2)": 0.11736301521889508, "(4, 1, 2, 0, 3)": 0.09076230953213393, "(4, 1, 2, 3, 0)": 0.07257792254545789, "(4, 1, 3, 0, 2)": 0.09480822102927128, "(4, 1, 3, 2, 0)": 0.07576870164191979, "(4, 2, 0, 1, 3)": 0.06851128470641332, "(4, 2, 0, 3, 1)": 0.08906557282947264, "(4, 2, 1, 0, 3)": 0.06224364219882797, "(4, 2, 1, 3, 0)": 0.05931503759568024, "(4, 2, 3, 0, 1)": 0.13131121476777433, "(4, 2, 3, 1, 0)": 0.06650453923991426, "(4, 3, 0, 1, 2)": 0.08285978335159591, "(4, 3, 0, 2, 1)": 0.10093433693566095, "(4, 3, 1, 0, 2)": 0.08456302014981876, "(4, 3, 1, 2, 0)": 0.08072609451452814, "(4, 3, 2, 0, 1)": 0.12574432174374311, "(4, 3, 2, 1, 0)": 0.05849902401849258}