{"(0, 1, 2, 3, 4)": 0.4358666666666666, "(0, 1, 2, 4, 3)": 0.4505333333333333, "(0, 1, 3, 2, 4)": 0.44226666666666664, "(0, 1, 3, 4, 2)": 0.4670666666666667, "(0, 1, 4, 2, 3)": 0.45933333333333337, "(0, 1, 4, 3, 2)": 0.48133333333333334, "(0, 2, 1, 3, 4)": 0.4292, "(0, 2, 1, 4, 3)": 0.4537333333333333, "(0, 2, 3, 1, 4)": 0.4376, "(0, 2, 3, 4, 1)": 0.4576, "(0, 2, 4, 1, 3)": 0.45880000000000004, "(0, 2, 4, 3, 1)": 0.4584, "(0, 3, 1, 2, 4)": 0.4386666666666666, "(0, 3, 1, 4, 2)": 0.4772, "(0, 3, 2, 1, 4)": 0.4405333333333333, "(0, 3, 2, 4, 1)": 0.4616, "(0, 3, 4, 1, 2)": 0.47413333333333335, "(0, 3, 4, 2, 1)": 0.46279999999999993, "(0, 4, 1, 2, 3)": 0.4621333333333333, "(0, 4, 1, 3, 2)": 0.48279999999999995, "(0, 4, 2, 1, 3)": 0.4554666666666667, "(0, 4, 2, 3, 1)": 0.45786666666666664, "(0, 4, 3, 1, 2)": 0.47280000000000005, "(0, 4, 3, 2, 1)": 0.46426666666666666, "(1, 0, 2, 3, 4)": 0.43920000000000003, "(1, 0, 2, 4, 3)": 0.44239999999999996, "(1, 0, 3, 2, 4)": 0.43320000000000003, "(1, 0, 3, 4, 2)": 0.47479999999999994, "(1, 0, 4, 2, 3)": 0.4621333333333333, "(1, 0, 4, 3, 2)": 0.4712, "(1, 2, 0, 3, 4)": 0.4385333333333334, "(1, 2, 0, 4, 3)": 0.44160000000000005, "(1, 2, 3, 0, 4)": 0.43733333333333335, "(1, 2, 3, 4, 0)": 0.4616, "(1, 2, 4, 0, 3)": 0.46799999999999997, "(1, 2, 4, 3, 0)": 0.4750666666666667, "(1, 3, 0, 2, 4)": 0.44680000000000003, "(1, 3, 0, 4, 2)": 0.47186666666666666, "(1, 3, 2, 0, 4)": 0.4388, "(1, 3, 2, 4, 0)": 0.4724, "(1, 3, 4, 0, 2)": 0.48786666666666667, "(1, 3, 4, 2, 0)": 0.47333333333333333, "(1, 4, 0, 2, 3)": 0.46826666666666666, "(1, 4, 0, 3, 2)": 0.4710666666666667, "(1, 4, 2, 0, 3)": 0.4664, "(1, 4, 2, 3, 0)": 0.4805333333333333, "(1, 4, 3, 0, 2)": 0.4852, "(1, 4, 3, 2, 0)": 0.47866666666666663, "(2, 0, 1, 3, 4)": 0.4306666666666667, "(2, 0, 1, 4, 3)": 0.45199999999999996, "(2, 0, 3, 1, 4)": 0.4428, "(2, 0, 3, 4, 1)": 0.4545333333333333, "(2, 0, 4, 1, 3)": 0.4570666666666667, "(2, 0, 4, 3, 1)": 0.45520000000000005, "(2, 1, 0, 3, 4)": 0.4309333333333334, "(2, 1, 0, 4, 3)": 0.4390666666666667, "(2, 1, 3, 0, 4)": 0.4397333333333333, "(2, 1, 3, 4, 0)": 0.48133333333333334, "(2, 1, 4, 0, 3)": 0.4506666666666666, "(2, 1, 4, 3, 0)": 0.4634666666666667, "(2, 3, 0, 1, 4)": 0.46573333333333333, "(2, 3, 0, 4, 1)": 0.4896, "(2, 3, 1, 0, 4)": 0.47173333333333334, "(2, 3, 1, 4, 0)": 0.4753333333333334, "(2, 3, 4, 0, 1)": 0.4865333333333333, "(2, 3, 4, 1, 0)": 0.4805333333333333, "(2, 4, 0, 1, 3)": 0.47333333333333333, "(2, 4, 0, 3, 1)": 0.4785333333333333, "(2, 4, 1, 0, 3)": 0.46573333333333333, "(2, 4, 1, 3, 0)": 0.4790666666666667, "(2, 4, 3, 0, 1)": 0.49573333333333336, "(2, 4, 3, 1, 0)": 0.4832, "(3, 0, 1, 2, 4)": 0.45133333333333336, "(3, 0, 1, 4, 2)": 0.47266666666666673, "(3, 0, 2, 1, 4)": 0.4477333333333333, "(3, 0, 2, 4, 1)": 0.45893333333333336, "(3, 0, 4, 1, 2)": 0.4766666666666666, "(3, 0, 4, 2, 1)": 0.4804, "(3, 1, 0, 2, 4)": 0.4505333333333333, "(3, 1, 0, 4, 2)": 0.46973333333333334, "(3, 1, 2, 0, 4)": 0.4428, "(3, 1, 2, 4, 0)": 0.46493333333333337, "(3, 1, 4, 0, 2)": 0.4769333333333334, "(3, 1, 4, 2, 0)": 0.47293333333333337, "(3, 2, 0, 1, 4)": 0.4416, "(3, 2, 0, 4, 1)": 0.46480000000000005, "(3, 2, 1, 0, 4)": 0.4494666666666667, "(3, 2, 1, 4, 0)": 0.4656, "(3, 2, 4, 0, 1)": 0.4792, "(3, 2, 4, 1, 0)": 0.478, "(3, 4, 0, 1, 2)": 0.49160000000000004, "(3, 4, 0, 2, 1)": 0.48866666666666664, "(3, 4, 1, 0, 2)": 0.48679999999999995, "(3, 4, 1, 2, 0)": 0.49146666666666666, "(3, 4, 2, 0, 1)": 0.4829333333333334, "(3, 4, 2, 1, 0)": 0.4932, "(4, 0, 1, 2, 3)": 0.4752, "(4, 0, 1, 3, 2)": 0.4756, "(4, 0, 2, 1, 3)": 0.4730666666666667, "(4, 0, 2, 3, 1)": 0.46893333333333337, "(4, 0, 3, 1, 2)": 0.47813333333333335, "(4, 0, 3, 2, 1)": 0.48133333333333334, "(4, 1, 0, 2, 3)": 0.47333333333333333, "(4, 1, 0, 3, 2)": 0.47800000000000004, "(4, 1, 2, 0, 3)": 0.4696, "(4, 1, 2, 3, 0)": 0.47773333333333334, "(4, 1, 3, 0, 2)": 0.48266666666666663, "(4, 1, 3, 2, 0)": 0.48373333333333335, "(4, 2, 0, 1, 3)": 0.46586666666666665, "(4, 2, 0, 3, 1)": 0.4805333333333333, "(4, 2, 1, 0, 3)": 0.4584, "(4, 2, 1, 3, 0)": 0.4713333333333333, "(4, 2, 3, 0, 1)": 0.47426666666666667, "(4, 2, 3, 1, 0)": 0.4810666666666667, "(4, 3, 0, 1, 2)": 0.4869333333333334, "(4, 3, 0, 2, 1)": 0.47786666666666666, "(4, 3, 1, 0, 2)": 0.49, "(4, 3, 1, 2, 0)": 0.4869333333333333, "(4, 3, 2, 0, 1)": 0.48386666666666667, "(4, 3, 2, 1, 0)": 0.488}