{"(0, 1, 2, 3, 4)": 0.4135333333333333, "(0, 1, 2, 4, 3)": 0.41386666666666666, "(0, 1, 3, 2, 4)": 0.40006666666666674, "(0, 1, 3, 4, 2)": 0.4157, "(0, 1, 4, 2, 3)": 0.4184333333333334, "(0, 1, 4, 3, 2)": 0.42133333333333334, "(0, 2, 1, 3, 4)": 0.40296666666666664, "(0, 2, 1, 4, 3)": 0.4154, "(0, 2, 3, 1, 4)": 0.40513333333333335, "(0, 2, 3, 4, 1)": 0.4012666666666667, "(0, 2, 4, 1, 3)": 0.42086666666666667, "(0, 2, 4, 3, 1)": 0.41979999999999995, "(0, 3, 1, 2, 4)": 0.40409999999999996, "(0, 3, 1, 4, 2)": 0.4079, "(0, 3, 2, 1, 4)": 0.4091, "(0, 3, 2, 4, 1)": 0.3961666666666666, "(0, 3, 4, 1, 2)": 0.40186666666666665, "(0, 3, 4, 2, 1)": 0.40633333333333327, "(0, 4, 1, 2, 3)": 0.4248333333333334, "(0, 4, 1, 3, 2)": 0.4115, "(0, 4, 2, 1, 3)": 0.41619999999999996, "(0, 4, 2, 3, 1)": 0.4155, "(0, 4, 3, 1, 2)": 0.41683333333333333, "(0, 4, 3, 2, 1)": 0.3990666666666667, "(1, 0, 2, 3, 4)": 0.39736666666666665, "(1, 0, 2, 4, 3)": 0.4034, "(1, 0, 3, 2, 4)": 0.4078333333333333, "(1, 0, 3, 4, 2)": 0.3964666666666667, "(1, 0, 4, 2, 3)": 0.4202333333333333, "(1, 0, 4, 3, 2)": 0.42346666666666666, "(1, 2, 0, 3, 4)": 0.3998, "(1, 2, 0, 4, 3)": 0.36883333333333335, "(1, 2, 3, 0, 4)": 0.3901666666666667, "(1, 2, 3, 4, 0)": 0.40946666666666665, "(1, 2, 4, 0, 3)": 0.40123333333333333, "(1, 2, 4, 3, 0)": 0.3905666666666667, "(1, 3, 0, 2, 4)": 0.3925666666666667, "(1, 3, 0, 4, 2)": 0.4028666666666667, "(1, 3, 2, 0, 4)": 0.41033333333333327, "(1, 3, 2, 4, 0)": 0.3947, "(1, 3, 4, 0, 2)": 0.3933, "(1, 3, 4, 2, 0)": 0.39299999999999996, "(1, 4, 0, 2, 3)": 0.41480000000000006, "(1, 4, 0, 3, 2)": 0.41386666666666666, "(1, 4, 2, 0, 3)": 0.4000333333333333, "(1, 4, 2, 3, 0)": 0.40240000000000004, "(1, 4, 3, 0, 2)": 0.4163333333333334, "(1, 4, 3, 2, 0)": 0.4039333333333333, "(2, 0, 1, 3, 4)": 0.39749999999999996, "(2, 0, 1, 4, 3)": 0.40693333333333337, "(2, 0, 3, 1, 4)": 0.40146666666666664, "(2, 0, 3, 4, 1)": 0.39653333333333335, "(2, 0, 4, 1, 3)": 0.40850000000000003, "(2, 0, 4, 3, 1)": 0.4223333333333333, "(2, 1, 0, 3, 4)": 0.4096333333333333, "(2, 1, 0, 4, 3)": 0.3957, "(2, 1, 3, 0, 4)": 0.4152, "(2, 1, 3, 4, 0)": 0.38556666666666667, "(2, 1, 4, 0, 3)": 0.4201333333333333, "(2, 1, 4, 3, 0)": 0.3853333333333333, "(2, 3, 0, 1, 4)": 0.4162333333333333, "(2, 3, 0, 4, 1)": 0.3894, "(2, 3, 1, 0, 4)": 0.39640000000000003, "(2, 3, 1, 4, 0)": 0.4047666666666667, "(2, 3, 4, 0, 1)": 0.4024666666666666, "(2, 3, 4, 1, 0)": 0.375, "(2, 4, 0, 1, 3)": 0.41053333333333336, "(2, 4, 0, 3, 1)": 0.41409999999999997, "(2, 4, 1, 0, 3)": 0.4039333333333333, "(2, 4, 1, 3, 0)": 0.3934333333333333, "(2, 4, 3, 0, 1)": 0.3852333333333333, "(2, 4, 3, 1, 0)": 0.3992, "(3, 0, 1, 2, 4)": 0.4033666666666667, "(3, 0, 1, 4, 2)": 0.4111666666666667, "(3, 0, 2, 1, 4)": 0.4011, "(3, 0, 2, 4, 1)": 0.39976666666666666, "(3, 0, 4, 1, 2)": 0.41250000000000003, "(3, 0, 4, 2, 1)": 0.4035, "(3, 1, 0, 2, 4)": 0.38556666666666667, "(3, 1, 0, 4, 2)": 0.4011, "(3, 1, 2, 0, 4)": 0.4154, "(3, 1, 2, 4, 0)": 0.39786666666666665, "(3, 1, 4, 0, 2)": 0.3941666666666667, "(3, 1, 4, 2, 0)": 0.41250000000000003, "(3, 2, 0, 1, 4)": 0.39559999999999995, "(3, 2, 0, 4, 1)": 0.3883666666666667, "(3, 2, 1, 0, 4)": 0.3941333333333333, "(3, 2, 1, 4, 0)": 0.4192, "(3, 2, 4, 0, 1)": 0.38693333333333335, "(3, 2, 4, 1, 0)": 0.3999, "(3, 4, 0, 1, 2)": 0.4195, "(3, 4, 0, 2, 1)": 0.3998, "(3, 4, 1, 0, 2)": 0.38823333333333326, "(3, 4, 1, 2, 0)": 0.4196, "(3, 4, 2, 0, 1)": 0.39586666666666664, "(3, 4, 2, 1, 0)": 0.39376666666666665, "(4, 0, 1, 2, 3)": 0.4090666666666667, "(4, 0, 1, 3, 2)": 0.42573333333333335, "(4, 0, 2, 1, 3)": 0.4191333333333333, "(4, 0, 2, 3, 1)": 0.3991, "(4, 0, 3, 1, 2)": 0.4021333333333333, "(4, 0, 3, 2, 1)": 0.40409999999999996, "(4, 1, 0, 2, 3)": 0.4203666666666667, "(4, 1, 0, 3, 2)": 0.4308, "(4, 1, 2, 0, 3)": 0.4219, "(4, 1, 2, 3, 0)": 0.39629999999999993, "(4, 1, 3, 0, 2)": 0.40253333333333335, "(4, 1, 3, 2, 0)": 0.41630000000000006, "(4, 2, 0, 1, 3)": 0.4247, "(4, 2, 0, 3, 1)": 0.3913, "(4, 2, 1, 0, 3)": 0.42473333333333335, "(4, 2, 1, 3, 0)": 0.4024666666666666, "(4, 2, 3, 0, 1)": 0.41986666666666667, "(4, 2, 3, 1, 0)": 0.39893333333333336, "(4, 3, 0, 1, 2)": 0.4127, "(4, 3, 0, 2, 1)": 0.39480000000000004, "(4, 3, 1, 0, 2)": 0.40199999999999997, "(4, 3, 1, 2, 0)": 0.39976666666666666, "(4, 3, 2, 0, 1)": 0.38986666666666664, "(4, 3, 2, 1, 0)": 0.4099}