{"(0, 1, 2, 3, 4)": 0.005985224863500711, "(0, 1, 2, 4, 3)": 0.0050135233784901236, "(0, 1, 3, 2, 4)": 0.0032425127430572953, "(0, 1, 3, 4, 2)": 0.0015822364621707013, "(0, 1, 4, 2, 3)": 0.005023210018393532, "(0, 1, 4, 3, 2)": 0.003370109625648568, "(0, 2, 1, 3, 4)": 0.0006795627679291886, "(0, 2, 1, 4, 3)": 0.008016476089210897, "(0, 2, 3, 1, 4)": 0.0020488818088573724, "(0, 2, 3, 4, 1)": 0.004044457799123233, "(0, 2, 4, 1, 3)": 0.0016863421954039757, "(0, 2, 4, 3, 1)": 0.0038581623432233847, "(0, 3, 1, 2, 4)": 0.005270792160576943, "(0, 3, 1, 4, 2)": 0.0029703394867702506, "(0, 3, 2, 1, 4)": 0.0036841439530326124, "(0, 3, 2, 4, 1)": 0.001969383716349402, "(0, 3, 4, 1, 2)": 0.0040786537811717425, "(0, 3, 4, 2, 1)": 0.0011242281302693174, "(0, 4, 1, 2, 3)": 0.006026273493812065, "(0, 4, 1, 3, 2)": 0.003394746758678134, "(0, 4, 2, 1, 3)": 0.0014469796128487658, "(0, 4, 2, 3, 1)": 0.0027048053945195895, "(0, 4, 3, 1, 2)": 0.005078549661730809, "(0, 4, 3, 2, 1)": 0.0057783119411199246, "(1, 0, 2, 3, 4)": 0.0043652669512362265, "(1, 0, 2, 4, 3)": 0.00386535538110306, "(1, 0, 3, 2, 4)": 0.001535460481057323, "(1, 0, 3, 4, 2)": 0.003425293985760743, "(1, 0, 4, 2, 3)": 0.0021945323470440015, "(1, 0, 4, 3, 2)": 0.0034565758586593788, "(1, 2, 0, 3, 4)": 0.008255259266404424, "(1, 2, 0, 4, 3)": 0.0020974521581089375, "(1, 2, 3, 0, 4)": 0.009588947630823082, "(1, 2, 3, 4, 0)": 0.005162296538901553, "(1, 2, 4, 0, 3)": 0.0027048053945196225, "(1, 2, 4, 3, 0)": 0.0006692657668420306, "(1, 3, 0, 2, 4)": 0.0008312473893024345, "(1, 3, 0, 4, 2)": 0.007113172444291083, "(1, 3, 2, 0, 4)": 0.0028068616321832007, "(1, 3, 2, 4, 0)": 0.0030178864937053127, "(1, 3, 4, 0, 2)": 0.004912074126295597, "(1, 3, 4, 2, 0)": 0.003038525775584054, "(1, 4, 0, 2, 3)": 0.005185449728701379, "(1, 4, 0, 3, 2)": 0.003527176239178047, "(1, 4, 2, 0, 3)": 0.0061779176642835845, "(1, 4, 2, 3, 0)": 0.0036647722378826604, "(1, 4, 3, 0, 2)": 0.00428052761545424, "(1, 4, 3, 2, 0)": 0.0025624153102535973, "(2, 0, 1, 3, 4)": 0.0016148185312563272, "(2, 0, 1, 4, 3)": 0.007083088231053515, "(2, 0, 3, 1, 4)": 0.005435224619706723, "(2, 0, 3, 4, 1)": 0.0063552253216458575, "(2, 0, 4, 1, 3)": 0.002298097038856232, "(2, 0, 4, 3, 1)": 0.0020674393716758293, "(2, 1, 0, 3, 4)": 0.004770059980987891, "(2, 1, 0, 4, 3)": 0.004430011286667349, "(2, 1, 3, 0, 4)": 0.005831249627843246, "(2, 1, 3, 4, 0)": 0.005286578918985935, "(2, 1, 4, 0, 3)": 0.0031363682110931742, "(2, 1, 4, 3, 0)": 0.0023340772623601795, "(2, 3, 0, 1, 4)": 0.0019391793797033051, "(2, 3, 0, 4, 1)": 0.004732790461826482, "(2, 3, 1, 0, 4)": 0.007971520487892425, "(2, 3, 1, 4, 0)": 0.004308824923598372, "(2, 3, 4, 0, 1)": 0.0007359800721939439, "(2, 3, 4, 1, 0)": 0.0008498365855987909, "(2, 4, 0, 1, 3)": 0.004585984081961007, "(2, 4, 0, 3, 1)": 0.004750365483015136, "(2, 4, 1, 0, 3)": 0.006770288439612865, "(2, 4, 1, 3, 0)": 0.002986660156242903, "(2, 4, 3, 0, 1)": 0.0006373774391991077, "(2, 4, 3, 1, 0)": 0.00791249890293131, "(3, 0, 1, 2, 4)": 0.001393187791441709, "(3, 0, 1, 4, 2)": 0.005439375474772374, "(3, 0, 2, 1, 4)": 0.005845522978219183, "(3, 0, 2, 4, 1)": 0.0007795119555778483, "(3, 0, 4, 1, 2)": 0.005692038787249766, "(3, 0, 4, 2, 1)": 0.0016996731711975965, "(3, 1, 0, 2, 4)": 0.0012596847048192657, "(3, 1, 0, 4, 2)": 0.0004124789556921596, "(3, 1, 2, 0, 4)": 0.003124722209875443, "(3, 1, 2, 4, 0)": 0.00548102788413514, "(3, 1, 4, 0, 2)": 0.005594205831830708, "(3, 1, 4, 2, 0)": 0.0063936274697719035, "(3, 2, 0, 1, 4)": 0.00428660704987062, "(3, 2, 0, 4, 1)": 0.0054067216396712, "(3, 2, 1, 0, 4)": 0.006029729586713563, "(3, 2, 1, 4, 0)": 0.0029971050847257433, "(3, 2, 4, 0, 1)": 0.0011471583248280736, "(3, 2, 4, 1, 0)": 0.0014872140247978458, "(3, 4, 0, 1, 2)": 0.0013320306135954473, "(3, 4, 0, 2, 1)": 0.0065104083333279595, "(3, 4, 1, 0, 2)": 0.002413072039261745, "(3, 4, 1, 2, 0)": 0.002650340648964831, "(3, 4, 2, 0, 1)": 0.006832316997589879, "(3, 4, 2, 1, 0)": 0.004218016911614601, "(4, 0, 1, 2, 3)": 0.0074122177667835755, "(4, 0, 1, 3, 2)": 0.004147037094922909, "(4, 0, 2, 1, 3)": 0.003617569011858063, "(4, 0, 2, 3, 1)": 0.0016593589793116959, "(4, 0, 3, 1, 2)": 0.006725521458510769, "(4, 0, 3, 2, 1)": 0.005728522691080273, "(4, 1, 0, 2, 3)": 0.007094843589224187, "(4, 1, 0, 3, 2)": 0.003846444967614768, "(4, 1, 2, 0, 3)": 0.008874706567919116, "(4, 1, 2, 3, 0)": 0.008188109604108174, "(4, 1, 3, 0, 2)": 0.0017569307201923045, "(4, 1, 3, 2, 0)": 0.0024769773246170177, "(4, 2, 0, 1, 3)": 0.008691470915021588, "(4, 2, 0, 3, 1)": 0.0047217728544359855, "(4, 2, 1, 0, 3)": 0.0036113247800034338, "(4, 2, 1, 3, 0)": 0.0017390530628924393, "(4, 2, 3, 0, 1)": 0.005176066717756524, "(4, 2, 3, 1, 0)": 0.0017707107800730218, "(4, 3, 0, 1, 2)": 0.0012541597452743402, "(4, 3, 0, 2, 1)": 0.007217118923473182, "(4, 3, 1, 0, 2)": 0.0042724082462028724, "(4, 3, 1, 2, 0)": 0.004805956951765375, "(4, 3, 2, 0, 1)": 0.002256933760658457, "(4, 3, 2, 1, 0)": 0.005351207028948378}