{"(0, 1, 2, 3, 4)": 0.03600380959781281, "(0, 1, 2, 4, 3)": 0.029866427175379063, "(0, 1, 3, 2, 4)": 0.03973313758341042, "(0, 1, 3, 4, 2)": 0.03283439084591373, "(0, 1, 4, 2, 3)": 0.014647359451071327, "(0, 1, 4, 3, 2)": 0.02036958857927398, "(0, 2, 1, 3, 4)": 0.03649733628027606, "(0, 2, 1, 4, 3)": 0.05339030160577437, "(0, 2, 3, 1, 4)": 0.018921530211786677, "(0, 2, 3, 4, 1)": 0.009840569371512788, "(0, 2, 4, 1, 3)": 0.027862945824158648, "(0, 2, 4, 3, 1)": 0.03368790584171121, "(0, 3, 1, 2, 4)": 0.03498367674914815, "(0, 3, 1, 4, 2)": 0.02733720755063813, "(0, 3, 2, 1, 4)": 0.023878453793232828, "(0, 3, 2, 4, 1)": 0.032766588250160454, "(0, 3, 4, 1, 2)": 0.03413367309401213, "(0, 3, 4, 2, 1)": 0.03062565192049884, "(0, 4, 1, 2, 3)": 0.024062490981239294, "(0, 4, 1, 3, 2)": 0.03345581663428148, "(0, 4, 2, 1, 3)": 0.05008766620192597, "(0, 4, 2, 3, 1)": 0.029460837941617055, "(0, 4, 3, 1, 2)": 0.044007851256590805, "(0, 4, 3, 2, 1)": 0.0009912814377808698, "(1, 0, 2, 3, 4)": 0.013746337896165455, "(1, 0, 2, 4, 3)": 0.018916024218165448, "(1, 0, 3, 2, 4)": 0.03889743457693149, "(1, 0, 3, 4, 2)": 0.03397900699942044, "(1, 0, 4, 2, 3)": 0.03269317589344907, "(1, 0, 4, 3, 2)": 0.02649613441407803, "(1, 2, 0, 3, 4)": 0.016842819109506465, "(1, 2, 0, 4, 3)": 0.01669487196716407, "(1, 2, 3, 0, 4)": 0.027295514995853958, "(1, 2, 3, 4, 0)": 0.03961130590570776, "(1, 2, 4, 0, 3)": 0.011735511161522622, "(1, 2, 4, 3, 0)": 0.06081498010815719, "(1, 3, 0, 2, 4)": 0.034081754242148724, "(1, 3, 0, 4, 2)": 0.0348622288444098, "(1, 3, 2, 0, 4)": 0.048841189641076095, "(1, 3, 2, 4, 0)": 0.031190999859289918, "(1, 3, 4, 0, 2)": 0.022759231948571733, "(1, 3, 4, 2, 0)": 0.026491023112661275, "(1, 4, 0, 2, 3)": 0.05742389286892889, "(1, 4, 0, 3, 2)": 0.02138251167556224, "(1, 4, 2, 0, 3)": 0.007059518790651072, "(1, 4, 2, 3, 0)": 0.025356280725339478, "(1, 4, 3, 0, 2)": 0.03929327939426228, "(1, 4, 3, 2, 0)": 0.03477741724165269, "(2, 0, 1, 3, 4)": 0.07247818158284296, "(2, 0, 1, 4, 3)": 0.006828504391316017, "(2, 0, 3, 1, 4)": 0.02348669836311607, "(2, 0, 3, 4, 1)": 0.013414466693337712, "(2, 0, 4, 1, 3)": 0.041427815400873924, "(2, 0, 4, 3, 1)": 0.045289040862246395, "(2, 1, 0, 3, 4)": 0.009766190261418332, "(2, 1, 0, 4, 3)": 0.008577465631914034, "(2, 1, 3, 0, 4)": 0.055752927177762514, "(2, 1, 3, 4, 0)": 0.030591620130719154, "(2, 1, 4, 0, 3)": 0.06278841785446315, "(2, 1, 4, 3, 0)": 0.015541052266676007, "(2, 3, 0, 1, 4)": 0.028756400253779242, "(2, 3, 0, 4, 1)": 0.04440099004151444, "(2, 3, 1, 0, 4)": 0.05540103162898278, "(2, 3, 1, 4, 0)": 0.04177332182944834, "(2, 3, 4, 0, 1)": 0.023298858460352845, "(2, 3, 4, 1, 0)": 0.02660950905639224, "(2, 4, 0, 1, 3)": 0.01870188270379929, "(2, 4, 0, 3, 1)": 0.04276766204349576, "(2, 4, 1, 0, 3)": 0.06914706047419672, "(2, 4, 1, 3, 0)": 0.043240967264851944, "(2, 4, 3, 0, 1)": 0.039804906174434745, "(2, 4, 3, 1, 0)": 0.024109991013409084, "(3, 0, 1, 2, 4)": 0.037386123391202536, "(3, 0, 1, 4, 2)": 0.02671278564033838, "(3, 0, 2, 1, 4)": 0.03954392775410941, "(3, 0, 2, 4, 1)": 0.056040535924156455, "(3, 0, 4, 1, 2)": 0.07504785510296454, "(3, 0, 4, 2, 1)": 0.011234711834310653, "(3, 1, 0, 2, 4)": 0.04768432802178184, "(3, 1, 0, 4, 2)": 0.017626428232124108, "(3, 1, 2, 0, 4)": 0.054321988846343094, "(3, 1, 2, 4, 0)": 0.07276333879243191, "(3, 1, 4, 0, 2)": 0.02224539590317262, "(3, 1, 4, 2, 0)": 0.04028651725108813, "(3, 2, 0, 1, 4)": 0.019192102687187643, "(3, 2, 0, 4, 1)": 0.033850519034261325, "(3, 2, 1, 0, 4)": 0.05918670435344601, "(3, 2, 1, 4, 0)": 0.03583047469217602, "(3, 2, 4, 0, 1)": 0.02337823061454111, "(3, 2, 4, 1, 0)": 0.038962232425203226, "(3, 4, 0, 1, 2)": 0.02148748020489034, "(3, 4, 0, 2, 1)": 0.03725396138518544, "(3, 4, 1, 0, 2)": 0.03536697494367685, "(3, 4, 1, 2, 0)": 0.03387113036528633, "(3, 4, 2, 0, 1)": 0.04590948219655234, "(3, 4, 2, 1, 0)": 0.00947089840863402, "(4, 0, 1, 2, 3)": 0.03952983226487169, "(4, 0, 1, 3, 2)": 0.0909271877505415, "(4, 0, 2, 1, 3)": 0.04494862035949735, "(4, 0, 2, 3, 1)": 0.04372169719436283, "(4, 0, 3, 1, 2)": 0.06888645549017598, "(4, 0, 3, 2, 1)": 0.00942588044811849, "(4, 1, 0, 2, 3)": 0.04335804583798592, "(4, 1, 0, 3, 2)": 0.020205798810132597, "(4, 1, 2, 0, 3)": 0.051963261594664696, "(4, 1, 2, 3, 0)": 0.035098868294512774, "(4, 1, 3, 0, 2)": 0.02757137202889178, "(4, 1, 3, 2, 0)": 0.02939606218904534, "(4, 2, 0, 1, 3)": 0.021553309232897118, "(4, 2, 0, 3, 1)": 0.04377297016043878, "(4, 2, 1, 0, 3)": 0.016809905314030385, "(4, 2, 1, 3, 0)": 0.027780576247923076, "(4, 2, 3, 0, 1)": 0.044481074315063755, "(4, 2, 3, 1, 0)": 0.008207169968319687, "(4, 3, 0, 1, 2)": 0.029952045005308046, "(4, 3, 0, 2, 1)": 0.03579557118788115, "(4, 3, 1, 0, 2)": 0.019596006537614258, "(4, 3, 1, 2, 0)": 0.04676373832599594, "(4, 3, 2, 0, 1)": 0.04501693354234106, "(4, 3, 2, 1, 0)": 0.05016808552810797}