{"(0, 1, 2, 3, 4)": 0.03227227912620986, "(0, 1, 2, 4, 3)": 0.04517804284777676, "(0, 1, 3, 2, 4)": 0.02956443058060744, "(0, 1, 3, 4, 2)": 0.06647932009279281, "(0, 1, 4, 2, 3)": 0.048421758194706926, "(0, 1, 4, 3, 2)": 0.05405552700695829, "(0, 2, 1, 3, 4)": 0.011047875612784369, "(0, 2, 1, 4, 3)": 0.026926855656677694, "(0, 2, 3, 1, 4)": 0.008259674462242553, "(0, 2, 3, 4, 1)": 0.0344222150491349, "(0, 2, 4, 1, 3)": 0.019106427074561987, "(0, 2, 4, 3, 1)": 0.018624953392931982, "(0, 3, 1, 2, 4)": 0.012057731498457281, "(0, 3, 1, 4, 2)": 0.02863952203201411, "(0, 3, 2, 1, 4)": 0.035138614403846684, "(0, 3, 2, 4, 1)": 0.028018842866106276, "(0, 3, 4, 1, 2)": 0.01128666863555803, "(0, 3, 4, 2, 1)": 0.004288226776756195, "(0, 4, 1, 2, 3)": 0.01653783540854122, "(0, 4, 1, 3, 2)": 0.006141841924229426, "(0, 4, 2, 1, 3)": 0.02281933877705974, "(0, 4, 2, 3, 1)": 0.016483998975437418, "(0, 4, 3, 1, 2)": 0.013318742016004704, "(0, 4, 3, 2, 1)": 0.008640987597877138, "(1, 0, 2, 3, 4)": 0.062154377695112256, "(1, 0, 2, 4, 3)": 0.07199575604776222, "(1, 0, 3, 2, 4)": 0.03559728454063126, "(1, 0, 3, 4, 2)": 0.01817965896269784, "(1, 0, 4, 2, 3)": 0.03614861300551133, "(1, 0, 4, 3, 2)": 0.012154103102336366, "(1, 2, 0, 3, 4)": 0.027557011610276048, "(1, 2, 0, 4, 3)": 0.011286668635558003, "(1, 2, 3, 0, 4)": 0.030684777260973465, "(1, 2, 3, 4, 0)": 0.0400527430049706, "(1, 2, 4, 0, 3)": 0.008663460945578034, "(1, 2, 4, 3, 0)": 0.029081303654104346, "(1, 3, 0, 2, 4)": 0.08038069143491834, "(1, 3, 0, 4, 2)": 0.09004659287773684, "(1, 3, 2, 0, 4)": 0.011182824131477502, "(1, 3, 2, 4, 0)": 0.02421087909735346, "(1, 3, 4, 0, 2)": 0.017561004780162467, "(1, 3, 4, 2, 0)": 0.020619569992283215, "(1, 4, 0, 2, 3)": 0.06319414529843725, "(1, 4, 0, 3, 2)": 0.07098630540854735, "(1, 4, 2, 0, 3)": 0.04788237903678369, "(1, 4, 2, 3, 0)": 0.022274798914169048, "(1, 4, 3, 0, 2)": 0.020054093513960345, "(1, 4, 3, 2, 0)": 0.010217088082662721, "(2, 0, 1, 3, 4)": 0.010849987199173208, "(2, 0, 1, 4, 3)": 0.03146691384083712, "(2, 0, 3, 1, 4)": 0.007597514213360973, "(2, 0, 3, 4, 1)": 0.01513458144632867, "(2, 0, 4, 1, 3)": 0.0069081272586875506, "(2, 0, 4, 3, 1)": 0.01662494778605003, "(2, 1, 0, 3, 4)": 0.01853075521636633, "(2, 1, 0, 4, 3)": 0.037857187780746045, "(2, 1, 3, 0, 4)": 0.005169354139756946, "(2, 1, 3, 4, 0)": 0.008860022573334672, "(2, 1, 4, 0, 3)": 0.01556170513364992, "(2, 1, 4, 3, 0)": 0.007363574011458181, "(2, 3, 0, 1, 4)": 0.0020138409955990973, "(2, 3, 0, 4, 1)": 0.011923366415013292, "(2, 3, 1, 0, 4)": 0.008602325267042587, "(2, 3, 1, 4, 0)": 0.010378931651293515, "(2, 3, 4, 0, 1)": 0.013676825492619081, "(2, 3, 4, 1, 0)": 0.017099382704907493, "(2, 4, 0, 1, 3)": 0.004546060565661956, "(2, 4, 0, 3, 1)": 0.01063798226482195, "(2, 4, 1, 0, 3)": 0.006276056794587571, "(2, 4, 1, 3, 0)": 0.008468897343941675, "(2, 4, 3, 0, 1)": 0.001699673171197571, "(2, 4, 3, 1, 0)": 0.008816020770292149, "(3, 0, 1, 2, 4)": 0.013822284744410229, "(3, 0, 1, 4, 2)": 0.053088500533438415, "(3, 0, 2, 1, 4)": 0.04812656923848475, "(3, 0, 2, 4, 1)": 0.024903145718295657, "(3, 0, 4, 1, 2)": 0.05524088662897762, "(3, 0, 4, 2, 1)": 0.01214038256764954, "(3, 1, 0, 2, 4)": 0.05309948733797305, "(3, 1, 0, 4, 2)": 0.00271825107171669, "(3, 1, 2, 0, 4)": 0.004966554808583758, "(3, 1, 2, 4, 0)": 0.012263314759431453, "(3, 1, 4, 0, 2)": 0.03405958830572613, "(3, 1, 4, 2, 0)": 0.02184160148788443, "(3, 2, 0, 1, 4)": 0.041834993326958544, "(3, 2, 0, 4, 1)": 0.03741657386773942, "(3, 2, 1, 0, 4)": 0.06258372170318909, "(3, 2, 1, 4, 0)": 0.05287458957024842, "(3, 2, 4, 0, 1)": 0.0625619692784682, "(3, 2, 4, 1, 0)": 0.03795025984393547, "(3, 4, 0, 1, 2)": 0.027719828442630903, "(3, 4, 0, 2, 1)": 0.05311988537470899, "(3, 4, 1, 0, 2)": 0.14250672498751302, "(3, 4, 1, 2, 0)": 0.015769168230019833, "(3, 4, 2, 0, 1)": 0.09520533365077587, "(3, 4, 2, 1, 0)": 0.07204204019567707, "(4, 0, 1, 2, 3)": 0.028373500939354583, "(4, 0, 1, 3, 2)": 0.009104333522498434, "(4, 0, 2, 1, 3)": 0.023843238035132722, "(4, 0, 2, 3, 1)": 0.018683028543455008, "(4, 0, 3, 1, 2)": 0.01715776468217493, "(4, 0, 3, 2, 1)": 0.025746628689770044, "(4, 1, 0, 2, 3)": 0.0020949675149960468, "(4, 1, 0, 3, 2)": 0.08369919686326477, "(4, 1, 2, 0, 3)": 0.03965055695279282, "(4, 1, 2, 3, 0)": 0.02102775943049253, "(4, 1, 3, 0, 2)": 0.03549021774454978, "(4, 1, 3, 2, 0)": 0.018512758363415822, "(4, 2, 0, 1, 3)": 0.04487204029236915, "(4, 2, 0, 3, 1)": 0.0026246692913372647, "(4, 2, 1, 0, 3)": 0.05801005659940927, "(4, 2, 1, 3, 0)": 0.039009258160367793, "(4, 2, 3, 0, 1)": 0.04930404536028345, "(4, 2, 3, 1, 0)": 0.011330882087855695, "(4, 3, 0, 1, 2)": 0.04089485161837477, "(4, 3, 0, 2, 1)": 0.08102160205772287, "(4, 3, 1, 0, 2)": 0.015600925898448763, "(4, 3, 1, 2, 0)": 0.026458562991129295, "(4, 3, 2, 0, 1)": 0.04056339345874415, "(4, 3, 2, 1, 0)": 0.027443882135490007}