{"(0, 1, 2, 3, 4)": [0.0, 0.0, 0.0, 0.0, 0.33866666666666667], "(0, 1, 2, 4, 3)": [0.0, 0.0, 0.0, 0.36066666666666664, 0.0], "(0, 1, 3, 2, 4)": [0.0, 0.0, 0.0, 0.0, 0.3373333333333333], "(0, 1, 3, 4, 2)": [0.0, 0.0, 0.13133333333333333, 0.0, 0.0], "(0, 1, 4, 2, 3)": [0.0, 0.0, 0.0, 0.36800000000000005, 0.0], "(0, 1, 4, 3, 2)": [0.0, 0.0, 0.132, 0.0, 0.0], "(0, 2, 1, 3, 4)": [0.0, 0.0, 0.0, 0.0, 0.334], "(0, 2, 1, 4, 3)": [0.0, 0.0, 0.0, 0.3486666666666667, 0.0], "(0, 2, 3, 1, 4)": [0.0, 0.0, 0.0, 0.0, 0.3313333333333333], "(0, 2, 3, 4, 1)": [0.0, 0.7606666666666667, 0.0, 0.0, 0.0], "(0, 2, 4, 1, 3)": [0.0, 0.0, 0.0, 0.34, 0.0], "(0, 2, 4, 3, 1)": [0.0, 0.7879999999999999, 0.0, 0.0, 0.0], "(0, 3, 1, 2, 4)": [0.0, 0.0, 0.0, 0.0, 0.2953333333333334], "(0, 3, 1, 4, 2)": [0.0, 0.0, 0.11399999999999999, 0.0, 0.0], "(0, 3, 2, 1, 4)": [0.0, 0.0, 0.0, 0.0, 0.3373333333333333], "(0, 3, 2, 4, 1)": [0.0, 0.7806666666666667, 0.0, 0.0, 0.0], "(0, 3, 4, 1, 2)": [0.0, 0.0, 0.12133333333333333, 0.0, 0.0], "(0, 3, 4, 2, 1)": [0.0, 0.7653333333333334, 0.0, 0.0, 0.0], "(0, 4, 1, 2, 3)": [0.0, 0.0, 0.0, 0.3446666666666667, 0.0], "(0, 4, 1, 3, 2)": [0.0, 0.0, 0.11666666666666665, 0.0, 0.0], "(0, 4, 2, 1, 3)": [0.0, 0.0, 0.0, 0.37733333333333335, 0.0], "(0, 4, 2, 3, 1)": [0.0, 0.7719999999999999, 0.0, 0.0, 0.0], "(0, 4, 3, 1, 2)": [0.0, 0.0, 0.11933333333333333, 0.0, 0.0], "(0, 4, 3, 2, 1)": [0.0, 0.77, 0.0, 0.0, 0.0], "(1, 0, 2, 3, 4)": [0.0, 0.0, 0.0, 0.0, 0.36466666666666664], "(1, 0, 2, 4, 3)": [0.0, 0.0, 0.0, 0.36066666666666664, 0.0], "(1, 0, 3, 2, 4)": [0.0, 0.0, 0.0, 0.0, 0.34333333333333327], "(1, 0, 3, 4, 2)": [0.0, 0.0, 0.15533333333333335, 0.0, 0.0], "(1, 0, 4, 2, 3)": [0.0, 0.0, 0.0, 0.37333333333333335, 0.0], "(1, 0, 4, 3, 2)": [0.0, 0.0, 0.134, 0.0, 0.0], "(1, 2, 0, 3, 4)": [0.0, 0.0, 0.0, 0.0, 0.35733333333333334], "(1, 2, 0, 4, 3)": [0.0, 0.0, 0.0, 0.3713333333333333, 0.0], "(1, 2, 3, 0, 4)": [0.0, 0.0, 0.0, 0.0, 0.34400000000000003], "(1, 2, 3, 4, 0)": [0.9313333333333333, 0.0, 0.0, 0.0, 0.0], "(1, 2, 4, 0, 3)": [0.0, 0.0, 0.0, 0.36800000000000005, 0.0], "(1, 2, 4, 3, 0)": [0.9233333333333333, 0.0, 0.0, 0.0, 0.0], "(1, 3, 0, 2, 4)": [0.0, 0.0, 0.0, 0.0, 0.3466666666666667], "(1, 3, 0, 4, 2)": [0.0, 0.0, 0.12466666666666666, 0.0, 0.0], "(1, 3, 2, 0, 4)": [0.0, 0.0, 0.0, 0.0, 0.338], "(1, 3, 2, 4, 0)": [0.9319999999999999, 0.0, 0.0, 0.0, 0.0], "(1, 3, 4, 0, 2)": [0.0, 0.0, 0.11533333333333333, 0.0, 0.0], "(1, 3, 4, 2, 0)": [0.9346666666666666, 0.0, 0.0, 0.0, 0.0], "(1, 4, 0, 2, 3)": [0.0, 0.0, 0.0, 0.34600000000000003, 0.0], "(1, 4, 0, 3, 2)": [0.0, 0.0, 0.14533333333333334, 0.0, 0.0], "(1, 4, 2, 0, 3)": [0.0, 0.0, 0.0, 0.36866666666666664, 0.0], "(1, 4, 2, 3, 0)": [0.924, 0.0, 0.0, 0.0, 0.0], "(1, 4, 3, 0, 2)": [0.0, 0.0, 0.13066666666666668, 0.0, 0.0], "(1, 4, 3, 2, 0)": [0.9233333333333333, 0.0, 0.0, 0.0, 0.0], "(2, 0, 1, 3, 4)": [0.0, 0.0, 0.0, 0.0, 0.33266666666666667], "(2, 0, 1, 4, 3)": [0.0, 0.0, 0.0, 0.3666666666666667, 0.0], "(2, 0, 3, 1, 4)": [0.0, 0.0, 0.0, 0.0, 0.32066666666666666], "(2, 0, 3, 4, 1)": [0.0, 0.7760000000000001, 0.0, 0.0, 0.0], "(2, 0, 4, 1, 3)": [0.0, 0.0, 0.0, 0.34800000000000003, 0.0], "(2, 0, 4, 3, 1)": [0.0, 0.7773333333333333, 0.0, 0.0, 0.0], "(2, 1, 0, 3, 4)": [0.0, 0.0, 0.0, 0.0, 0.34600000000000003], "(2, 1, 0, 4, 3)": [0.0, 0.0, 0.0, 0.3606666666666667, 0.0], "(2, 1, 3, 0, 4)": [0.0, 0.0, 0.0, 0.0, 0.31666666666666665], "(2, 1, 3, 4, 0)": [0.9233333333333333, 0.0, 0.0, 0.0, 0.0], "(2, 1, 4, 0, 3)": [0.0, 0.0, 0.0, 0.34800000000000003, 0.0], "(2, 1, 4, 3, 0)": [0.93, 0.0, 0.0, 0.0, 0.0], "(2, 3, 0, 1, 4)": [0.0, 0.0, 0.0, 0.0, 0.3173333333333333], "(2, 3, 0, 4, 1)": [0.0, 0.786, 0.0, 0.0, 0.0], "(2, 3, 1, 0, 4)": [0.0, 0.0, 0.0, 0.0, 0.3273333333333333], "(2, 3, 1, 4, 0)": [0.9286666666666666, 0.0, 0.0, 0.0, 0.0], "(2, 3, 4, 0, 1)": [0.0, 0.7680000000000001, 0.0, 0.0, 0.0], "(2, 3, 4, 1, 0)": [0.93, 0.0, 0.0, 0.0, 0.0], "(2, 4, 0, 1, 3)": [0.0, 0.0, 0.0, 0.338, 0.0], "(2, 4, 0, 3, 1)": [0.0, 0.7746666666666666, 0.0, 0.0, 0.0], "(2, 4, 1, 0, 3)": [0.0, 0.0, 0.0, 0.3499999999999999, 0.0], "(2, 4, 1, 3, 0)": [0.924, 0.0, 0.0, 0.0, 0.0], "(2, 4, 3, 0, 1)": [0.0, 0.7799999999999999, 0.0, 0.0, 0.0], "(2, 4, 3, 1, 0)": [0.9273333333333333, 0.0, 0.0, 0.0, 0.0], "(3, 0, 1, 2, 4)": [0.0, 0.0, 0.0, 0.0, 0.3373333333333333], "(3, 0, 1, 4, 2)": [0.0, 0.0, 0.11199999999999999, 0.0, 0.0], "(3, 0, 2, 1, 4)": [0.0, 0.0, 0.0, 0.0, 0.3193333333333333], "(3, 0, 2, 4, 1)": [0.0, 0.7753333333333333, 0.0, 0.0, 0.0], "(3, 0, 4, 1, 2)": [0.0, 0.0, 0.10933333333333334, 0.0, 0.0], "(3, 0, 4, 2, 1)": [0.0, 0.782, 0.0, 0.0, 0.0], "(3, 1, 0, 2, 4)": [0.0, 0.0, 0.0, 0.0, 0.32666666666666666], "(3, 1, 0, 4, 2)": [0.0, 0.0, 0.10866666666666668, 0.0, 0.0], "(3, 1, 2, 0, 4)": [0.0, 0.0, 0.0, 0.0, 0.322], "(3, 1, 2, 4, 0)": [0.908, 0.0, 0.0, 0.0, 0.0], "(3, 1, 4, 0, 2)": [0.0, 0.0, 0.14400000000000002, 0.0, 0.0], "(3, 1, 4, 2, 0)": [0.9246666666666666, 0.0, 0.0, 0.0, 0.0], "(3, 2, 0, 1, 4)": [0.0, 0.0, 0.0, 0.0, 0.2953333333333333], "(3, 2, 0, 4, 1)": [0.0, 0.7626666666666667, 0.0, 0.0, 0.0], "(3, 2, 1, 0, 4)": [0.0, 0.0, 0.0, 0.0, 0.3313333333333333], "(3, 2, 1, 4, 0)": [0.9186666666666667, 0.0, 0.0, 0.0, 0.0], "(3, 2, 4, 0, 1)": [0.0, 0.766, 0.0, 0.0, 0.0], "(3, 2, 4, 1, 0)": [0.93, 0.0, 0.0, 0.0, 0.0], "(3, 4, 0, 1, 2)": [0.0, 0.0, 0.10666666666666667, 0.0, 0.0], "(3, 4, 0, 2, 1)": [0.0, 0.7753333333333333, 0.0, 0.0, 0.0], "(3, 4, 1, 0, 2)": [0.0, 0.0, 0.12266666666666666, 0.0, 0.0], "(3, 4, 1, 2, 0)": [0.9233333333333333, 0.0, 0.0, 0.0, 0.0], "(3, 4, 2, 0, 1)": [0.0, 0.7606666666666667, 0.0, 0.0, 0.0], "(3, 4, 2, 1, 0)": [0.928, 0.0, 0.0, 0.0, 0.0], "(4, 0, 1, 2, 3)": [0.0, 0.0, 0.0, 0.36066666666666664, 0.0], "(4, 0, 1, 3, 2)": [0.0, 0.0, 0.118, 0.0, 0.0], "(4, 0, 2, 1, 3)": [0.0, 0.0, 0.0, 0.3413333333333333, 0.0], "(4, 0, 2, 3, 1)": [0.0, 0.7813333333333334, 0.0, 0.0, 0.0], "(4, 0, 3, 1, 2)": [0.0, 0.0, 0.10666666666666667, 0.0, 0.0], "(4, 0, 3, 2, 1)": [0.0, 0.7559999999999999, 0.0, 0.0, 0.0], "(4, 1, 0, 2, 3)": [0.0, 0.0, 0.0, 0.3633333333333333, 0.0], "(4, 1, 0, 3, 2)": [0.0, 0.0, 0.12533333333333332, 0.0, 0.0], "(4, 1, 2, 0, 3)": [0.0, 0.0, 0.0, 0.35600000000000004, 0.0], "(4, 1, 2, 3, 0)": [0.9253333333333332, 0.0, 0.0, 0.0, 0.0], "(4, 1, 3, 0, 2)": [0.0, 0.0, 0.11666666666666665, 0.0, 0.0], "(4, 1, 3, 2, 0)": [0.9313333333333332, 0.0, 0.0, 0.0, 0.0], "(4, 2, 0, 1, 3)": [0.0, 0.0, 0.0, 0.3486666666666667, 0.0], "(4, 2, 0, 3, 1)": [0.0, 0.778, 0.0, 0.0, 0.0], "(4, 2, 1, 0, 3)": [0.0, 0.0, 0.0, 0.3546666666666667, 0.0], "(4, 2, 1, 3, 0)": [0.918, 0.0, 0.0, 0.0, 0.0], "(4, 2, 3, 0, 1)": [0.0, 0.77, 0.0, 0.0, 0.0], "(4, 2, 3, 1, 0)": [0.9166666666666666, 0.0, 0.0, 0.0, 0.0], "(4, 3, 0, 1, 2)": [0.0, 0.0, 0.15066666666666667, 0.0, 0.0], "(4, 3, 0, 2, 1)": [0.0, 0.7600000000000001, 0.0, 0.0, 0.0], "(4, 3, 1, 0, 2)": [0.0, 0.0, 0.12333333333333334, 0.0, 0.0], "(4, 3, 1, 2, 0)": [0.9253333333333335, 0.0, 0.0, 0.0, 0.0], "(4, 3, 2, 0, 1)": [0.0, 0.7706666666666667, 0.0, 0.0, 0.0], "(4, 3, 2, 1, 0)": [0.9326666666666666, 0.0, 0.0, 0.0, 0.0]}