{"accuracy": [[0.9973319103521878, 0.9639616282084522, 0.9569658405894172, 0.8974294983778388, 0.9051], [0.9978655282817502, 0.969147005444646, 0.9671801741460148, 0.9139006738208135, 0.911], [0.9978655282817502, 0.9647394347938812, 0.9668452779638312, 0.9081607187422012, 0.9201]], "forgetting": [[0.0, 0.04962646744930632, 0.05124763800737436, 0.12138148782184795, 0.10104084735673774], [0.0, 0.036286019210245435, 0.03286715093233783, 0.09340945261804363, 0.09059491385723506], [0.0, 0.043756670224119554, 0.033101802891278065, 0.10131696242644732, 0.07719394873877469]], "ordering": [[2, 4, 0, 1, 3], [2, 4, 0, 1, 3], [2, 4, 0, 1, 3]], "complete results": [[{"Top1_Acc_MB/train_phase/train_stream/Task000": 1.0, "Top1_RunningAcc_Epoch/train_phase/train_stream/Task000": 0.9897007901979934, "Top1_Acc_Epoch/train_phase/train_stream/Task000": 0.9897007901979934, "Top1_Acc_Exp/eval_phase/test_stream/Task000/Exp002": 0.9973319103521878, "Top1_Acc_Stream/eval_phase/test_stream/Task000": 0.9973319103521878, "StreamForgetting/eval_phase/test_stream": 0.0}, {"Top1_Acc_MB/train_phase/train_stream/Task000": 1.0, "Top1_RunningAcc_Epoch/train_phase/train_stream/Task000": 0.9182230980123373, "Top1_Acc_Epoch/train_phase/train_stream/Task000": 0.9182230980123373, "Top1_Acc_Exp/eval_phase/test_stream/Task000/Exp002": 0.9477054429028815, "Top1_Acc_Stream/eval_phase/test_stream/Task000": 0.9639616282084522, "StreamForgetting/eval_phase/test_stream": 0.04962646744930632, "ExperienceForgetting/eval_phase/test_stream/Task000/Exp002": 0.04962646744930632, "Top1_Acc_Exp/eval_phase/test_stream/Task000/Exp004": 0.9793242561775088}, {"Top1_Acc_MB/train_phase/train_stream/Task000": 0.8947368421052632, "Top1_RunningAcc_Epoch/train_phase/train_stream/Task000": 0.9157251786498463, "Top1_Acc_Epoch/train_phase/train_stream/Task000": 0.9157251786498463, "Top1_Acc_Exp/eval_phase/test_stream/Task000/Exp002": 0.9124866595517609, "Top1_Acc_Stream/eval_phase/test_stream/Task000": 0.9569658405894172, "StreamForgetting/eval_phase/test_stream": 0.05124763800737436, "ExperienceForgetting/eval_phase/test_stream/Task000/Exp002": 0.08484525080042693, "Top1_Acc_Exp/eval_phase/test_stream/Task000/Exp004": 0.961674230963187, "ExperienceForgetting/eval_phase/test_stream/Task000/Exp004": 0.017650025214321796, "Top1_Acc_Exp/eval_phase/test_stream/Task000/Exp000": 0.9919621749408983}, {"Top1_Acc_MB/train_phase/train_stream/Task000": 0.9298245614035088, "Top1_RunningAcc_Epoch/train_phase/train_stream/Task000": 0.8118389699427282, "Top1_Acc_Epoch/train_phase/train_stream/Task000": 0.8118389699427282, "Top1_Acc_Exp/eval_phase/test_stream/Task000/Exp002": 0.6862326574172892, "Top1_Acc_Stream/eval_phase/test_stream/Task000": 0.8974294983778388, "StreamForgetting/eval_phase/test_stream": 0.12138148782184795, "ExperienceForgetting/eval_phase/test_stream/Task000/Exp002": 0.3110992529348986, "Top1_Acc_Exp/eval_phase/test_stream/Task000/Exp004": 0.9324256177508825, "ExperienceForgetting/eval_phase/test_stream/Task000/Exp004": 0.04689863842662634, "Top1_Acc_Exp/eval_phase/test_stream/Task000/Exp000": 0.9858156028368794, "ExperienceForgetting/eval_phase/test_stream/Task000/Exp000": 0.006146572104018921, "Top1_Acc_Exp/eval_phase/test_stream/Task000/Exp001": 0.9657198824681684}, {"Top1_Acc_MB/train_phase/train_stream/Task000": 0.9818181818181818, "Top1_RunningAcc_Epoch/train_phase/train_stream/Task000": 0.8387043258263863, "Top1_Acc_Epoch/train_phase/train_stream/Task000": 0.8387043258263863, "Top1_Acc_Exp/eval_phase/test_stream/Task000/Exp002": 0.8025613660618997, "Top1_Acc_Stream/eval_phase/test_stream/Task000": 0.9051, "StreamForgetting/eval_phase/test_stream": 0.10104084735673774, "ExperienceForgetting/eval_phase/test_stream/Task000/Exp002": 0.19477054429028817, "Top1_Acc_Exp/eval_phase/test_stream/Task000/Exp004": 0.9314170448814927, "ExperienceForgetting/eval_phase/test_stream/Task000/Exp004": 0.04790721129601616, "Top1_Acc_Exp/eval_phase/test_stream/Task000/Exp000": 0.9200945626477541, "ExperienceForgetting/eval_phase/test_stream/Task000/Exp000": 0.0718676122931442, "Top1_Acc_Exp/eval_phase/test_stream/Task000/Exp001": 0.876101860920666, "ExperienceForgetting/eval_phase/test_stream/Task000/Exp001": 0.08961802154750242, "Top1_Acc_Exp/eval_phase/test_stream/Task000/Exp003": 0.9894259818731118}], [{"Top1_Acc_MB/train_phase/train_stream/Task000": 1.0, "Top1_RunningAcc_Epoch/train_phase/train_stream/Task000": 0.9841072538400071, "Top1_Acc_Epoch/train_phase/train_stream/Task000": 0.9841072538400071, "Top1_Acc_Exp/eval_phase/test_stream/Task000/Exp002": 0.9978655282817502, "Top1_Acc_Stream/eval_phase/test_stream/Task000": 0.9978655282817502, "StreamForgetting/eval_phase/test_stream": 0.0}, {"Top1_Acc_MB/train_phase/train_stream/Task000": 1.0, "Top1_RunningAcc_Epoch/train_phase/train_stream/Task000": 0.9130397532556546, "Top1_Acc_Epoch/train_phase/train_stream/Task000": 0.9130397532556546, "Top1_Acc_Exp/eval_phase/test_stream/Task000/Exp002": 0.9615795090715048, "Top1_Acc_Stream/eval_phase/test_stream/Task000": 0.969147005444646, "StreamForgetting/eval_phase/test_stream": 0.036286019210245435, "ExperienceForgetting/eval_phase/test_stream/Task000/Exp002": 0.036286019210245435, "Top1_Acc_Exp/eval_phase/test_stream/Task000/Exp004": 0.9762985375693394}, {"Top1_Acc_MB/train_phase/train_stream/Task000": 0.9824561403508771, "Top1_RunningAcc_Epoch/train_phase/train_stream/Task000": 0.9201564932731846, "Top1_Acc_Epoch/train_phase/train_stream/Task000": 0.9201564932731846, "Top1_Acc_Exp/eval_phase/test_stream/Task000/Exp002": 0.9487726787620064, "Top1_Acc_Stream/eval_phase/test_stream/Task000": 0.9671801741460148, "StreamForgetting/eval_phase/test_stream": 0.03286715093233783, "ExperienceForgetting/eval_phase/test_stream/Task000/Exp002": 0.0490928495197438, "Top1_Acc_Exp/eval_phase/test_stream/Task000/Exp004": 0.9596570852244075, "ExperienceForgetting/eval_phase/test_stream/Task000/Exp004": 0.016641452344931862, "Top1_Acc_Exp/eval_phase/test_stream/Task000/Exp000": 0.9905437352245863}, {"Top1_Acc_MB/train_phase/train_stream/Task000": 0.9649122807017544, "Top1_RunningAcc_Epoch/train_phase/train_stream/Task000": 0.812089795577108, "Top1_Acc_Epoch/train_phase/train_stream/Task000": 0.812089795577108, "Top1_Acc_Exp/eval_phase/test_stream/Task000/Exp002": 0.7753468516542156, "Top1_Acc_Stream/eval_phase/test_stream/Task000": 0.9139006738208135, "StreamForgetting/eval_phase/test_stream": 0.09340945261804363, "ExperienceForgetting/eval_phase/test_stream/Task000/Exp002": 0.22251867662753466, "Top1_Acc_Exp/eval_phase/test_stream/Task000/Exp004": 0.9228441754916793, "ExperienceForgetting/eval_phase/test_stream/Task000/Exp004": 0.05345436207766008, "Top1_Acc_Exp/eval_phase/test_stream/Task000/Exp000": 0.9862884160756501, "ExperienceForgetting/eval_phase/test_stream/Task000/Exp000": 0.004255319148936176, "Top1_Acc_Exp/eval_phase/test_stream/Task000/Exp001": 0.9573947110675808}, {"Top1_Acc_MB/train_phase/train_stream/Task000": 0.9636363636363636, "Top1_RunningAcc_Epoch/train_phase/train_stream/Task000": 0.8406121687196715, "Top1_Acc_Epoch/train_phase/train_stream/Task000": 0.8406121687196715, "Top1_Acc_Exp/eval_phase/test_stream/Task000/Exp002": 0.8100320170757738, "Top1_Acc_Stream/eval_phase/test_stream/Task000": 0.911, "StreamForgetting/eval_phase/test_stream": 0.09059491385723506, "ExperienceForgetting/eval_phase/test_stream/Task000/Exp002": 0.18783351120597647, "Top1_Acc_Exp/eval_phase/test_stream/Task000/Exp004": 0.9077155824508321, "ExperienceForgetting/eval_phase/test_stream/Task000/Exp004": 0.06858295511850732, "Top1_Acc_Exp/eval_phase/test_stream/Task000/Exp000": 0.9546099290780142, "ExperienceForgetting/eval_phase/test_stream/Task000/Exp000": 0.035933806146572045, "Top1_Acc_Exp/eval_phase/test_stream/Task000/Exp001": 0.8873653281096964, "ExperienceForgetting/eval_phase/test_stream/Task000/Exp001": 0.07002938295788441,