{"accuracy": [[0.9973319103521878, 0.506870624837957, 0.35381781647689214, 0.2073870726229099, 0.1985], [0.9989327641408752, 0.5092040445942442, 0.35415271265907566, 0.26703269278762165, 0.1979], [0.9935965848452508, 0.5094633134560539, 0.35415271265907566, 0.2495632642874969, 0.1982]], "forgetting": [[0.0, 0.9973319103521878, 0.9916059450903651, 0.8933795347095735, 0.8700768499610568], [0.0, 0.9989327641408752, 0.994675660940836, 0.9735978007533076, 0.9915836678847177], [0.0, 0.9935965848452508, 0.9922597145103713, 0.9929485567184981, 0.9895186917311896]], "ordering": [[2, 4, 0, 1, 3], [2, 4, 0, 1, 3], [2, 4, 0, 1, 3]], "complete results": [[{"Top1_Acc_MB/train_phase/train_stream/Task000": 1.0, "Top1_RunningAcc_Epoch/train_phase/train_stream/Task000": 0.9842848264228004, "Top1_Acc_Epoch/train_phase/train_stream/Task000": 0.9842848264228004, "Top1_Acc_Exp/eval_phase/test_stream/Task000/Exp002": 0.9973319103521878, "Top1_Acc_Stream/eval_phase/test_stream/Task000": 0.9973319103521878, "StreamForgetting/eval_phase/test_stream": 0.0}, {"Top1_Acc_MB/train_phase/train_stream/Task000": 1.0, "Top1_RunningAcc_Epoch/train_phase/train_stream/Task000": 0.9472033898305084, "Top1_Acc_Epoch/train_phase/train_stream/Task000": 0.9472033898305084, "Top1_Acc_Exp/eval_phase/test_stream/Task000/Exp002": 0.0, "Top1_Acc_Stream/eval_phase/test_stream/Task000": 0.506870624837957, "StreamForgetting/eval_phase/test_stream": 0.9973319103521878, "ExperienceForgetting/eval_phase/test_stream/Task000/Exp002": 0.9973319103521878, "Top1_Acc_Exp/eval_phase/test_stream/Task000/Exp004": 0.9858799798285426}, {"Top1_Acc_MB/train_phase/train_stream/Task000": 1.0, "Top1_RunningAcc_Epoch/train_phase/train_stream/Task000": 0.9798657718120806, "Top1_Acc_Epoch/train_phase/train_stream/Task000": 0.9798657718120806, "Top1_Acc_Exp/eval_phase/test_stream/Task000/Exp002": 0.0, "Top1_Acc_Stream/eval_phase/test_stream/Task000": 0.35381781647689214, "StreamForgetting/eval_phase/test_stream": 0.9916059450903651, "ExperienceForgetting/eval_phase/test_stream/Task000/Exp002": 0.9973319103521878, "Top1_Acc_Exp/eval_phase/test_stream/Task000/Exp004": 0.0, "ExperienceForgetting/eval_phase/test_stream/Task000/Exp004": 0.9858799798285426, "Top1_Acc_Exp/eval_phase/test_stream/Task000/Exp000": 0.9990543735224586}, {"Top1_Acc_MB/train_phase/train_stream/Task000": 0.44, "Top1_RunningAcc_Epoch/train_phase/train_stream/Task000": 0.30548432459260483, "Top1_Acc_Epoch/train_phase/train_stream/Task000": 0.30548432459260483, "Top1_Acc_Exp/eval_phase/test_stream/Task000/Exp002": 0.0, "Top1_Acc_Stream/eval_phase/test_stream/Task000": 0.2073870726229099, "StreamForgetting/eval_phase/test_stream": 0.8933795347095735, "ExperienceForgetting/eval_phase/test_stream/Task000/Exp002": 0.9973319103521878, "Top1_Acc_Exp/eval_phase/test_stream/Task000/Exp004": 0.0, "ExperienceForgetting/eval_phase/test_stream/Task000/Exp004": 0.9858799798285426, "Top1_Acc_Exp/eval_phase/test_stream/Task000/Exp000": 0.3021276595744681, "ExperienceForgetting/eval_phase/test_stream/Task000/Exp000": 0.6969267139479906, "Top1_Acc_Exp/eval_phase/test_stream/Task000/Exp001": 0.5009794319294809}, {"Top1_Acc_MB/train_phase/train_stream/Task000": 1.0, "Top1_RunningAcc_Epoch/train_phase/train_stream/Task000": 0.8614462775999343, "Top1_Acc_Epoch/train_phase/train_stream/Task000": 0.8614462775999343, "Top1_Acc_Exp/eval_phase/test_stream/Task000/Exp002": 0.0, "Top1_Acc_Stream/eval_phase/test_stream/Task000": 0.1985, "StreamForgetting/eval_phase/test_stream": 0.8700768499610568, "ExperienceForgetting/eval_phase/test_stream/Task000/Exp002": 0.9973319103521878, "Top1_Acc_Exp/eval_phase/test_stream/Task000/Exp004": 0.0, "ExperienceForgetting/eval_phase/test_stream/Task000/Exp004": 0.9858799798285426, "Top1_Acc_Exp/eval_phase/test_stream/Task000/Exp000": 0.0, "ExperienceForgetting/eval_phase/test_stream/Task000/Exp000": 0.9990543735224586, "Top1_Acc_Exp/eval_phase/test_stream/Task000/Exp001": 0.002938295788442703, "ExperienceForgetting/eval_phase/test_stream/Task000/Exp001": 0.49804113614103823, "Top1_Acc_Exp/eval_phase/test_stream/Task000/Exp003": 0.9964753272910373}], [{"Top1_Acc_MB/train_phase/train_stream/Task000": 1.0, "Top1_RunningAcc_Epoch/train_phase/train_stream/Task000": 0.9854390482109562, "Top1_Acc_Epoch/train_phase/train_stream/Task000": 0.9854390482109562, "Top1_Acc_Exp/eval_phase/test_stream/Task000/Exp002": 0.9989327641408752, "Top1_Acc_Stream/eval_phase/test_stream/Task000": 0.9989327641408752, "StreamForgetting/eval_phase/test_stream": 0.0}, {"Top1_Acc_MB/train_phase/train_stream/Task000": 0.9166666666666666, "Top1_RunningAcc_Epoch/train_phase/train_stream/Task000": 0.9483050847457627, "Top1_Acc_Epoch/train_phase/train_stream/Task000": 0.9483050847457627, "Top1_Acc_Exp/eval_phase/test_stream/Task000/Exp002": 0.0, "Top1_Acc_Stream/eval_phase/test_stream/Task000": 0.5092040445942442, "StreamForgetting/eval_phase/test_stream": 0.9989327641408752, "ExperienceForgetting/eval_phase/test_stream/Task000/Exp002": 0.9989327641408752, "Top1_Acc_Exp/eval_phase/test_stream/Task000/Exp004": 0.9904185577407968}, {"Top1_Acc_MB/train_phase/train_stream/Task000": 1.0, "Top1_RunningAcc_Epoch/train_phase/train_stream/Task000": 0.9581523884721674, "Top1_Acc_Epoch/train_phase/train_stream/Task000": 0.9581523884721674, "Top1_Acc_Exp/eval_phase/test_stream/Task000/Exp002": 0.0, "Top1_Acc_Stream/eval_phase/test_stream/Task000": 0.35415271265907566, "StreamForgetting/eval_phase/test_stream": 0.994675660940836, "ExperienceForgetting/eval_phase/test_stream/Task000/Exp002": 0.9989327641408752, "Top1_Acc_Exp/eval_phase/test_stream/Task000/Exp004": 0.0, "ExperienceForgetting/eval_phase/test_stream/Task000/Exp004": 0.9904185577407968, "Top1_Acc_Exp/eval_phase/test_stream/Task000/Exp000": 1.0}, {"Top1_Acc_MB/train_phase/train_stream/Task000": 1.0, "Top1_RunningAcc_Epoch/train_phase/train_stream/Task000": 0.9336586979899082, "Top1_Acc_Epoch/train_phase/train_stream/Task000": 0.9336586979899082, "Top1_Acc_Exp/eval_phase/test_stream/Task000/Exp002": 0.0, "Top1_Acc_Stream/eval_phase/test_stream/Task000": 0.26703269278762165, "StreamForgetting/eval_phase/test_stream": 0.9735978007533076, "ExperienceForgetting/eval_phase/test_stream/Task000/Exp002": 0.9989327641408752, "Top1_Acc_Exp/eval_phase/test_stream/Task000/Exp004": 0.0, "ExperienceForgetting/eval_phase/test_stream/Task000/Exp004": 0.9904185577407968, "Top1_Acc_Exp/eval_phase/test_stream/Task000/Exp000": 0.06855791962174941, "ExperienceForgetting/eval_phase/test_stream/Task000/Exp000": 0.9314420803782506, "Top1_Acc_Exp/eval_phase/test_stream/Task000/Exp001": 0.9769833496571988}, {"Top1_Acc_MB/train_phase/train_stream/Task000": 0.9565217391304348, "Top1_RunningAcc_Epoch/train_phase/train_stream/Task000": 0.9559221866535336, "Top1_Acc_Epoch/train_phase/train_stream/Task000": 0.9559221866535336, "Top1_Acc_Exp/eval_phase/test_stream/Task000/Exp002": 0.0, "Top1_Acc_Stream/eval_phase/test_stream/Task000": 0.1979, "StreamForgetting/eval_phase/test_stream": 0.9915836678847177, "ExperienceForgetting/eval_phase/test_stream/Task000/Exp002": 0.9989327641408752, "Top1_Acc_Exp/eval_phase/test_stream/Task000/Exp004": 0.0, "ExperienceForgetting/eval_phase/test_stream/Task000/Exp004": 0.9904185577407968, "Top1_Acc_Exp/eval_phase/test_stream/Task000/Exp000": 0.0, "ExperienceForgetting/eval_phase/test_stream/Task000/Exp000": 1.0, "Top1_Acc_Exp/eval_phase/test_stream/Task000/Exp001": 0.0, "ExperienceForgetting/eval_phase/test_stream/Task000/Exp001": 0.9769833496571988, "Top1_Acc_Exp/eval_phase/test_stream/Task000/Exp003": 0.9964753272910373}], [{"Top1_Acc_MB/train_phase/train_stream/Task000": 0.967741935483871, "Top1_RunningAcc_Epoch/train_phase/train_stream/Task000": 0.9833969635088342, "Top1_Acc_Epoch/train_phase/train_stream/Task000": 0.9833969635088342, "Top1_Acc_Exp/eval_phase/test_stream/Task000/Exp002": 0.9935965848452508, "Top1_Acc_Stream/eval_phase/test_stream/Task000": 0.9935965848452508,