{"accuracy": [[0.7795, 0.43425, 0.2535, 0.217625, 0.1751], [0.7735, 0.42025, 0.25466666666666665, 0.2215, 0.1784], [0.7925, 0.42775, 0.25033333333333335, 0.221875, 0.1788]], "forgetting": [[0.0, 0.7795, 0.8240000000000001, 0.8028333333333334, 0.81975], [0.0, 0.7735, 0.8069999999999999, 0.7926666666666667, 0.8160000000000001], [0.0, 0.7925, 0.8240000000000001, 0.7996666666666666, 0.821625]], "ordering": [[2, 4, 1, 0, 3], [2, 4, 1, 0, 3], [2, 4, 1, 0, 3]], "complete results": [[{"Top1_Acc_MB/train_phase/train_stream/Task000": 0.6875, "Top1_RunningAcc_Epoch/train_phase/train_stream/Task000": 0.7459, "Top1_Acc_Epoch/train_phase/train_stream/Task000": 0.7459, "Top1_Acc_Exp/eval_phase/test_stream/Task000/Exp002": 0.7795, "Top1_Acc_Stream/eval_phase/test_stream/Task000": 0.7795, "StreamForgetting/eval_phase/test_stream": 0.0}, {"Top1_Acc_MB/train_phase/train_stream/Task000": 0.8125, "Top1_RunningAcc_Epoch/train_phase/train_stream/Task000": 0.7995, "Top1_Acc_Epoch/train_phase/train_stream/Task000": 0.7995, "Top1_Acc_Exp/eval_phase/test_stream/Task000/Exp002": 0.0, "Top1_Acc_Stream/eval_phase/test_stream/Task000": 0.43425, "StreamForgetting/eval_phase/test_stream": 0.7795, "ExperienceForgetting/eval_phase/test_stream/Task000/Exp002": 0.7795, "Top1_Acc_Exp/eval_phase/test_stream/Task000/Exp004": 0.8685}, {"Top1_Acc_MB/train_phase/train_stream/Task000": 0.75, "Top1_RunningAcc_Epoch/train_phase/train_stream/Task000": 0.7006, "Top1_Acc_Epoch/train_phase/train_stream/Task000": 0.7006, "Top1_Acc_Exp/eval_phase/test_stream/Task000/Exp002": 0.0, "Top1_Acc_Stream/eval_phase/test_stream/Task000": 0.2535, "StreamForgetting/eval_phase/test_stream": 0.8240000000000001, "ExperienceForgetting/eval_phase/test_stream/Task000/Exp002": 0.7795, "Top1_Acc_Exp/eval_phase/test_stream/Task000/Exp004": 0.0, "ExperienceForgetting/eval_phase/test_stream/Task000/Exp004": 0.8685, "Top1_Acc_Exp/eval_phase/test_stream/Task000/Exp001": 0.7605}, {"Top1_Acc_MB/train_phase/train_stream/Task000": 0.6875, "Top1_RunningAcc_Epoch/train_phase/train_stream/Task000": 0.8117, "Top1_Acc_Epoch/train_phase/train_stream/Task000": 0.8117, "Top1_Acc_Exp/eval_phase/test_stream/Task000/Exp002": 0.0, "Top1_Acc_Stream/eval_phase/test_stream/Task000": 0.217625, "StreamForgetting/eval_phase/test_stream": 0.8028333333333334, "ExperienceForgetting/eval_phase/test_stream/Task000/Exp002": 0.7795, "Top1_Acc_Exp/eval_phase/test_stream/Task000/Exp004": 0.0, "ExperienceForgetting/eval_phase/test_stream/Task000/Exp004": 0.8685, "Top1_Acc_Exp/eval_phase/test_stream/Task000/Exp001": 0.0, "ExperienceForgetting/eval_phase/test_stream/Task000/Exp001": 0.7605, "Top1_Acc_Exp/eval_phase/test_stream/Task000/Exp000": 0.8705}, {"Top1_Acc_MB/train_phase/train_stream/Task000": 0.9375, "Top1_RunningAcc_Epoch/train_phase/train_stream/Task000": 0.8083, "Top1_Acc_Epoch/train_phase/train_stream/Task000": 0.8083, "Top1_Acc_Exp/eval_phase/test_stream/Task000/Exp002": 0.0, "Top1_Acc_Stream/eval_phase/test_stream/Task000": 0.1751, "StreamForgetting/eval_phase/test_stream": 0.81975, "ExperienceForgetting/eval_phase/test_stream/Task000/Exp002": 0.7795, "Top1_Acc_Exp/eval_phase/test_stream/Task000/Exp004": 0.0, "ExperienceForgetting/eval_phase/test_stream/Task000/Exp004": 0.8685, "Top1_Acc_Exp/eval_phase/test_stream/Task000/Exp001": 0.0, "ExperienceForgetting/eval_phase/test_stream/Task000/Exp001": 0.7605, "Top1_Acc_Exp/eval_phase/test_stream/Task000/Exp000": 0.0, "ExperienceForgetting/eval_phase/test_stream/Task000/Exp000": 0.8705, "Top1_Acc_Exp/eval_phase/test_stream/Task000/Exp003": 0.8755}], [{"Top1_Acc_MB/train_phase/train_stream/Task000": 0.6875, "Top1_RunningAcc_Epoch/train_phase/train_stream/Task000": 0.7388, "Top1_Acc_Epoch/train_phase/train_stream/Task000": 0.7388, "Top1_Acc_Exp/eval_phase/test_stream/Task000/Exp002": 0.7735, "Top1_Acc_Stream/eval_phase/test_stream/Task000": 0.7735, "StreamForgetting/eval_phase/test_stream": 0.0}, {"Top1_Acc_MB/train_phase/train_stream/Task000": 0.9375, "Top1_RunningAcc_Epoch/train_phase/train_stream/Task000": 0.8084, "Top1_Acc_Epoch/train_phase/train_stream/Task000": 0.8084, "Top1_Acc_Exp/eval_phase/test_stream/Task000/Exp002": 0.0, "Top1_Acc_Stream/eval_phase/test_stream/Task000": 0.42025, "StreamForgetting/eval_phase/test_stream": 0.7735, "ExperienceForgetting/eval_phase/test_stream/Task000/Exp002": 0.7735, "Top1_Acc_Exp/eval_phase/test_stream/Task000/Exp004": 0.8405}, {"Top1_Acc_MB/train_phase/train_stream/Task000": 0.625, "Top1_RunningAcc_Epoch/train_phase/train_stream/Task000": 0.7016, "Top1_Acc_Epoch/train_phase/train_stream/Task000": 0.7016, "Top1_Acc_Exp/eval_phase/test_stream/Task000/Exp002": 0.0, "Top1_Acc_Stream/eval_phase/test_stream/Task000": 0.25466666666666665, "StreamForgetting/eval_phase/test_stream": 0.8069999999999999, "ExperienceForgetting/eval_phase/test_stream/Task000/Exp002": 0.7735, "Top1_Acc_Exp/eval_phase/test_stream/Task000/Exp004": 0.0, "ExperienceForgetting/eval_phase/test_stream/Task000/Exp004": 0.8405, "Top1_Acc_Exp/eval_phase/test_stream/Task000/Exp001": 0.764}, {"Top1_Acc_MB/train_phase/train_stream/Task000": 0.8125, "Top1_RunningAcc_Epoch/train_phase/train_stream/Task000": 0.8204, "Top1_Acc_Epoch/train_phase/train_stream/Task000": 0.8204, "Top1_Acc_Exp/eval_phase/test_stream/Task000/Exp002": 0.0, "Top1_Acc_Stream/eval_phase/test_stream/Task000": 0.2215, "StreamForgetting/eval_phase/test_stream": 0.7926666666666667, "ExperienceForgetting/eval_phase/test_stream/Task000/Exp002": 0.7735, "Top1_Acc_Exp/eval_phase/test_stream/Task000/Exp004": 0.0, "ExperienceForgetting/eval_phase/test_stream/Task000/Exp004": 0.8405, "Top1_Acc_Exp/eval_phase/test_stream/Task000/Exp001": 0.0, "ExperienceForgetting/eval_phase/test_stream/Task000/Exp001": 0.764, "Top1_Acc_Exp/eval_phase/test_stream/Task000/Exp000": 0.886}, {"Top1_Acc_MB/train_phase/train_stream/Task000": 0.8125, "Top1_RunningAcc_Epoch/train_phase/train_stream/Task000": 0.8059, "Top1_Acc_Epoch/train_phase/train_stream/Task000": 0.8059, "Top1_Acc_Exp/eval_phase/test_stream/Task000/Exp002": 0.0, "Top1_Acc_Stream/eval_phase/test_stream/Task000": 0.1784, "StreamForgetting/eval_phase/test_stream": 0.8160000000000001, "ExperienceForgetting/eval_phase/test_stream/Task000/Exp002": 0.7735, "Top1_Acc_Exp/eval_phase/test_stream/Task000/Exp004": 0.0, "ExperienceForgetting/eval_phase/test_stream/Task000/Exp004": 0.8405, "Top1_Acc_Exp/eval_phase/test_stream/Task000/Exp001": 0.0, "ExperienceForgetting/eval_phase/test_stream/Task000/Exp001": 0.764, "Top1_Acc_Exp/eval_phase/test_stream/Task000/Exp000": 0.0, "ExperienceForgetting/eval_phase/test_stream/Task000/Exp000": 0.886, "Top1_Acc_Exp/eval_phase/test_stream/Task000/Exp003": 0.892}], [{"Top1_Acc_MB/train_phase/train_stream/Task000": 0.9375, "Top1_RunningAcc_Epoch/train_phase/train_stream/Task000": 0.7468, "Top1_Acc_Epoch/train_phase/train_stream/Task000": 0.7468, "Top1_Acc_Exp/eval_phase/test_stream/Task000/Exp002": 0.7925, "Top1_Acc_Stream/eval_phase/test_stream/Task000": 0.7925, "StreamForgetting/eval_phase/test_stream": 0.0}, {"Top1_Acc_MB/train_phase/train_stream/Task000": 0.9375, "Top1_RunningAcc_Epoch/train_phase/train_stream/Task000": 0.7946, "Top1_Acc_Epoch/train_phase/train_stream/Task000": 0.7946, "Top1_Acc_Exp/eval_phase/test_stream/Task000/Exp002": 0.0, "Top1_Acc_Stream/eval_phase/test_stream/Task000": 0.42775, "StreamForgetting/eval_phase/test_stream": 0.7925, "ExperienceForgetting/eval_phase/test_stream/Task000/Exp002": 0.7925, "Top1_Acc_Exp/eval_phase/test_stream/Task000/Exp004": 0.8555}, {"Top1_Acc_MB/train_phase/train_stream/Task000": 0.9375, "Top1_RunningAcc_Epoch/train_phase/train_stream/Task000": 0.6995, "Top1_Acc_Epoch/train_phase/train_stream/Task000": 0.6995, "Top1_Acc_Exp/eval_phase/test_stream/Task000/Exp002": 0.0, "Top1_Acc_Stream/eval_phase/test_stream/Task000": 0.25033333333333335, "StreamForgetting/eval_phase/test_stream": 0.8240000000000001, "ExperienceForgetting/eval_phase/test_stream/Task000/Exp002": 0.7925,