{"accuracy": [[0.9978655282817502, 0.6352087114337568, 0.46885465505693236, 0.25043673571250313, 0.228], [0.9978655282817502, 0.6199118485869847, 0.42347622237106497, 0.259421013226853, 0.1979], [0.9978655282817502, 0.5662431941923775, 0.4722036168787676, 0.27826303968055904, 0.2041]], "forgetting": [[0.0, 0.7385272145144077, 0.8200893561117956, 0.996094695340849, 0.9561797384498092], [0.0, 0.7716115261472785, 0.8898190650411099, 0.9831422802524094, 0.9921890153921905], [0.0, 0.8799359658484525, 0.8154836386768858, 0.9587984813040421, 0.9854366247255625]], "ordering": [[2, 4, 0, 1, 3], [2, 4, 0, 1, 3], [2, 4, 0, 1, 3]], "complete results": [[{"Top1_Acc_MB/train_phase/train_stream/Task000": 1.0, "Top1_RunningAcc_Epoch/train_phase/train_stream/Task000": 0.9847287578797833, "Top1_Acc_Epoch/train_phase/train_stream/Task000": 0.9847287578797833, "Top1_Acc_Exp/eval_phase/test_stream/Task000/Exp002": 0.9978655282817502, "Top1_Acc_Stream/eval_phase/test_stream/Task000": 0.9978655282817502, "StreamForgetting/eval_phase/test_stream": 0.0}, {"Top1_Acc_MB/train_phase/train_stream/Task000": 1.0, "Top1_RunningAcc_Epoch/train_phase/train_stream/Task000": 0.9357627118644067, "Top1_Acc_Epoch/train_phase/train_stream/Task000": 0.9357627118644067, "Top1_Acc_Exp/eval_phase/test_stream/Task000/Exp002": 0.25933831376734257, "Top1_Acc_Stream/eval_phase/test_stream/Task000": 0.6352087114337568, "StreamForgetting/eval_phase/test_stream": 0.7385272145144077, "ExperienceForgetting/eval_phase/test_stream/Task000/Exp002": 0.7385272145144077, "Top1_Acc_Exp/eval_phase/test_stream/Task000/Exp004": 0.9904185577407968}, {"Top1_Acc_MB/train_phase/train_stream/Task000": 1.0, "Top1_RunningAcc_Epoch/train_phase/train_stream/Task000": 0.9721279115673115, "Top1_Acc_Epoch/train_phase/train_stream/Task000": 0.9721279115673115, "Top1_Acc_Exp/eval_phase/test_stream/Task000/Exp002": 0.04855923159018143, "Top1_Acc_Stream/eval_phase/test_stream/Task000": 0.46885465505693236, "StreamForgetting/eval_phase/test_stream": 0.8200893561117956, "ExperienceForgetting/eval_phase/test_stream/Task000/Exp002": 0.9493062966915689, "Top1_Acc_Exp/eval_phase/test_stream/Task000/Exp004": 0.29954614220877457, "ExperienceForgetting/eval_phase/test_stream/Task000/Exp004": 0.6908724155320223, "Top1_Acc_Exp/eval_phase/test_stream/Task000/Exp000": 1.0}, {"Top1_Acc_MB/train_phase/train_stream/Task000": 0.96, "Top1_RunningAcc_Epoch/train_phase/train_stream/Task000": 0.9313425428075109, "Top1_Acc_Epoch/train_phase/train_stream/Task000": 0.9313425428075109, "Top1_Acc_Exp/eval_phase/test_stream/Task000/Exp002": 0.0, "Top1_Acc_Stream/eval_phase/test_stream/Task000": 0.25043673571250313, "StreamForgetting/eval_phase/test_stream": 0.996094695340849, "ExperienceForgetting/eval_phase/test_stream/Task000/Exp002": 0.9978655282817502, "Top1_Acc_Exp/eval_phase/test_stream/Task000/Exp004": 0.0, "ExperienceForgetting/eval_phase/test_stream/Task000/Exp004": 0.9904185577407968, "Top1_Acc_Exp/eval_phase/test_stream/Task000/Exp000": 0.0, "ExperienceForgetting/eval_phase/test_stream/Task000/Exp000": 1.0, "Top1_Acc_Exp/eval_phase/test_stream/Task000/Exp001": 0.9828599412340843}, {"Top1_Acc_MB/train_phase/train_stream/Task000": 1.0, "Top1_RunningAcc_Epoch/train_phase/train_stream/Task000": 0.9434457851103998, "Top1_Acc_Epoch/train_phase/train_stream/Task000": 0.9434457851103998, "Top1_Acc_Exp/eval_phase/test_stream/Task000/Exp002": 0.0, "Top1_Acc_Stream/eval_phase/test_stream/Task000": 0.228, "StreamForgetting/eval_phase/test_stream": 0.9561797384498092, "ExperienceForgetting/eval_phase/test_stream/Task000/Exp002": 0.9978655282817502, "Top1_Acc_Exp/eval_phase/test_stream/Task000/Exp004": 0.0, "ExperienceForgetting/eval_phase/test_stream/Task000/Exp004": 0.9904185577407968, "Top1_Acc_Exp/eval_phase/test_stream/Task000/Exp000": 0.0, "ExperienceForgetting/eval_phase/test_stream/Task000/Exp000": 1.0, "Top1_Acc_Exp/eval_phase/test_stream/Task000/Exp001": 0.14642507345739472, "ExperienceForgetting/eval_phase/test_stream/Task000/Exp001": 0.8364348677766895, "Top1_Acc_Exp/eval_phase/test_stream/Task000/Exp003": 0.9974823766364552}], [{"Top1_Acc_MB/train_phase/train_stream/Task000": 1.0, "Top1_RunningAcc_Epoch/train_phase/train_stream/Task000": 0.9877474917872681, "Top1_Acc_Epoch/train_phase/train_stream/Task000": 0.9877474917872681, "Top1_Acc_Exp/eval_phase/test_stream/Task000/Exp002": 0.9978655282817502, "Top1_Acc_Stream/eval_phase/test_stream/Task000": 0.9978655282817502, "StreamForgetting/eval_phase/test_stream": 0.0}, {"Top1_Acc_MB/train_phase/train_stream/Task000": 1.0, "Top1_RunningAcc_Epoch/train_phase/train_stream/Task000": 0.9434745762711865, "Top1_Acc_Epoch/train_phase/train_stream/Task000": 0.9434745762711865, "Top1_Acc_Exp/eval_phase/test_stream/Task000/Exp002": 0.22625400213447172, "Top1_Acc_Stream/eval_phase/test_stream/Task000": 0.6199118485869847, "StreamForgetting/eval_phase/test_stream": 0.7716115261472785, "ExperienceForgetting/eval_phase/test_stream/Task000/Exp002": 0.7716115261472785, "Top1_Acc_Exp/eval_phase/test_stream/Task000/Exp004": 0.9919314170448815}, {"Top1_Acc_MB/train_phase/train_stream/Task000": 1.0, "Top1_RunningAcc_Epoch/train_phase/train_stream/Task000": 0.9738649822345046, "Top1_Acc_Epoch/train_phase/train_stream/Task000": 0.9738649822345046, "Top1_Acc_Exp/eval_phase/test_stream/Task000/Exp002": 0.016008537886873, "Top1_Acc_Stream/eval_phase/test_stream/Task000": 0.42347622237106497, "StreamForgetting/eval_phase/test_stream": 0.8898190650411099, "ExperienceForgetting/eval_phase/test_stream/Task000/Exp002": 0.9818569903948773, "Top1_Acc_Exp/eval_phase/test_stream/Task000/Exp004": 0.1941502773575391, "ExperienceForgetting/eval_phase/test_stream/Task000/Exp004": 0.7977811396873424, "Top1_Acc_Exp/eval_phase/test_stream/Task000/Exp000": 0.9995271867612293}, {"Top1_Acc_MB/train_phase/train_stream/Task000": 1.0, "Top1_RunningAcc_Epoch/train_phase/train_stream/Task000": 0.908429150467367, "Top1_Acc_Epoch/train_phase/train_stream/Task000": 0.908429150467367, "Top1_Acc_Exp/eval_phase/test_stream/Task000/Exp002": 0.0010672358591248667, "Top1_Acc_Stream/eval_phase/test_stream/Task000": 0.259421013226853, "StreamForgetting/eval_phase/test_stream": 0.9831422802524094, "ExperienceForgetting/eval_phase/test_stream/Task000/Exp002": 0.9967982924226254, "Top1_Acc_Exp/eval_phase/test_stream/Task000/Exp004": 0.038830055471507814, "ExperienceForgetting/eval_phase/test_stream/Task000/Exp004": 0.9531013615733737, "Top1_Acc_Exp/eval_phase/test_stream/Task000/Exp000": 0.0, "ExperienceForgetting/eval_phase/test_stream/Task000/Exp000": 0.9995271867612293, "Top1_Acc_Exp/eval_phase/test_stream/Task000/Exp001": 0.9794319294809011}, {"Top1_Acc_MB/train_phase/train_stream/Task000": 1.0, "Top1_RunningAcc_Epoch/train_phase/train_stream/Task000": 0.9710251990478536, "Top1_Acc_Epoch/train_phase/train_stream/Task000": 0.9710251990478536, "Top1_Acc_Exp/eval_phase/test_stream/Task000/Exp002": 0.0, "Top1_Acc_Stream/eval_phase/test_stream/Task000": 0.1979, "StreamForgetting/eval_phase/test_stream": 0.9921890153921905, "ExperienceForgetting/eval_phase/test_stream/Task000/Exp002": 0.9978655282817502, "Top1_Acc_Exp/eval_phase/test_stream/Task000/Exp004": 0.0, "ExperienceForgetting/eval_phase/test_stream/Task000/Exp004": 0.9919314170448815, "Top1_Acc_Exp/eval_phase/test_stream/Task000/Exp000": 0.0, "ExperienceForgetting/eval_phase/test_stream/Task000/Exp000": 0.9995271867612293, "Top1_Acc_Exp/eval_phase/test_stream/Task000/Exp001": 0.0, "ExperienceForgetting/eval_phase/test_stream/Task000/Exp001": 0.9794319294809011, "Top1_Acc_Exp/eval_phase/test_stream/Task000/Exp003": 0.9964753272910373}], [{"Top1_Acc_MB/train_phase/train_stream/Task000": 1.0, "Top1_RunningAcc_Epoch/train_phase/train_stream/Task000": 0.9865044837077155, "Top1_Acc_Epoch/train_phase/train_stream/Task000": 0.9865044837077155, "Top1_Acc_Exp/eval_phase/test_stream/Task000/Exp002": 0.9978655282817502, "Top1_Acc_Stream/eval_phase/test_stream/Task000": 0.9978655282817502,