{"accuracy": [[0.9995271867612293, 0.4692905490097769, 0.3345612860013396, 0.2518220658456899, 0.2279], [0.9978655282817502, 0.5089376915219612, 0.36212900016580996, 0.2451959071624657, 0.2546], [0.962178517397882, 0.5158613958028306, 0.3305425318151373, 0.26878612716763006, 0.1967]], "forgetting": [[0.0, 0.9995271867612293, 0.9893580437541472, 0.9915861628238147, 0.957454870283222], [0.0, 0.9786552828175026, 0.9609797768734902, 0.9852556193466805, 0.9150637518272065], [0.0, 0.962178517397882, 0.951604238867251, 0.956324503464906, 0.9876625484806418]], "ordering": [[0, 2, 4, 3, 1], [2, 1, 0, 4, 3], [4, 0, 2, 3, 1]], "complete results": [[{"Top1_Acc_MB/train_phase/train_stream/Task000": 1.0, "Top1_RunningAcc_Epoch/train_phase/train_stream/Task000": 0.98752467429925, "Top1_Acc_Epoch/train_phase/train_stream/Task000": 0.98752467429925, "Top1_Acc_Exp/eval_phase/test_stream/Task000/Exp000": 0.9995271867612293, "Top1_Acc_Stream/eval_phase/test_stream/Task000": 0.9995271867612293, "StreamForgetting/eval_phase/test_stream": 0.0}, {"Top1_Acc_MB/train_phase/train_stream/Task000": 1.0, "Top1_RunningAcc_Epoch/train_phase/train_stream/Task000": 0.9144988013850661, "Top1_Acc_Epoch/train_phase/train_stream/Task000": 0.9144988013850661, "Top1_Acc_Exp/eval_phase/test_stream/Task000/Exp000": 0.0, "Top1_Acc_Stream/eval_phase/test_stream/Task000": 0.4692905490097769, "StreamForgetting/eval_phase/test_stream": 0.9995271867612293, "ExperienceForgetting/eval_phase/test_stream/Task000/Exp000": 0.9995271867612293, "Top1_Acc_Exp/eval_phase/test_stream/Task000/Exp002": 0.9989327641408752}, {"Top1_Acc_MB/train_phase/train_stream/Task000": 0.9583333333333334, "Top1_RunningAcc_Epoch/train_phase/train_stream/Task000": 0.9099152542372881, "Top1_Acc_Epoch/train_phase/train_stream/Task000": 0.9099152542372881, "Top1_Acc_Exp/eval_phase/test_stream/Task000/Exp000": 0.0, "Top1_Acc_Stream/eval_phase/test_stream/Task000": 0.3345612860013396, "StreamForgetting/eval_phase/test_stream": 0.9893580437541472, "ExperienceForgetting/eval_phase/test_stream/Task000/Exp000": 0.9995271867612293, "Top1_Acc_Exp/eval_phase/test_stream/Task000/Exp002": 0.019743863393810034, "ExperienceForgetting/eval_phase/test_stream/Task000/Exp002": 0.9791889007470651, "Top1_Acc_Exp/eval_phase/test_stream/Task000/Exp004": 0.988905698436712}, {"Top1_Acc_MB/train_phase/train_stream/Task000": 1.0, "Top1_RunningAcc_Epoch/train_phase/train_stream/Task000": 0.9125831076089633, "Top1_Acc_Epoch/train_phase/train_stream/Task000": 0.9125831076089633, "Top1_Acc_Exp/eval_phase/test_stream/Task000/Exp000": 0.0, "Top1_Acc_Stream/eval_phase/test_stream/Task000": 0.2518220658456899, "StreamForgetting/eval_phase/test_stream": 0.9915861628238147, "ExperienceForgetting/eval_phase/test_stream/Task000/Exp000": 0.9995271867612293, "Top1_Acc_Exp/eval_phase/test_stream/Task000/Exp002": 0.0, "ExperienceForgetting/eval_phase/test_stream/Task000/Exp002": 0.9989327641408752, "Top1_Acc_Exp/eval_phase/test_stream/Task000/Exp004": 0.012607160867372668, "ExperienceForgetting/eval_phase/test_stream/Task000/Exp004": 0.9762985375693394, "Top1_Acc_Exp/eval_phase/test_stream/Task000/Exp003": 0.9964753272910373}, {"Top1_Acc_MB/train_phase/train_stream/Task000": 0.96, "Top1_RunningAcc_Epoch/train_phase/train_stream/Task000": 0.8737695425593515, "Top1_Acc_Epoch/train_phase/train_stream/Task000": 0.8737695425593515, "Top1_Acc_Exp/eval_phase/test_stream/Task000/Exp000": 0.0028368794326241137, "Top1_Acc_Stream/eval_phase/test_stream/Task000": 0.2279, "StreamForgetting/eval_phase/test_stream": 0.957454870283222, "ExperienceForgetting/eval_phase/test_stream/Task000/Exp000": 0.9966903073286052, "Top1_Acc_Exp/eval_phase/test_stream/Task000/Exp002": 0.0, "ExperienceForgetting/eval_phase/test_stream/Task000/Exp002": 0.9989327641408752, "Top1_Acc_Exp/eval_phase/test_stream/Task000/Exp004": 0.08421583459404942, "ExperienceForgetting/eval_phase/test_stream/Task000/Exp004": 0.9046898638426626, "Top1_Acc_Exp/eval_phase/test_stream/Task000/Exp003": 0.06696878147029205, "ExperienceForgetting/eval_phase/test_stream/Task000/Exp003": 0.9295065458207452, "Top1_Acc_Exp/eval_phase/test_stream/Task000/Exp001": 0.9662095984329089}], [{"Top1_Acc_MB/train_phase/train_stream/Task000": 1.0, "Top1_RunningAcc_Epoch/train_phase/train_stream/Task000": 0.9888129272840274, "Top1_Acc_Epoch/train_phase/train_stream/Task000": 0.9888129272840274, "Top1_Acc_Exp/eval_phase/test_stream/Task000/Exp002": 0.9978655282817502, "Top1_Acc_Stream/eval_phase/test_stream/Task000": 0.9978655282817502, "StreamForgetting/eval_phase/test_stream": 0.0}, {"Top1_Acc_MB/train_phase/train_stream/Task000": 1.0, "Top1_RunningAcc_Epoch/train_phase/train_stream/Task000": 0.9298535859045414, "Top1_Acc_Epoch/train_phase/train_stream/Task000": 0.9298535859045414, "Top1_Acc_Exp/eval_phase/test_stream/Task000/Exp002": 0.0192102454642476, "Top1_Acc_Stream/eval_phase/test_stream/Task000": 0.5089376915219612, "StreamForgetting/eval_phase/test_stream": 0.9786552828175026, "ExperienceForgetting/eval_phase/test_stream/Task000/Exp002": 0.9786552828175026, "Top1_Acc_Exp/eval_phase/test_stream/Task000/Exp001": 0.9583741429970617}, {"Top1_Acc_MB/train_phase/train_stream/Task000": 1.0, "Top1_RunningAcc_Epoch/train_phase/train_stream/Task000": 0.9662850375049349, "Top1_Acc_Epoch/train_phase/train_stream/Task000": 0.9662850375049349, "Top1_Acc_Exp/eval_phase/test_stream/Task000/Exp002": 0.0, "Top1_Acc_Stream/eval_phase/test_stream/Task000": 0.36212900016580996, "StreamForgetting/eval_phase/test_stream": 0.9609797768734902, "ExperienceForgetting/eval_phase/test_stream/Task000/Exp002": 0.9978655282817502, "Top1_Acc_Exp/eval_phase/test_stream/Task000/Exp001": 0.034280117531831536, "ExperienceForgetting/eval_phase/test_stream/Task000/Exp001": 0.9240940254652301, "Top1_Acc_Exp/eval_phase/test_stream/Task000/Exp000": 0.9995271867612293}, {"Top1_Acc_MB/train_phase/train_stream/Task000": 1.0, "Top1_RunningAcc_Epoch/train_phase/train_stream/Task000": 0.9320338983050848, "Top1_Acc_Epoch/train_phase/train_stream/Task000": 0.9320338983050848, "Top1_Acc_Exp/eval_phase/test_stream/Task000/Exp002": 0.0, "Top1_Acc_Stream/eval_phase/test_stream/Task000": 0.2451959071624657, "StreamForgetting/eval_phase/test_stream": 0.9852556193466805, "ExperienceForgetting/eval_phase/test_stream/Task000/Exp002": 0.9978655282817502, "Top1_Acc_Exp/eval_phase/test_stream/Task000/Exp001": 0.0, "ExperienceForgetting/eval_phase/test_stream/Task000/Exp001": 0.9583741429970617, "Top1_Acc_Exp/eval_phase/test_stream/Task000/Exp000": 0.0, "ExperienceForgetting/eval_phase/test_stream/Task000/Exp000": 0.9995271867612293, "Top1_Acc_Exp/eval_phase/test_stream/Task000/Exp004": 0.9909228441754917}, {"Top1_Acc_MB/train_phase/train_stream/Task000": 1.0, "Top1_RunningAcc_Epoch/train_phase/train_stream/Task000": 0.9480423540999754, "Top1_Acc_Epoch/train_phase/train_stream/Task000": 0.9480423540999754, "Top1_Acc_Exp/eval_phase/test_stream/Task000/Exp002": 0.0, "Top1_Acc_Stream/eval_phase/test_stream/Task000": 0.2546, "StreamForgetting/eval_phase/test_stream": 0.9150637518272065, "ExperienceForgetting/eval_phase/test_stream/Task000/Exp002": 0.9978655282817502, "Top1_Acc_Exp/eval_phase/test_stream/Task000/Exp001": 0.0, "ExperienceForgetting/eval_phase/test_stream/Task000/Exp001": 0.9583741429970617, "Top1_Acc_Exp/eval_phase/test_stream/Task000/Exp000": 0.0, "ExperienceForgetting/eval_phase/test_stream/Task000/Exp000": 0.9995271867612293, "Top1_Acc_Exp/eval_phase/test_stream/Task000/Exp004": 0.28643469490670703, "ExperienceForgetting/eval_phase/test_stream/Task000/Exp004": 0.7044881492687847, "Top1_Acc_Exp/eval_phase/test_stream/Task000/Exp003": 0.9959718026183283}], [{"Top1_Acc_MB/train_phase/train_stream/Task000": 1.0, "Top1_RunningAcc_Epoch/train_phase/train_stream/Task000": 0.9555084745762712, "Top1_Acc_Epoch/train_phase/train_stream/Task000": 0.9555084745762712, "Top1_Acc_Exp/eval_phase/test_stream/Task000/Exp004": 0.962178517397882,