{"accuracy": [[0.9878971255673222, 0.9515527950310559, 0.9576547231270358, 0.9431454590204282, 0.8953], [0.9959718026183283, 0.9715293524817334, 0.9671268902038133, 0.9504900728826339, 0.8986], [0.9978655282817502, 0.964998703655691, 0.9728734092431346, 0.960668509675798, 0.9043]], "forgetting": [[0.0, 0.036812909732728216, 0.03121476230624365, 0.04588111333252254, 0.10199792261916021], [0.0, 0.020644511581067504, 0.02794485757336146, 0.046787670054944365, 0.10560608456713577], [0.0, 0.02614727854855925, 0.01608186662404182, 0.03195260221277837, 0.09885902364015123]], "ordering": [[4, 1, 0, 3, 2], [3, 4, 0, 2, 1], [2, 4, 0, 3, 1]], "complete results": [[{"Top1_Acc_MB/train_phase/train_stream/Task000": 0.9583333333333334, "Top1_RunningAcc_Epoch/train_phase/train_stream/Task000": 0.957457627118644, "Top1_Acc_Epoch/train_phase/train_stream/Task000": 0.957457627118644, "Top1_Acc_Exp/eval_phase/test_stream/Task000/Exp004": 0.9878971255673222, "Top1_Acc_Stream/eval_phase/test_stream/Task000": 0.9878971255673222, "StreamForgetting/eval_phase/test_stream": 0.0}, {"Top1_Acc_MB/train_phase/train_stream/Task000": 0.9473684210526315, "Top1_RunningAcc_Epoch/train_phase/train_stream/Task000": 0.8263450524643619, "Top1_Acc_Epoch/train_phase/train_stream/Task000": 0.8263450524643619, "Top1_Acc_Exp/eval_phase/test_stream/Task000/Exp004": 0.951084215834594, "Top1_Acc_Stream/eval_phase/test_stream/Task000": 0.9515527950310559, "StreamForgetting/eval_phase/test_stream": 0.036812909732728216, "ExperienceForgetting/eval_phase/test_stream/Task000/Exp004": 0.036812909732728216, "Top1_Acc_Exp/eval_phase/test_stream/Task000/Exp001": 0.9520078354554359}, {"Top1_Acc_MB/train_phase/train_stream/Task000": 0.9473684210526315, "Top1_RunningAcc_Epoch/train_phase/train_stream/Task000": 0.9073016886901673, "Top1_Acc_Epoch/train_phase/train_stream/Task000": 0.9073016886901673, "Top1_Acc_Exp/eval_phase/test_stream/Task000/Exp004": 0.9288956127080181, "Top1_Acc_Stream/eval_phase/test_stream/Task000": 0.9576547231270358, "StreamForgetting/eval_phase/test_stream": 0.03121476230624365, "ExperienceForgetting/eval_phase/test_stream/Task000/Exp004": 0.059001512859304106, "Top1_Acc_Exp/eval_phase/test_stream/Task000/Exp001": 0.9485798237022527, "ExperienceForgetting/eval_phase/test_stream/Task000/Exp001": 0.003428011753183191, "Top1_Acc_Exp/eval_phase/test_stream/Task000/Exp000": 0.9933806146572104}, {"Top1_Acc_MB/train_phase/train_stream/Task000": 0.9636363636363636, "Top1_RunningAcc_Epoch/train_phase/train_stream/Task000": 0.865538550868898, "Top1_Acc_Epoch/train_phase/train_stream/Task000": 0.865538550868898, "Top1_Acc_Exp/eval_phase/test_stream/Task000/Exp004": 0.8850226928895613, "Top1_Acc_Stream/eval_phase/test_stream/Task000": 0.9431454590204282, "StreamForgetting/eval_phase/test_stream": 0.04588111333252254, "ExperienceForgetting/eval_phase/test_stream/Task000/Exp004": 0.10287443267776097, "Top1_Acc_Exp/eval_phase/test_stream/Task000/Exp001": 0.944662095984329, "ExperienceForgetting/eval_phase/test_stream/Task000/Exp001": 0.007345739471106838, "Top1_Acc_Exp/eval_phase/test_stream/Task000/Exp000": 0.9659574468085106, "ExperienceForgetting/eval_phase/test_stream/Task000/Exp000": 0.027423167848699803, "Top1_Acc_Exp/eval_phase/test_stream/Task000/Exp003": 0.9753272910372608}, {"Top1_Acc_MB/train_phase/train_stream/Task000": 0.9743589743589743, "Top1_RunningAcc_Epoch/train_phase/train_stream/Task000": 0.7896060728563087, "Top1_Acc_Epoch/train_phase/train_stream/Task000": 0.7896060728563087, "Top1_Acc_Exp/eval_phase/test_stream/Task000/Exp004": 0.8643469490670701, "Top1_Acc_Stream/eval_phase/test_stream/Task000": 0.8953, "StreamForgetting/eval_phase/test_stream": 0.10199792261916021, "ExperienceForgetting/eval_phase/test_stream/Task000/Exp004": 0.12355017650025213, "Top1_Acc_Exp/eval_phase/test_stream/Task000/Exp001": 0.7747306562193927, "ExperienceForgetting/eval_phase/test_stream/Task000/Exp001": 0.17727717923604314, "Top1_Acc_Exp/eval_phase/test_stream/Task000/Exp000": 0.9687943262411347, "ExperienceForgetting/eval_phase/test_stream/Task000/Exp000": 0.024586288416075686, "Top1_Acc_Exp/eval_phase/test_stream/Task000/Exp003": 0.8927492447129909, "ExperienceForgetting/eval_phase/test_stream/Task000/Exp003": 0.0825780463242699, "Top1_Acc_Exp/eval_phase/test_stream/Task000/Exp002": 0.9791889007470651}], [{"Top1_Acc_MB/train_phase/train_stream/Task000": 1.0, "Top1_RunningAcc_Epoch/train_phase/train_stream/Task000": 0.9888369038824592, "Top1_Acc_Epoch/train_phase/train_stream/Task000": 0.9888369038824592, "Top1_Acc_Exp/eval_phase/test_stream/Task000/Exp003": 0.9959718026183283, "Top1_Acc_Stream/eval_phase/test_stream/Task000": 0.9959718026183283, "StreamForgetting/eval_phase/test_stream": 0.0}, {"Top1_Acc_MB/train_phase/train_stream/Task000": 0.9642857142857143, "Top1_RunningAcc_Epoch/train_phase/train_stream/Task000": 0.8898646333104866, "Top1_Acc_Epoch/train_phase/train_stream/Task000": 0.8898646333104866, "Top1_Acc_Exp/eval_phase/test_stream/Task000/Exp003": 0.9753272910372608, "Top1_Acc_Stream/eval_phase/test_stream/Task000": 0.9715293524817334, "StreamForgetting/eval_phase/test_stream": 0.020644511581067504, "ExperienceForgetting/eval_phase/test_stream/Task000/Exp003": 0.020644511581067504, "Top1_Acc_Exp/eval_phase/test_stream/Task000/Exp004": 0.967725668179526}, {"Top1_Acc_MB/train_phase/train_stream/Task000": 0.9824561403508771, "Top1_RunningAcc_Epoch/train_phase/train_stream/Task000": 0.9192382929458262, "Top1_Acc_Epoch/train_phase/train_stream/Task000": 0.9192382929458262, "Top1_Acc_Exp/eval_phase/test_stream/Task000/Exp003": 0.9390735146022156, "Top1_Acc_Stream/eval_phase/test_stream/Task000": 0.9671268902038133, "StreamForgetting/eval_phase/test_stream": 0.02794485757336146, "ExperienceForgetting/eval_phase/test_stream/Task000/Exp003": 0.05689828801611274, "Top1_Acc_Exp/eval_phase/test_stream/Task000/Exp004": 0.9687342410489158, "ExperienceForgetting/eval_phase/test_stream/Task000/Exp004": -0.0010085728693898233, "Top1_Acc_Exp/eval_phase/test_stream/Task000/Exp000": 0.9919621749408983}, {"Top1_Acc_MB/train_phase/train_stream/Task000": 1.0, "Top1_RunningAcc_Epoch/train_phase/train_stream/Task000": 0.876296995014149, "Top1_Acc_Epoch/train_phase/train_stream/Task000": 0.876296995014149, "Top1_Acc_Exp/eval_phase/test_stream/Task000/Exp003": 0.8997985901309165, "Top1_Acc_Stream/eval_phase/test_stream/Task000": 0.9504900728826339, "StreamForgetting/eval_phase/test_stream": 0.046787670054944365, "ExperienceForgetting/eval_phase/test_stream/Task000/Exp003": 0.09617321248741184, "Top1_Acc_Exp/eval_phase/test_stream/Task000/Exp004": 0.9415027735753908, "ExperienceForgetting/eval_phase/test_stream/Task000/Exp004": 0.026222894604135183, "Top1_Acc_Exp/eval_phase/test_stream/Task000/Exp000": 0.9739952718676123, "ExperienceForgetting/eval_phase/test_stream/Task000/Exp000": 0.017966903073286078, "Top1_Acc_Exp/eval_phase/test_stream/Task000/Exp002": 0.9871931696905016}, {"Top1_Acc_MB/train_phase/train_stream/Task000": 0.8947368421052632, "Top1_RunningAcc_Epoch/train_phase/train_stream/Task000": 0.7906023995652356, "Top1_Acc_Epoch/train_phase/train_stream/Task000": 0.7906023995652356, "Top1_Acc_Exp/eval_phase/test_stream/Task000/Exp003": 0.8937562940584088, "Top1_Acc_Stream/eval_phase/test_stream/Task000": 0.8986, "StreamForgetting/eval_phase/test_stream": 0.10560608456713577, "ExperienceForgetting/eval_phase/test_stream/Task000/Exp003": 0.10221550855991945, "Top1_Acc_Exp/eval_phase/test_stream/Task000/Exp004": 0.9142713061018659, "ExperienceForgetting/eval_phase/test_stream/Task000/Exp004": 0.05345436207766008, "Top1_Acc_Exp/eval_phase/test_stream/Task000/Exp000": 0.9749408983451536, "ExperienceForgetting/eval_phase/test_stream/Task000/Exp000": 0.017021276595744705, "Top1_Acc_Exp/eval_phase/test_stream/Task000/Exp002": 0.7374599786552828, "ExperienceForgetting/eval_phase/test_stream/Task000/Exp002": 0.24973319103521885,