{"accuracy": [[0.9978655282817502, 0.5132124352331606, 0.35397489539748955, 0.24604171902488062, 0.203], [0.9983991462113126, 0.50427793621986, 0.3376690056477837, 0.2656446343302337, 0.2027], [0.9985815602836879, 0.4782820888238165, 0.3129604822505023, 0.24931370102320938, 0.198]], "forgetting": [[0.0, 0.9978655282817502, 0.9976739524591027, 0.9984493016394018, 0.9903901784484117], [0.0, 0.9983991462113126, 0.9893659876291057, 0.9907289720916603, 0.9899734430167357], [0.0, 0.9985815602836879, 0.9934914861428525, 0.9947716275459643, 0.9906918450473283]], "ordering": [[2, 3, 0, 4, 1], [2, 4, 3, 0, 1], [0, 4, 2, 1, 3]], "complete results": [[{"Top1_Acc_MB/train_phase/train_stream/Task000": 1.0, "Top1_RunningAcc_Epoch/train_phase/train_stream/Task000": 0.9801118707271598, "Top1_Acc_Epoch/train_phase/train_stream/Task000": 0.9801118707271598, "Top1_Acc_Exp/eval_phase/test_stream/Task000/Exp002": 0.9978655282817502, "Top1_Acc_Stream/eval_phase/test_stream/Task000": 0.9978655282817502, "StreamForgetting/eval_phase/test_stream": 0.0}, {"Top1_Acc_MB/train_phase/train_stream/Task000": 1.0, "Top1_RunningAcc_Epoch/train_phase/train_stream/Task000": 0.9706147911023557, "Top1_Acc_Epoch/train_phase/train_stream/Task000": 0.9706147911023557, "Top1_Acc_Exp/eval_phase/test_stream/Task000/Exp002": 0.0, "Top1_Acc_Stream/eval_phase/test_stream/Task000": 0.5132124352331606, "StreamForgetting/eval_phase/test_stream": 0.9978655282817502, "ExperienceForgetting/eval_phase/test_stream/Task000/Exp002": 0.9978655282817502, "Top1_Acc_Exp/eval_phase/test_stream/Task000/Exp003": 0.9974823766364552}, {"Top1_Acc_MB/train_phase/train_stream/Task000": 1.0, "Top1_RunningAcc_Epoch/train_phase/train_stream/Task000": 0.9399131464666404, "Top1_Acc_Epoch/train_phase/train_stream/Task000": 0.9399131464666404, "Top1_Acc_Exp/eval_phase/test_stream/Task000/Exp002": 0.0, "Top1_Acc_Stream/eval_phase/test_stream/Task000": 0.35397489539748955, "StreamForgetting/eval_phase/test_stream": 0.9976739524591027, "ExperienceForgetting/eval_phase/test_stream/Task000/Exp002": 0.9978655282817502, "Top1_Acc_Exp/eval_phase/test_stream/Task000/Exp003": 0.0, "ExperienceForgetting/eval_phase/test_stream/Task000/Exp003": 0.9974823766364552, "Top1_Acc_Exp/eval_phase/test_stream/Task000/Exp000": 1.0}, {"Top1_Acc_MB/train_phase/train_stream/Task000": 1.0, "Top1_RunningAcc_Epoch/train_phase/train_stream/Task000": 0.9322881355932203, "Top1_Acc_Epoch/train_phase/train_stream/Task000": 0.9322881355932203, "Top1_Acc_Exp/eval_phase/test_stream/Task000/Exp002": 0.0, "Top1_Acc_Stream/eval_phase/test_stream/Task000": 0.24604171902488062, "StreamForgetting/eval_phase/test_stream": 0.9984493016394018, "ExperienceForgetting/eval_phase/test_stream/Task000/Exp002": 0.9978655282817502, "Top1_Acc_Exp/eval_phase/test_stream/Task000/Exp003": 0.0, "ExperienceForgetting/eval_phase/test_stream/Task000/Exp003": 0.9974823766364552, "Top1_Acc_Exp/eval_phase/test_stream/Task000/Exp000": 0.0, "ExperienceForgetting/eval_phase/test_stream/Task000/Exp000": 1.0, "Top1_Acc_Exp/eval_phase/test_stream/Task000/Exp004": 0.9873928391326273}, {"Top1_Acc_MB/train_phase/train_stream/Task000": 0.92, "Top1_RunningAcc_Epoch/train_phase/train_stream/Task000": 0.8998262883613202, "Top1_Acc_Epoch/train_phase/train_stream/Task000": 0.8998262883613202, "Top1_Acc_Exp/eval_phase/test_stream/Task000/Exp002": 0.0, "Top1_Acc_Stream/eval_phase/test_stream/Task000": 0.203, "StreamForgetting/eval_phase/test_stream": 0.9903901784484117, "ExperienceForgetting/eval_phase/test_stream/Task000/Exp002": 0.9978655282817502, "Top1_Acc_Exp/eval_phase/test_stream/Task000/Exp003": 0.0, "ExperienceForgetting/eval_phase/test_stream/Task000/Exp003": 0.9974823766364552, "Top1_Acc_Exp/eval_phase/test_stream/Task000/Exp000": 0.0, "ExperienceForgetting/eval_phase/test_stream/Task000/Exp000": 1.0, "Top1_Acc_Exp/eval_phase/test_stream/Task000/Exp004": 0.02118003025718608, "ExperienceForgetting/eval_phase/test_stream/Task000/Exp004": 0.9662128088754413, "Top1_Acc_Exp/eval_phase/test_stream/Task000/Exp001": 0.9735553379040157}], [{"Top1_Acc_MB/train_phase/train_stream/Task000": 1.0, "Top1_RunningAcc_Epoch/train_phase/train_stream/Task000": 0.9844623990055935, "Top1_Acc_Epoch/train_phase/train_stream/Task000": 0.9844623990055935, "Top1_Acc_Exp/eval_phase/test_stream/Task000/Exp002": 0.9983991462113126, "Top1_Acc_Stream/eval_phase/test_stream/Task000": 0.9983991462113126, "StreamForgetting/eval_phase/test_stream": 0.0}, {"Top1_Acc_MB/train_phase/train_stream/Task000": 0.9583333333333334, "Top1_RunningAcc_Epoch/train_phase/train_stream/Task000": 0.9308474576271186, "Top1_Acc_Epoch/train_phase/train_stream/Task000": 0.9308474576271186, "Top1_Acc_Exp/eval_phase/test_stream/Task000/Exp002": 0.0, "Top1_Acc_Stream/eval_phase/test_stream/Task000": 0.50427793621986, "StreamForgetting/eval_phase/test_stream": 0.9983991462113126, "ExperienceForgetting/eval_phase/test_stream/Task000/Exp002": 0.9983991462113126, "Top1_Acc_Exp/eval_phase/test_stream/Task000/Exp004": 0.9808371154815936}, {"Top1_Acc_MB/train_phase/train_stream/Task000": 1.0, "Top1_RunningAcc_Epoch/train_phase/train_stream/Task000": 0.955675941886235, "Top1_Acc_Epoch/train_phase/train_stream/Task000": 0.955675941886235, "Top1_Acc_Exp/eval_phase/test_stream/Task000/Exp002": 0.0, "Top1_Acc_Stream/eval_phase/test_stream/Task000": 0.3376690056477837, "StreamForgetting/eval_phase/test_stream": 0.9893659876291057, "ExperienceForgetting/eval_phase/test_stream/Task000/Exp002": 0.9983991462113126, "Top1_Acc_Exp/eval_phase/test_stream/Task000/Exp004": 0.0005042864346949068, "ExperienceForgetting/eval_phase/test_stream/Task000/Exp004": 0.9803328290468987, "Top1_Acc_Exp/eval_phase/test_stream/Task000/Exp003": 0.9929506545820745}, {"Top1_Acc_MB/train_phase/train_stream/Task000": 0.96, "Top1_RunningAcc_Epoch/train_phase/train_stream/Task000": 0.9580734307145677, "Top1_Acc_Epoch/train_phase/train_stream/Task000": 0.9580734307145677, "Top1_Acc_Exp/eval_phase/test_stream/Task000/Exp002": 0.0, "Top1_Acc_Stream/eval_phase/test_stream/Task000": 0.2656446343302337, "StreamForgetting/eval_phase/test_stream": 0.9907289720916603, "ExperienceForgetting/eval_phase/test_stream/Task000/Exp002": 0.9983991462113126, "Top1_Acc_Exp/eval_phase/test_stream/Task000/Exp004": 0.0, "ExperienceForgetting/eval_phase/test_stream/Task000/Exp004": 0.9808371154815936, "Top1_Acc_Exp/eval_phase/test_stream/Task000/Exp003": 0.0, "ExperienceForgetting/eval_phase/test_stream/Task000/Exp003": 0.9929506545820745, "Top1_Acc_Exp/eval_phase/test_stream/Task000/Exp000": 0.9995271867612293}, {"Top1_Acc_MB/train_phase/train_stream/Task000": 0.96, "Top1_RunningAcc_Epoch/train_phase/train_stream/Task000": 0.9007362064686906, "Top1_Acc_Epoch/train_phase/train_stream/Task000": 0.9007362064686906, "Top1_Acc_Exp/eval_phase/test_stream/Task000/Exp002": 0.0, "Top1_Acc_Stream/eval_phase/test_stream/Task000": 0.2027, "StreamForgetting/eval_phase/test_stream": 0.9899734430167357, "ExperienceForgetting/eval_phase/test_stream/Task000/Exp002": 0.9983991462113126, "Top1_Acc_Exp/eval_phase/test_stream/Task000/Exp004": 0.0, "ExperienceForgetting/eval_phase/test_stream/Task000/Exp004": 0.9808371154815936, "Top1_Acc_Exp/eval_phase/test_stream/Task000/Exp003": 0.0, "ExperienceForgetting/eval_phase/test_stream/Task000/Exp003": 0.9929506545820745, "Top1_Acc_Exp/eval_phase/test_stream/Task000/Exp000": 0.01182033096926714, "ExperienceForgetting/eval_phase/test_stream/Task000/Exp000": 0.9877068557919622, "Top1_Acc_Exp/eval_phase/test_stream/Task000/Exp001": 0.980411361410382}], [{"Top1_Acc_MB/train_phase/train_stream/Task000": 1.0, "Top1_RunningAcc_Epoch/train_phase/train_stream/Task000": 0.9899723647848401, "Top1_Acc_Epoch/train_phase/train_stream/Task000": 0.9899723647848401, "Top1_Acc_Exp/eval_phase/test_stream/Task000/Exp000": 0.9985815602836879, "Top1_Acc_Stream/eval_phase/test_stream/Task000": 0.9985815602836879, "StreamForgetting/eval_phase/test_stream": 0.0}, {"Top1_Acc_MB/train_phase/train_stream/Task000": 1.0,